Country,Region,Energy_Type,Year,Unit,Energy_Production,Energy_Consumption,Energy_Imports,Energy_Exports,Renewable_Percentage,CO2_Emissions_Million_Tons,GDP_Billion_USD,Population_Millions,Energy_Intensity,Annual_Growth_Rate_%
Australia,Europe,Coal,2015,Terawatt-hours (TWh),12839,14136,7091,6728,64.9,3631.39,11425.21,653.22,366.12,3.03
Australia,South America,Solar,2018,Terawatt-hours (TWh),18931,44397,13611,11408,24.21,3778.04,14407.54,1045.54,109.23,-1.36
Australia,South America,Oil,2018,Terawatt-hours (TWh),46285,47751,3864,19549,19.39,4598.34,9886.46,503.12,358.28,-0.21
Australia,Africa,Nuclear,2017,Terawatt-hours (TWh),49231,35786,1401,7719,8.86,3146.42,14692,993.34,124.1,3.03
Australia,South America,Nuclear,2018,Terawatt-hours (TWh),30692,7442,11263,2690,38.15,3330.91,2603.66,325.84,143.97,9.53
Australia,South America,Oil,2021,Terawatt-hours (TWh),47849,13269,6968,14444,67.34,961.53,18341.66,1075.77,299.48,6.13
Australia,South America,Solar,2021,Terawatt-hours (TWh),16582,48354,12061,19395,6.96,2103.93,6149.57,1408.83,131.19,4.05
Australia,Europe,Natural Gas,2018,Terawatt-hours (TWh),38290,20591,10695,148,5.71,2844.1,23006.45,567.82,77.04,5.74
Australia,Europe,Nuclear,2016,Terawatt-hours (TWh),30307,45862,7311,14559,53.02,4254.88,21062.32,1490.65,372.95,7.91
Australia,Africa,Solar,2015,Terawatt-hours (TWh),5649,19117,10117,16737,27.6,4767.12,9771.18,1429.02,71.14,-4.41
Australia,Africa,Wind,2021,Terawatt-hours (TWh),2912,13807,13257,15344,47.78,3824.74,9523.81,1101.5,96.44,-4.95
Australia,Asia,Nuclear,2022,Terawatt-hours (TWh),21448,25238,514,18316,28.7,243.61,14845.58,1036.53,342.23,4.04
Australia,Asia,Coal,2023,Terawatt-hours (TWh),45149,22093,5932,17583,49.83,2516.86,8704.21,156.29,162.3,6.3
Australia,Africa,Coal,2015,Terawatt-hours (TWh),9517,50381,11888,9710,45.45,1119.94,23529.37,668.48,217.65,6.67
Australia,Oceania,Solar,2024,Terawatt-hours (TWh),45649,43681,7146,1794,58.38,4389.3,7038.75,741.24,112.92,-4.7
Australia,Oceania,Natural Gas,2019,Terawatt-hours (TWh),14246,29131,12943,5076,51.97,4768.88,2439.81,875.4,105.39,-0.99
Australia,Africa,Oil,2016,Terawatt-hours (TWh),3430,48744,553,6369,27.16,1263.74,16251.72,837.65,50,8.05
Australia,North America,Nuclear,2018,Terawatt-hours (TWh),31255,37533,13817,11423,36.06,4904.25,13965.03,61.85,106.76,7.17
Australia,Oceania,Oil,2015,Terawatt-hours (TWh),20603,49159,14530,2320,54.83,2983.9,4491.31,257.4,130.8,7.21
Australia,Oceania,Natural Gas,2022,Terawatt-hours (TWh),9390,8999,7005,10136,34.51,934.09,11436.37,774.04,148.14,-3.24
Australia,South America,Solar,2020,Terawatt-hours (TWh),17874,26364,11878,17421,41.48,1361.18,945.14,101.67,153.93,2.1
Australia,North America,Hydro,2019,Terawatt-hours (TWh),33362,6074,2653,9796,46.37,224.19,1413.59,1154.87,373.5,7.83
Australia,South America,Oil,2024,Terawatt-hours (TWh),48440,43207,373,9657,15.96,2151.64,22082.8,230.75,61.09,1.22
Australia,Europe,Solar,2020,Terawatt-hours (TWh),11435,35189,4675,11417,23.02,3473.65,350.33,86.65,355.78,8.8
Australia,North America,Natural Gas,2023,Terawatt-hours (TWh),33469,28930,2884,10234,30.92,1389.08,10754.11,215.04,156.42,-3.86
Australia,South America,Solar,2022,Terawatt-hours (TWh),26795,41432,13036,13004,21.75,2139.13,10749.54,224.57,165.13,5.92
Australia,North America,Natural Gas,2023,Terawatt-hours (TWh),38631,34548,3045,8698,19.82,4067.41,20354.51,1329.69,312.55,8.72
Australia,Europe,Natural Gas,2018,Terawatt-hours (TWh),34309,9001,14769,2686,20.69,3487.73,3146.58,880.1,253.99,8.53
Australia,South America,Natural Gas,2021,Terawatt-hours (TWh),43140,51861,3198,17587,35.52,4214.09,22551.48,859.56,61.05,1.93
Australia,Europe,Natural Gas,2017,Terawatt-hours (TWh),28621,14374,3727,13578,64.95,1188.56,21826.51,641.52,75.21,2.84
Australia,Oceania,Natural Gas,2019,Terawatt-hours (TWh),48199,3488,11308,16953,61.07,1710.72,10195.31,693.04,255.58,2.79
Australia,Africa,Oil,2017,Terawatt-hours (TWh),18438,851,3832,15693,65.33,3389.65,6199.3,684.67,135.34,5.95
Australia,Europe,Hydro,2015,Terawatt-hours (TWh),27686,27127,7448,19531,32.48,933.38,7358.62,285.8,174.39,6.02
Australia,North America,Coal,2017,Terawatt-hours (TWh),10110,41198,3642,15380,23.19,3119.9,1985.42,1407.47,356.44,-1.79
Australia,North America,Natural Gas,2015,Terawatt-hours (TWh),34562,42249,8548,9127,60.68,324.45,4345.25,548.78,93.41,-1.81
Australia,South America,Hydro,2021,Terawatt-hours (TWh),11190,28343,10049,2367,23.65,4791.24,2413.74,741.46,370.53,9.4
Australia,South America,Oil,2018,Terawatt-hours (TWh),45445,51071,7087,9435,34.89,2262.27,10235.34,1279.13,374.77,1.12
Australia,Asia,Nuclear,2022,Terawatt-hours (TWh),5058,5779,14938,14891,47.24,1805.03,22403.74,1484.45,228.49,-0.98
Australia,North America,Nuclear,2021,Terawatt-hours (TWh),41530,49702,4595,16715,36.02,2229.38,20665.35,763.79,157.87,9.3
Australia,Africa,Oil,2017,Terawatt-hours (TWh),32117,35471,6010,16015,37.09,3244.49,8793.29,1300.35,374.58,5.05
Australia,South America,Oil,2021,Terawatt-hours (TWh),27354,46602,10890,7758,20.37,818.93,7701.31,61.12,209.02,8.93
Australia,Africa,Wind,2022,Terawatt-hours (TWh),7381,39271,5791,6070,42.49,4873.71,4603.34,737.43,219.08,2.27
Australia,Asia,Coal,2021,Terawatt-hours (TWh),40492,41395,11920,18870,29.49,1103.47,12151.71,1406.06,260.38,5.58
Australia,Asia,Solar,2021,Terawatt-hours (TWh),46265,21598,11558,4540,63.3,4098.83,9181.88,171.63,245.66,-2.81
Australia,Oceania,Solar,2023,Terawatt-hours (TWh),5444,50957,1360,12464,60.15,4026.14,7989.81,726.51,137.78,-1.62
Australia,North America,Oil,2022,Terawatt-hours (TWh),14512,3077,6098,19906,61.5,2232.34,4370.52,1351.39,303.96,-3.35
Australia,South America,Hydro,2015,Terawatt-hours (TWh),18416,37946,8814,4226,14.86,3416.01,4788.19,1142.1,137.74,0
Australia,South America,Natural Gas,2021,Terawatt-hours (TWh),45677,42903,11204,6805,63.08,3598.07,4151.51,494.45,237.35,-1.66
Australia,Europe,Solar,2018,Terawatt-hours (TWh),44879,10467,13460,12470,34.1,2489.71,13994.38,1481.7,308.66,4.01
Australia,South America,Natural Gas,2020,Terawatt-hours (TWh),47136,4078,2335,11118,45.6,2199.5,20108.03,1266.47,159.13,7.51
Australia,North America,Coal,2021,Terawatt-hours (TWh),49179,21503,13053,8268,15.46,3012.03,9272.85,1475.9,360.33,-3.65
Australia,North America,Nuclear,2015,Terawatt-hours (TWh),33734,1189,9097,12461,16.86,657.5,20454.42,282.68,315.3,0.01
Australia,Europe,Wind,2021,Terawatt-hours (TWh),33870,16586,12598,494,18.51,62.42,19231.52,822.14,343.1,-3.42
Australia,North America,Nuclear,2021,Terawatt-hours (TWh),18485,10216,5043,2881,63.17,1084.97,17307.4,809.78,80.9,0.87
Australia,Africa,Coal,2018,Terawatt-hours (TWh),18974,41363,3493,3177,7.4,920.75,1252.11,916.78,327.9,2.3
Australia,Africa,Solar,2019,Terawatt-hours (TWh),39638,46848,1852,17578,26.82,3170.43,24107.84,920.78,272.06,2.46
Australia,Africa,Oil,2023,Terawatt-hours (TWh),5636,45537,1994,15840,5.54,4515.42,20443,1070.72,252.65,8.58
Australia,Africa,Hydro,2024,Terawatt-hours (TWh),12991,26337,5048,2258,40.62,3950.05,17634.51,40.98,388.1,1.11
Australia,Oceania,Wind,2016,Terawatt-hours (TWh),45461,33524,12057,17477,15.51,581.59,19456.02,1334.37,96.02,-0.92
Australia,North America,Coal,2019,Terawatt-hours (TWh),25437,14171,2499,15661,36.15,3259.68,6523.88,1059.53,89.67,7.45
Australia,North America,Nuclear,2024,Terawatt-hours (TWh),49004,25378,4304,17496,29.94,2679.34,9149.38,79.71,51.2,-1.04
Australia,North America,Hydro,2020,Terawatt-hours (TWh),22999,46723,7964,14415,51.24,1914.97,17007.82,1062.44,333.48,4.69
Australia,North America,Wind,2016,Terawatt-hours (TWh),38367,12429,4433,9729,43.38,4803.99,3855.23,698.45,322.91,5.73
Australia,Europe,Coal,2021,Terawatt-hours (TWh),4710,8753,12184,5202,44.62,2667.03,21977.79,771.47,108.18,6.59
Australia,Europe,Natural Gas,2019,Terawatt-hours (TWh),1632,7113,3882,1069,33.01,1969.08,4455.38,15.54,206.69,4.43
Australia,South America,Nuclear,2016,Terawatt-hours (TWh),32286,13556,8433,5161,16.79,4655.54,4042.26,1329.77,256.71,-0.2
Australia,Asia,Hydro,2020,Terawatt-hours (TWh),40218,14584,3432,14643,25.59,4617.33,3869.78,1021.52,117.45,0.11
Australia,Asia,Nuclear,2023,Terawatt-hours (TWh),14858,15511,11187,15095,24.6,3148.02,5856.84,100.48,83.57,-2.78
Australia,North America,Solar,2019,Terawatt-hours (TWh),11844,35411,5901,8246,52.14,2187.54,15759.01,469.8,395.82,6.79
Australia,Europe,Coal,2021,Terawatt-hours (TWh),38300,37465,9487,13122,66.51,1624.44,22411.98,370.27,199.3,5.79
Australia,Europe,Hydro,2015,Terawatt-hours (TWh),11183,1791,2278,8752,16.21,462.85,20713.42,411.39,148.22,2.84
Australia,North America,Nuclear,2017,Terawatt-hours (TWh),12628,41621,12061,909,30.13,3006.64,7253.85,236.09,140.28,9.53
Australia,Europe,Solar,2018,Terawatt-hours (TWh),40694,41176,5705,9605,16.59,2981.05,8059.61,488.79,76.53,1.23
Australia,Oceania,Nuclear,2021,Terawatt-hours (TWh),18173,30661,7504,11058,59.61,876.1,884.15,425.58,173.71,7.33
Australia,Africa,Natural Gas,2023,Terawatt-hours (TWh),15042,46488,9726,1324,69.67,498.93,21930.63,136.59,294.35,1.43
Australia,Oceania,Solar,2018,Terawatt-hours (TWh),20508,30225,12747,15548,54.79,849.37,16490.11,1189.18,195.64,7.55
Australia,South America,Hydro,2019,Terawatt-hours (TWh),27946,18734,12246,13629,12.01,290.72,5969.97,1031.55,144.22,-4.14
Australia,Africa,Hydro,2015,Terawatt-hours (TWh),49788,1947,3033,5490,57.97,607.13,783.66,369.32,144.63,-0.33
Australia,North America,Wind,2015,Terawatt-hours (TWh),19489,45888,5067,5082,47.51,1158.35,8270.26,1477.61,227.09,8.06
Australia,South America,Coal,2024,Terawatt-hours (TWh),4653,45601,7643,6696,23.85,1371.5,14575.6,1065.92,397.47,3.63
Australia,Oceania,Coal,2015,Terawatt-hours (TWh),33661,46693,12673,4881,29.56,311.12,1836.92,1020.11,391.3,-1.17
Australia,Africa,Nuclear,2023,Terawatt-hours (TWh),49247,49397,5532,12242,20.33,2191.45,10580.58,608.37,238.99,1.68
Australia,Asia,Wind,2023,Terawatt-hours (TWh),1211,10487,12330,11840,57.65,1215.63,23916.23,981.28,150.38,-2.53
Australia,South America,Wind,2018,Terawatt-hours (TWh),28578,31298,9220,631,5.65,2657.31,15124.56,580.51,274.14,-0.26
Australia,Africa,Wind,2020,Terawatt-hours (TWh),12183,41947,14346,1129,13.54,1267.47,11828.33,840.11,146.5,5.9
Australia,Africa,Oil,2019,Terawatt-hours (TWh),48766,44177,14323,1828,55.89,1962.51,5744.75,311.32,92.82,-3.25
Australia,Africa,Coal,2019,Terawatt-hours (TWh),4590,26305,8555,4612,47.74,1663.1,1739.87,179.1,199.16,2.06
Australia,Europe,Natural Gas,2020,Terawatt-hours (TWh),15862,47545,11479,8396,64.67,4349.1,4381.8,407.91,100.98,6.73
Australia,Asia,Solar,2021,Terawatt-hours (TWh),1514,11933,13401,3498,49.69,3604.12,20239.89,1471.71,222.46,0.22
Australia,Oceania,Coal,2018,Terawatt-hours (TWh),19528,19219,4473,17272,14.84,3826.88,7637.71,190.02,332.47,3.69
Australia,Asia,Oil,2022,Terawatt-hours (TWh),42753,22461,11234,8202,57.99,4104.64,2309.37,953.96,229.07,6.54
Australia,Africa,Wind,2019,Terawatt-hours (TWh),47701,48495,1756,14177,41.1,1714.26,15282.79,198.66,213.74,-2.52
Australia,North America,Natural Gas,2023,Terawatt-hours (TWh),29140,45203,3120,6222,10.05,4559.4,18246.08,226.82,131.25,1.21
Australia,South America,Wind,2015,Terawatt-hours (TWh),5349,30775,11505,7399,25.69,3100.84,19650.84,431.66,248.8,-1.64
Australia,Europe,Coal,2021,Terawatt-hours (TWh),45617,41064,3268,10709,42.62,4171.65,14306.96,565.97,236.38,8.12
Australia,Africa,Oil,2015,Terawatt-hours (TWh),24935,7450,658,19881,60.16,1249.76,21038.09,1280.94,102.55,4.26
Australia,Oceania,Oil,2015,Terawatt-hours (TWh),16189,11814,10274,11248,46.87,2347.67,6365.6,1151.45,339.38,0.31
Australia,Oceania,Oil,2015,Terawatt-hours (TWh),2855,7404,6604,15973,52,1306.45,19785.14,1002.25,301.76,6.39
Australia,Asia,Nuclear,2018,Terawatt-hours (TWh),35830,34388,5753,19709,59.87,1495.06,5419.15,1062.84,218.49,7.81
Australia,Oceania,Solar,2023,Terawatt-hours (TWh),24789,40219,760,12126,8.22,1512.09,20446.11,57.24,117.97,-0.96
Australia,Oceania,Hydro,2024,Terawatt-hours (TWh),5184,5817,3741,5756,61.21,116.66,12490.62,1118.01,315.82,1.33
Australia,Africa,Hydro,2023,Terawatt-hours (TWh),42494,42470,8006,6934,64.58,4760.91,21986.32,1183.47,166.15,6.71
Australia,North America,Solar,2016,Terawatt-hours (TWh),15316,45549,8309,2275,25.46,4224.87,9676.61,1421.39,111.23,8.2
Australia,Europe,Hydro,2019,Terawatt-hours (TWh),22288,3535,6766,3970,56.42,4914.95,1083.53,652.51,83.97,7.15
Australia,Asia,Natural Gas,2024,Terawatt-hours (TWh),47398,14294,11370,8159,17.89,3231.79,9088.07,1427.2,151.26,8.41
Australia,Asia,Natural Gas,2019,Terawatt-hours (TWh),26782,30958,4430,6160,37.08,4876.15,13909.42,1499.76,141.62,-0.86
Australia,Asia,Hydro,2018,Terawatt-hours (TWh),40775,16090,5992,10007,37.95,1898.86,20468.78,1247.77,333.86,4.17
Australia,Oceania,Solar,2019,Terawatt-hours (TWh),36619,27398,4227,11759,61.5,4606.4,18827.57,355.15,215.29,6.52
Australia,Oceania,Solar,2024,Terawatt-hours (TWh),42263,24762,7307,19685,45.83,4725.25,3209.1,741.9,179.11,2.15
Australia,South America,Wind,2017,Terawatt-hours (TWh),37959,24204,1772,13439,66.95,3589.76,24274.47,1044.65,63.27,-3.15
Australia,Oceania,Coal,2020,Terawatt-hours (TWh),23576,28355,6725,15080,17.52,3192.5,6896.77,300.46,82.62,8.76
Australia,South America,Natural Gas,2015,Terawatt-hours (TWh),4515,5330,7895,12712,17.48,1497.06,12581.29,411.25,226.02,-2.91
Australia,Africa,Coal,2017,Terawatt-hours (TWh),9701,43297,3965,553,50.38,2324.05,14122.92,1347.74,54.2,3.29
Australia,South America,Hydro,2022,Terawatt-hours (TWh),29548,30243,13038,16651,46.57,2991.9,611.2,943.61,388.84,3.1
Australia,South America,Solar,2024,Terawatt-hours (TWh),42041,40151,10846,18873,14.86,4781.48,21888.2,1104.22,385.27,-4.46
Australia,Africa,Coal,2015,Terawatt-hours (TWh),21142,23993,13572,18403,51.11,962.88,17253.03,124.68,351.54,-1.77
Australia,Oceania,Natural Gas,2023,Terawatt-hours (TWh),34925,49379,13271,18668,61.24,3179.48,10668.29,1358.44,384.72,4.98
Australia,South America,Wind,2023,Terawatt-hours (TWh),31476,19469,13133,4771,51.87,2404.4,9053.32,1391.55,368.35,8.65
Australia,South America,Hydro,2024,Terawatt-hours (TWh),11731,16811,4646,12458,69.33,2911.46,15872.43,437.82,218.1,-0.85
Australia,Asia,Natural Gas,2022,Terawatt-hours (TWh),25761,21859,10250,10343,42.03,2947.25,7718.99,1255.02,121.37,7.08
Australia,Asia,Coal,2018,Terawatt-hours (TWh),43149,6124,567,6237,59.1,948.17,22641.53,939.96,323.33,9.92
Australia,Africa,Solar,2017,Terawatt-hours (TWh),21985,23136,135,9435,69.99,246.47,12053.64,1367.32,78.94,2.46
Australia,South America,Solar,2017,Terawatt-hours (TWh),23669,29012,6520,13414,20.2,1593.84,20945.98,915.91,398.8,9.05
Australia,Asia,Coal,2022,Terawatt-hours (TWh),40187,17964,7117,7275,7.81,4117.92,9324.19,1156.03,359.84,-1.56
Australia,North America,Nuclear,2024,Terawatt-hours (TWh),26707,42399,3423,3577,27.51,4246.38,24008.34,142.57,336.95,-3.75
Australia,Europe,Natural Gas,2017,Terawatt-hours (TWh),29730,11758,5435,1284,15.79,2338.48,7716.77,50.34,361.53,0.39
Australia,North America,Wind,2023,Terawatt-hours (TWh),25178,26903,11245,5353,9.84,1769.98,19009.18,189.91,108.53,-1.41
Australia,South America,Solar,2019,Terawatt-hours (TWh),43017,48305,1943,9369,52.65,1514.1,13701.56,1194.2,313.79,7.69
Australia,Africa,Nuclear,2021,Terawatt-hours (TWh),45177,34618,14374,15126,28.48,3252.56,10457.76,1250.74,288.36,-1.63
Australia,Oceania,Hydro,2020,Terawatt-hours (TWh),36187,4034,12654,6799,40.14,3731.51,13502.82,317.46,356.29,-1.09
Australia,Oceania,Natural Gas,2024,Terawatt-hours (TWh),16885,36240,9965,14509,58.88,4332.55,22316.87,1289.44,56.16,9.19
Australia,Asia,Wind,2015,Terawatt-hours (TWh),2213,36819,8573,10615,17.46,4539.22,14102.19,407.38,196.53,-3.35
Australia,North America,Wind,2017,Terawatt-hours (TWh),29369,13575,6058,10178,7.21,3020.42,21219.46,1064.78,325.5,3.39
Australia,South America,Wind,2019,Terawatt-hours (TWh),37043,51931,6630,17875,51.06,3275.88,24111.2,1222.93,311.67,2.43
Australia,North America,Hydro,2017,Terawatt-hours (TWh),25594,26868,2393,19318,11.91,1932.55,21842.15,371.5,255.28,2.12
Australia,Africa,Hydro,2016,Terawatt-hours (TWh),5215,6658,2050,17659,33.24,4290.22,9464.99,1088.32,243.61,1.19
Australia,Africa,Wind,2015,Terawatt-hours (TWh),36137,15854,9116,11214,18.33,1058.92,20916.19,1058.17,251.58,3.34
Australia,Asia,Wind,2020,Terawatt-hours (TWh),38958,1185,13260,15941,25.65,3978.85,9963.17,308.88,230.7,7.29
Australia,South America,Nuclear,2016,Terawatt-hours (TWh),33502,24492,11943,18506,26.68,2236.54,12559.33,334.72,57.7,-2.9
Australia,South America,Nuclear,2015,Terawatt-hours (TWh),37090,29835,2628,17293,50.79,1944.42,22593.85,1210,119.19,6.3
Australia,Africa,Nuclear,2015,Terawatt-hours (TWh),44890,1548,8729,5882,7.81,4861.09,8156.94,1355.18,282.47,-1.31
Australia,Africa,Oil,2022,Terawatt-hours (TWh),33059,20091,4411,12441,28.87,1097.58,162.29,199.9,285.15,-2.09
Australia,Oceania,Wind,2015,Terawatt-hours (TWh),32029,37500,14484,17409,52.7,1280.67,476.03,1337.63,372.48,-0.02
Australia,Oceania,Natural Gas,2017,Terawatt-hours (TWh),40713,34936,9173,12429,28.92,704.76,11316.17,1219.5,189.29,0.93
Australia,Africa,Oil,2015,Terawatt-hours (TWh),40789,30423,8682,11185,28.57,89.07,15984.1,808.57,80.33,1.55
Australia,Oceania,Oil,2017,Terawatt-hours (TWh),15723,8599,8950,11169,26.92,1058.08,8766.51,802.64,145.77,-4.77
Australia,Europe,Solar,2017,Terawatt-hours (TWh),42017,37614,6260,923,37.92,2167.98,9290.09,865.85,198.97,5.62
Australia,South America,Wind,2023,Terawatt-hours (TWh),5717,17099,3109,16466,20.76,2921.05,3589.75,1096.96,388.03,5.44
Australia,South America,Solar,2024,Terawatt-hours (TWh),43787,41830,12366,11282,8.02,2307.93,3810.33,1101.42,267.94,3.03
Australia,South America,Wind,2019,Terawatt-hours (TWh),26396,47758,9975,5243,64.41,4748.81,3665.3,1023.11,294.16,1.86
Australia,Africa,Coal,2016,Terawatt-hours (TWh),23971,38802,12513,19079,33.92,3211.05,3152.74,483.62,95.47,1.51
Australia,South America,Nuclear,2022,Terawatt-hours (TWh),19084,34955,3585,1011,37.62,4061.47,5150.37,416.33,256.94,3.98
Australia,South America,Oil,2023,Terawatt-hours (TWh),28833,33682,3160,15948,6.88,2164.81,15366.23,902.94,248.45,0.49
Australia,Asia,Coal,2022,Terawatt-hours (TWh),12771,25666,752,14828,64.56,4510.39,19359.58,1116.44,124.76,0.72
Australia,Africa,Coal,2020,Terawatt-hours (TWh),9415,11096,5341,11194,15.16,4464.24,16126.14,1104.81,184.55,8.26
Australia,Oceania,Oil,2019,Terawatt-hours (TWh),45379,613,1408,575,22.32,2340.5,11678.04,22.18,296.77,-0.03
Australia,Europe,Wind,2017,Terawatt-hours (TWh),19203,5421,8973,10444,10.64,3369.8,20869.54,199.66,196.93,-3.71
Australia,South America,Wind,2021,Terawatt-hours (TWh),9775,43350,12413,13242,36.4,3911.61,835.75,685.64,131.93,9.19
Australia,South America,Hydro,2022,Terawatt-hours (TWh),32919,43820,1526,19586,24.28,4820.07,21729.49,509.33,325.61,-4.2
Australia,Asia,Hydro,2022,Terawatt-hours (TWh),18330,17661,6457,16538,27.27,4471.08,10086.85,1499.64,237.2,-1
Australia,Asia,Natural Gas,2018,Terawatt-hours (TWh),24725,38028,10542,7263,45.88,844.58,5076.18,778.53,97.25,-4.17
Australia,North America,Coal,2021,Terawatt-hours (TWh),45730,9986,8439,16754,42.2,1422.81,7236.04,493.46,155.99,6.7
Australia,South America,Coal,2019,Terawatt-hours (TWh),31719,49704,14126,123,51.08,4059.58,11179.17,511.91,331.02,0.42
Australia,Europe,Coal,2019,Terawatt-hours (TWh),42998,43547,9688,4239,14.4,4408.27,1282.33,993.37,257.28,6.67
Australia,North America,Oil,2015,Terawatt-hours (TWh),9995,8536,14649,4932,19.11,3254.86,9242.91,965.51,111.17,3.37
Australia,Europe,Hydro,2018,Terawatt-hours (TWh),34493,15252,5916,5008,20.56,2799.74,20483.15,461.48,274.61,-4.27
Australia,Oceania,Coal,2016,Terawatt-hours (TWh),15487,50282,2510,8359,29.58,1232.83,10420.08,1051.06,105.61,2.15
Australia,Oceania,Solar,2016,Terawatt-hours (TWh),26151,32071,5379,12901,27.21,624.87,9547.55,269.98,234.43,7.49
Australia,Asia,Solar,2018,Terawatt-hours (TWh),14797,50561,7348,2215,34.14,1436.48,541.08,690.75,237.84,1.83
Australia,Oceania,Solar,2024,Terawatt-hours (TWh),27511,24560,8828,15870,20.26,4234.97,15208.57,961,315.49,1.51
Australia,Asia,Natural Gas,2021,Terawatt-hours (TWh),16586,48909,14989,17736,21.89,1571.62,4006.57,212.32,285.55,5.85
Australia,Oceania,Oil,2018,Terawatt-hours (TWh),25086,41700,7320,4171,32.54,4897.42,19231.73,524.8,271.42,3.11
Australia,Asia,Natural Gas,2021,Terawatt-hours (TWh),29580,28463,12978,16749,43.86,4726.83,7709.05,542.04,163.78,0.9
Australia,South America,Solar,2016,Terawatt-hours (TWh),18547,24700,5412,7191,49.94,1145.59,12284.99,866.47,308.9,1.72
Australia,Africa,Coal,2019,Terawatt-hours (TWh),17305,18870,14470,15772,27.26,993.24,23379.97,844.46,147.62,-1.23
Australia,Oceania,Natural Gas,2020,Terawatt-hours (TWh),33533,16641,11490,5913,32.12,3813.91,6476.92,1307.69,310.81,1.7
Australia,South America,Oil,2015,Terawatt-hours (TWh),1878,9278,13379,16975,12.67,3914.86,21999.63,661.28,114.86,0.76
Australia,North America,Wind,2022,Terawatt-hours (TWh),7003,10609,12649,9624,60.33,2789.76,14196.7,265.98,248.53,2.01
Australia,Europe,Coal,2024,Terawatt-hours (TWh),40425,28899,9475,13305,62.04,67.37,12592.34,274.91,377.55,3.96
Australia,North America,Natural Gas,2020,Terawatt-hours (TWh),34117,35702,1086,228,45.41,3014.67,16541.67,1440.33,317.34,6.46
Australia,Oceania,Solar,2016,Terawatt-hours (TWh),31506,25639,4341,5386,62.69,1923.08,3667.48,241.86,294.35,-2.12
Australia,South America,Solar,2018,Terawatt-hours (TWh),5137,41878,3128,17569,49.75,778.42,7407.01,665.36,296.37,7.98
Australia,North America,Nuclear,2021,Terawatt-hours (TWh),28704,20012,8937,17275,25.58,3132.67,3593.64,1376.63,253.05,-3.73
Australia,South America,Oil,2020,Terawatt-hours (TWh),27520,22325,7696,11079,15.01,4851.82,17506.76,147.49,258.52,-3.8
Australia,North America,Natural Gas,2022,Terawatt-hours (TWh),48430,51611,1366,19798,25.04,3559.45,12710.74,437.28,273.04,-4.6
Australia,Africa,Hydro,2015,Terawatt-hours (TWh),44290,25480,14591,1024,41.19,4238.79,4501.11,920.28,134.41,4.41
Australia,Europe,Solar,2021,Terawatt-hours (TWh),22490,5202,14214,11416,63.14,3626.9,17188.72,275.04,300.95,4.68
Australia,Europe,Coal,2019,Terawatt-hours (TWh),34729,22045,8747,19198,67.67,2923.9,8296.03,889.84,67.91,2.07
Australia,Africa,Natural Gas,2024,Terawatt-hours (TWh),15905,47815,3313,18372,32.7,4181.39,18094.93,342.16,58.79,9.64
Australia,Europe,Nuclear,2022,Terawatt-hours (TWh),24047,8512,11899,5665,24.28,4735.75,8992.52,939.96,207.74,8.97
Australia,Asia,Nuclear,2021,Terawatt-hours (TWh),33091,2303,10168,9938,42.01,4643.34,20514.18,515.51,68.97,2.93
Australia,North America,Oil,2017,Terawatt-hours (TWh),10471,29805,1761,5144,43.34,2719.31,2355.25,853.57,90.33,-2.56
Australia,Asia,Wind,2016,Terawatt-hours (TWh),43908,543,956,1688,30.24,2305.81,834.18,948.64,212.15,1.32
Australia,Asia,Hydro,2023,Terawatt-hours (TWh),6987,51808,8643,15320,68.95,1657.59,11330.72,1261.43,264.44,3.53
Australia,North America,Hydro,2018,Terawatt-hours (TWh),28694,43632,1619,16693,68.67,2433.25,539.15,1020.63,179.4,6.94
Australia,North America,Oil,2022,Terawatt-hours (TWh),11432,7606,10205,8669,64.31,479.45,17759.44,452.33,382,-2.42
Australia,Europe,Hydro,2016,Terawatt-hours (TWh),30365,19320,5209,2839,65.71,237.74,11760.84,813.78,374.8,1.59
Australia,Oceania,Nuclear,2018,Terawatt-hours (TWh),25894,29821,3176,13541,33.46,1164.23,17623.69,1360.65,54.64,7.14
Australia,Oceania,Oil,2016,Terawatt-hours (TWh),25434,40271,2153,3320,35.44,2713.17,9489.68,1316.65,83.55,4.6
Australia,Africa,Coal,2019,Terawatt-hours (TWh),48320,12344,2978,17924,59.7,1672.17,16376.89,1015.23,320.79,7.73
Australia,Africa,Hydro,2015,Terawatt-hours (TWh),33250,26761,1575,6040,41.11,1981.86,20797.18,689.16,322.66,-4.2
Australia,Asia,Nuclear,2015,Terawatt-hours (TWh),44218,8324,11563,19724,57.52,3353.18,14775.1,298.67,102.4,-3.88
Australia,Oceania,Solar,2021,Terawatt-hours (TWh),17360,15949,8803,2343,42.64,2133.75,20144.54,322.52,355.57,7.65
Australia,Asia,Natural Gas,2020,Terawatt-hours (TWh),49269,4758,6368,1344,14.21,683.56,5438.19,1178.01,232.2,6.38
Australia,North America,Nuclear,2023,Terawatt-hours (TWh),30870,41988,8524,1884,31.89,2786.7,5543.96,764.49,98.34,8.13
Australia,Europe,Nuclear,2016,Terawatt-hours (TWh),49883,30597,6309,14282,58.86,4635.93,769.24,688.04,380.4,9.64
Australia,Asia,Hydro,2016,Terawatt-hours (TWh),35565,21808,1991,13918,59.73,564.12,24573.41,746.32,181.67,-3.61
Australia,Asia,Solar,2024,Terawatt-hours (TWh),3279,20711,5390,15813,5.87,1261.92,22258.7,525.37,83.51,6.98
Australia,North America,Natural Gas,2021,Terawatt-hours (TWh),5835,51187,5254,9383,15.72,2703.34,9727.06,1079.24,138.08,-1.19
Australia,Asia,Coal,2021,Terawatt-hours (TWh),27784,32079,5112,15263,28.65,494.11,3201.64,792.42,268.08,4.41
Australia,Oceania,Nuclear,2023,Terawatt-hours (TWh),34056,47822,1302,14115,39.29,4976.35,2196.11,1174.98,380.23,3.53
Australia,South America,Wind,2020,Terawatt-hours (TWh),31976,30571,11213,2363,64.07,1104.51,1381.48,395.95,373.1,2.2
Australia,South America,Solar,2022,Terawatt-hours (TWh),46848,42276,11514,17885,47.67,2545,14926.03,588.63,143.6,-3.98
Australia,Asia,Solar,2019,Terawatt-hours (TWh),32694,40339,3045,14425,40,2489.54,19661.97,1326.23,140.73,3.45
Australia,South America,Natural Gas,2016,Terawatt-hours (TWh),32356,42895,376,3924,65.81,949.11,9242.83,647.93,292.25,7.54
Australia,North America,Solar,2015,Terawatt-hours (TWh),20585,9554,12663,16918,62.33,4960.26,21104.49,385.05,347.36,-0.31
Australia,North America,Wind,2023,Terawatt-hours (TWh),8714,21955,5700,7577,41.91,1664.68,10175.55,608.59,112.34,2.5
Australia,Africa,Hydro,2022,Terawatt-hours (TWh),42878,37888,1171,3170,11.21,4714.71,3639.79,531.56,328.57,-0.83
Australia,Asia,Coal,2018,Terawatt-hours (TWh),36263,14328,7423,17192,29.87,2204.8,3083.21,802.03,256.6,-1.31
Australia,Asia,Wind,2024,Terawatt-hours (TWh),16977,40172,1268,5133,68.48,875.01,5302.5,1461.68,165.06,2.16
Australia,Asia,Coal,2020,Terawatt-hours (TWh),38367,38518,114,3319,15.55,1996.96,21528.91,78.55,195.6,6.35
Australia,Europe,Solar,2015,Terawatt-hours (TWh),13068,13082,8944,4705,34.71,1878.02,18406.03,378.62,285.82,-4.92
Australia,North America,Oil,2017,Terawatt-hours (TWh),37294,45703,13056,6611,11.51,4163.22,5999.14,1085.08,67.55,1.4
Australia,South America,Oil,2024,Terawatt-hours (TWh),9644,1532,1347,8190,52.34,1301.04,12721.38,1027.15,269,7.14
Australia,Asia,Solar,2018,Terawatt-hours (TWh),44382,48702,3164,4087,61.29,1805.46,7946.62,165.01,324.45,-1.61
Australia,Africa,Wind,2022,Terawatt-hours (TWh),4698,39842,7166,3038,67.93,3927.32,7269.72,141.44,322.12,-0.41
Australia,Europe,Hydro,2020,Terawatt-hours (TWh),35911,51604,8116,9861,52.89,3119.76,19037.19,744.94,83.28,6.58
Australia,Asia,Hydro,2018,Terawatt-hours (TWh),35696,10483,11786,9734,51.69,3353.26,1903.85,697.02,373.36,9.21
Australia,North America,Natural Gas,2020,Terawatt-hours (TWh),32060,5737,8559,12533,17.73,3845.32,14116.16,1183.47,313.64,1.89
Australia,Asia,Natural Gas,2022,Terawatt-hours (TWh),1874,10855,7486,11693,66.26,3531.89,4840.19,28.25,395,0
Australia,Asia,Oil,2016,Terawatt-hours (TWh),44696,21887,14621,12398,15.84,1720.93,2138.49,617.31,189.62,4.07
Australia,North America,Natural Gas,2020,Terawatt-hours (TWh),24771,1017,3302,3110,54.58,486.93,23204.15,361.55,307.71,6.96
Australia,South America,Natural Gas,2016,Terawatt-hours (TWh),48011,23414,5873,12092,68.27,1570.08,19717.5,755.46,143.74,4.41
Australia,Oceania,Wind,2023,Terawatt-hours (TWh),44956,15919,10707,7904,66.22,4954.06,19362.82,591.38,176.85,-2
Australia,North America,Coal,2016,Terawatt-hours (TWh),35577,15432,11781,9571,10.39,606.02,14025.3,1094.27,161.48,3.52
Australia,Europe,Solar,2015,Terawatt-hours (TWh),1184,12664,7546,16303,61.35,4350.14,21296.18,945.72,60.59,-4.97
Australia,North America,Hydro,2020,Terawatt-hours (TWh),8082,11733,13461,3468,51.69,2995.78,20066.31,514.26,100.35,7.93
Australia,Europe,Natural Gas,2021,Terawatt-hours (TWh),45188,41806,14438,4986,44.95,1034.21,7361.19,777.38,217.36,-4.31
Australia,Europe,Natural Gas,2020,Terawatt-hours (TWh),31493,25955,2275,19868,59.38,3503.69,18495.2,1220.8,262.41,7.05
Australia,North America,Nuclear,2024,Terawatt-hours (TWh),39630,27732,6874,9419,19.82,2534.6,17193.39,636.16,372.89,-1.29
Australia,Africa,Hydro,2018,Terawatt-hours (TWh),6260,21280,2023,8871,42,415.48,4154,1200.77,141.8,-3.84
Australia,South America,Oil,2016,Terawatt-hours (TWh),46975,3460,3889,17514,60.66,1976.53,5984.91,1352.13,138.71,2.3
Australia,Europe,Solar,2023,Terawatt-hours (TWh),20905,34650,9044,17917,20.7,2768.43,18538.66,1278.92,171.87,7.3
Australia,Europe,Natural Gas,2015,Terawatt-hours (TWh),1047,12891,10125,53,19.23,1410.29,19066.4,186.55,350.49,-4.77
Australia,Europe,Solar,2019,Terawatt-hours (TWh),38736,30211,3332,10416,55.15,3736.38,13359.87,1206.13,272.94,5.73
Australia,Asia,Hydro,2019,Terawatt-hours (TWh),19439,17520,1861,3501,54.29,2723.19,17694.26,240.09,105.93,7.01
Australia,South America,Coal,2019,Terawatt-hours (TWh),39322,2604,9690,17574,68.19,1157.05,11987.84,748.37,262.48,6.92
Australia,South America,Coal,2024,Terawatt-hours (TWh),11928,44986,4668,11,29.78,4167.62,3244.58,1319.14,236.82,6.53
Australia,North America,Hydro,2022,Terawatt-hours (TWh),11811,40742,6087,12194,65.42,2549.06,4799.05,760.41,70.27,8.65
Australia,North America,Wind,2022,Terawatt-hours (TWh),45811,29428,14930,5885,25.75,300.61,12328.3,524.18,69.97,-1.92
Australia,Oceania,Natural Gas,2023,Terawatt-hours (TWh),39413,28704,3659,17785,47.78,4860.04,13319.93,77.07,241.84,6.65
Australia,Africa,Hydro,2016,Terawatt-hours (TWh),40814,40499,12421,15700,14.71,3354.88,8189.74,715.91,275.72,-3
Australia,Europe,Nuclear,2023,Terawatt-hours (TWh),12345,48072,11854,13185,44.78,4649.09,21332.05,1028.9,393.72,-0.44
Australia,Asia,Nuclear,2017,Terawatt-hours (TWh),9302,31463,1722,9291,63.79,3437.14,22259.04,87.04,232.5,7.78
Australia,Africa,Wind,2016,Terawatt-hours (TWh),48693,5433,3162,17800,43.25,2847.46,13794.78,900.11,326.48,-3.55
Australia,Asia,Wind,2024,Terawatt-hours (TWh),33768,6988,1723,14121,28.04,4554.03,21429.95,656.96,62.39,-2.06
Australia,Asia,Oil,2024,Terawatt-hours (TWh),45515,32800,11386,9072,13.07,3956.51,22585.74,862.97,326.95,1.11
Australia,North America,Coal,2021,Terawatt-hours (TWh),15693,9615,3866,15917,37.66,590.64,18030.8,1063.34,151.57,9.02
Australia,Oceania,Coal,2024,Terawatt-hours (TWh),22323,937,3951,13827,36.27,3172.45,2547.02,737.79,183.98,-2.76
Australia,Asia,Oil,2017,Terawatt-hours (TWh),46094,2380,1216,5049,61.05,936.58,16667.39,1176.02,166.67,5.75
Australia,Europe,Nuclear,2021,Terawatt-hours (TWh),49781,40429,2222,18400,45.25,3816.42,18522.19,417.05,362.61,-0.77
Australia,Europe,Oil,2023,Terawatt-hours (TWh),36004,8496,3826,6872,17.19,3713.63,8800.71,1219.87,125.96,4.2
Australia,South America,Hydro,2022,Terawatt-hours (TWh),26945,36858,6289,9429,57.14,3543.61,23097.63,766.01,140,-4.63
Australia,Africa,Nuclear,2023,Terawatt-hours (TWh),27186,9303,11924,12656,18.44,318.57,16628.98,1007.42,123.6,5.61
Australia,North America,Solar,2015,Terawatt-hours (TWh),46452,16468,3525,17045,64.12,650.53,24714.94,1480.37,236.43,-1.64
Australia,South America,Natural Gas,2021,Terawatt-hours (TWh),31842,6595,4136,7181,19.33,1896.66,5368.89,94.67,156.76,6.63
Australia,Oceania,Solar,2019,Terawatt-hours (TWh),10349,18500,8935,14573,44.8,4855.34,1803.34,1474.6,185.58,1.84
Australia,Europe,Oil,2022,Terawatt-hours (TWh),42144,33524,1073,131,43.11,1871.46,2132.29,505.77,133.6,4.93
Australia,Oceania,Coal,2021,Terawatt-hours (TWh),44776,13389,5171,992,37.87,4333.84,14545.7,1475.73,122.57,3.34
Australia,Asia,Natural Gas,2022,Terawatt-hours (TWh),21078,34360,7300,15295,68.08,466.45,2839.42,564.84,185.33,9.42
Australia,Europe,Nuclear,2020,Terawatt-hours (TWh),7797,30845,14395,15779,65.59,2367.49,1698.54,1166.42,157.65,2.28
Australia,Oceania,Hydro,2015,Terawatt-hours (TWh),38995,49935,1321,5830,10.04,114.78,14779.93,979.04,254.49,1.27
Australia,Asia,Hydro,2017,Terawatt-hours (TWh),38673,23505,11381,937,50.47,2493.07,4408.37,1169.55,124.68,7.5
Australia,Oceania,Natural Gas,2016,Terawatt-hours (TWh),41619,31708,8462,11118,10.86,3438.07,9652.2,1039.87,143.42,2.09
Australia,South America,Coal,2017,Terawatt-hours (TWh),6790,7906,8186,8775,56.39,2997.52,16209.4,62.61,211.65,-4.65
Australia,Asia,Nuclear,2019,Terawatt-hours (TWh),45991,49351,13927,14269,12,634.76,8628.01,974,66.95,3.5
Australia,South America,Oil,2020,Terawatt-hours (TWh),40254,7170,851,10269,43.45,357.55,12387.06,946.81,51.41,3.14
Australia,Europe,Coal,2020,Terawatt-hours (TWh),43911,25554,12988,9888,21.95,3626.78,7388.77,1194.07,56.12,3.51
Australia,North America,Hydro,2017,Terawatt-hours (TWh),25906,22838,12384,11450,48.65,4032.05,19145.33,139.26,351.91,0.14
Australia,Asia,Hydro,2018,Terawatt-hours (TWh),14964,27856,2120,6342,7.69,1525.31,16053.86,818.98,238.21,4.28
Australia,Europe,Nuclear,2024,Terawatt-hours (TWh),37455,32988,9692,3894,56.58,2783.74,18754.32,661.46,92.27,7.78
Australia,Oceania,Oil,2020,Terawatt-hours (TWh),36608,42358,13752,4596,37.27,3144.64,22247.38,375.76,104.51,3.39
Australia,Oceania,Oil,2020,Terawatt-hours (TWh),15110,47596,4378,7313,62.87,4069.86,4001.11,1047.19,115.97,3.2
Australia,Asia,Hydro,2022,Terawatt-hours (TWh),37702,18140,8062,17480,29.98,2014.78,19450.17,442.21,296.17,-2.93
Australia,North America,Nuclear,2015,Terawatt-hours (TWh),33475,41835,3340,1500,50.86,4967.1,15996.6,216.18,197.79,8.03
Australia,Asia,Wind,2024,Terawatt-hours (TWh),24398,21413,13496,4417,29.15,2477.82,21679.39,905.24,283.13,8.1
Australia,Oceania,Natural Gas,2023,Terawatt-hours (TWh),36597,22870,3019,17762,25.05,3549.23,21263.71,980.94,183.6,2.88
Australia,South America,Wind,2024,Terawatt-hours (TWh),41298,50617,12987,18335,50.83,1565.1,19083.81,391.71,214.26,8.34
Australia,North America,Nuclear,2018,Terawatt-hours (TWh),46390,46655,2437,14661,55.77,2329.58,4789.91,398.08,247.89,4.2
Australia,Asia,Natural Gas,2018,Terawatt-hours (TWh),27652,1003,13806,11682,22.65,1419.84,12496.12,751.87,160.74,0.98
Australia,North America,Natural Gas,2018,Terawatt-hours (TWh),28072,18628,6741,2153,51.68,3362.07,7550.23,128.71,228.25,-4.02
Australia,Asia,Oil,2017,Terawatt-hours (TWh),42062,40126,10403,14507,17.05,1289.03,2728.96,673.37,315.72,8.26
Australia,Europe,Nuclear,2020,Terawatt-hours (TWh),47017,12516,11981,16733,62.17,3860.43,11309.36,674.49,280.86,-2.61
Australia,Asia,Hydro,2022,Terawatt-hours (TWh),7086,45794,5023,1804,14.04,1315.63,21880.71,855.89,372.56,1.52
Australia,North America,Coal,2017,Terawatt-hours (TWh),16043,45569,5646,220,20.5,2427.4,20410.68,642.93,233.83,5.89
Australia,Asia,Natural Gas,2024,Terawatt-hours (TWh),26463,43579,4893,4240,13.41,3033.49,23733.21,445.29,303.87,0.02
Australia,Europe,Hydro,2024,Terawatt-hours (TWh),14838,44029,8770,9412,26.28,382.08,6116.18,808.32,78.79,-0.11
Australia,Africa,Hydro,2020,Terawatt-hours (TWh),45394,20270,8637,10229,57.84,2570.29,21805.75,842.3,73.71,6.1
Australia,North America,Oil,2015,Terawatt-hours (TWh),40383,19533,2647,6276,35.22,1819.83,15037.23,1209.97,132.26,7.59
Australia,Oceania,Natural Gas,2021,Terawatt-hours (TWh),49690,26839,1024,17938,37.61,2585.5,11012.2,844.16,126.16,-0.05
Australia,Europe,Wind,2021,Terawatt-hours (TWh),6223,18000,8951,19775,40.09,2052.52,5620.9,823.94,251.03,9.98
Australia,Oceania,Solar,2017,Terawatt-hours (TWh),25344,25366,2546,18271,13.15,2189.63,13146.39,156.62,392.11,-2.18
Australia,Asia,Solar,2018,Terawatt-hours (TWh),7449,47620,8093,3,64.35,4275.41,18226.04,1470.31,150.42,9.93
Australia,Europe,Oil,2019,Terawatt-hours (TWh),24045,20595,272,13223,44.27,3433.13,8026.47,308.9,179.35,2.15
Australia,Europe,Hydro,2021,Terawatt-hours (TWh),14965,35004,9888,2634,30.9,2080.73,5700.43,213.06,115.65,3.93
Australia,South America,Nuclear,2018,Terawatt-hours (TWh),40785,30904,11866,9583,45.7,654.42,6944.45,765.66,369.18,-2.87
Australia,Europe,Solar,2016,Terawatt-hours (TWh),28274,48781,3410,8133,19.9,382.5,8879.53,856.25,142.79,-4.34
Australia,Africa,Oil,2018,Terawatt-hours (TWh),20879,16363,7307,4231,8.96,2982.5,5786.12,360.66,380.16,3.42
Australia,North America,Hydro,2023,Terawatt-hours (TWh),43840,31331,4468,6688,28.81,951.02,6663.2,1089.63,61.04,9.12
Australia,Europe,Wind,2019,Terawatt-hours (TWh),3701,11766,5639,12685,7.87,963.91,11667.82,419.35,202.29,7.99
Australia,Europe,Wind,2016,Terawatt-hours (TWh),30577,5682,10701,6426,32.2,4450.88,14838.58,103.89,95.03,9.74
Australia,South America,Wind,2021,Terawatt-hours (TWh),42133,39980,382,12245,52.24,2575.52,12980.5,1410.99,156.64,4.39
Australia,North America,Hydro,2023,Terawatt-hours (TWh),44239,26260,1189,19891,59.43,4908.12,18519.71,474.52,161.6,-1.18
Australia,Asia,Coal,2022,Terawatt-hours (TWh),21204,19449,2523,10160,38.95,4561.68,3990.69,375.25,143.76,-3.68
Australia,Europe,Hydro,2019,Terawatt-hours (TWh),18526,37274,10940,11331,43.04,2100.35,10419.43,1013.93,114.18,0.52
Australia,North America,Wind,2020,Terawatt-hours (TWh),16193,36589,7578,7539,52.01,3803.23,3363.89,1207.08,194.15,6.62
Australia,Oceania,Wind,2016,Terawatt-hours (TWh),6225,15378,9540,8804,11.33,3991.78,17981.04,516.96,104.03,7.76
Australia,Asia,Nuclear,2024,Terawatt-hours (TWh),27884,6210,12754,1387,18.74,4121.68,11553.79,413.96,108.83,5.02
Australia,Asia,Hydro,2023,Terawatt-hours (TWh),3601,49103,11332,10514,30.64,3677.33,8350.23,590.78,198.31,-2.19
Australia,South America,Nuclear,2017,Terawatt-hours (TWh),25306,32967,14709,10061,69.71,2096.01,16221.2,203.85,334.6,-1.14
Australia,Oceania,Nuclear,2022,Terawatt-hours (TWh),4073,2386,10010,7974,37.66,772.96,20065.52,1198.79,58.38,7.24
Australia,Asia,Hydro,2018,Terawatt-hours (TWh),26485,47058,4512,12338,54.02,1255.15,2982.49,1032.25,312.8,3.7
Australia,South America,Coal,2024,Terawatt-hours (TWh),46672,1665,1782,2245,59.62,4580.84,17604.96,849.53,260,-2.18
Australia,Asia,Natural Gas,2015,Terawatt-hours (TWh),4256,2793,7793,11892,33.88,436.65,3002.87,719.21,326.22,7.56
Australia,Oceania,Hydro,2021,Terawatt-hours (TWh),39329,12202,1637,8694,16,4779.54,20359.41,998.5,383.18,8.91
Australia,Africa,Solar,2017,Terawatt-hours (TWh),13030,26721,11089,11556,69.23,3645.39,23979.67,870.87,208.69,-1.06
Australia,Asia,Natural Gas,2023,Terawatt-hours (TWh),12795,45125,5518,59,41.93,4588.54,24783.09,845.02,251.24,-3.62
Australia,Oceania,Oil,2015,Terawatt-hours (TWh),39322,27738,3166,14424,37.23,3821.67,6040.66,912.37,158.99,7.46
Australia,Europe,Oil,2019,Terawatt-hours (TWh),42321,44039,2236,5548,52.01,620.91,844.88,564.3,267.04,-3.75
Australia,South America,Natural Gas,2020,Terawatt-hours (TWh),536,19230,1639,19046,24.47,1165.1,6455.93,560.08,255.05,-3.12
Australia,Europe,Coal,2020,Terawatt-hours (TWh),14517,29093,7250,13020,57.81,595.93,7386.11,750.1,160.15,-4.08
Australia,Asia,Oil,2020,Terawatt-hours (TWh),43030,41043,3805,3719,23.39,1142.02,20458.94,287.29,191.01,5.09
Australia,North America,Coal,2015,Terawatt-hours (TWh),44792,33076,14428,19011,36.28,2642.78,7666.89,123.14,133.58,7.26
Australia,North America,Solar,2021,Terawatt-hours (TWh),13021,50374,13816,4294,12.32,2851.54,23816.05,499.69,232.91,5.82
Australia,Oceania,Solar,2023,Terawatt-hours (TWh),31501,25948,14706,6035,64.3,3115.97,139.94,18.66,125.27,-3
Australia,Oceania,Solar,2018,Terawatt-hours (TWh),35357,42964,2655,19459,52.7,3210.93,15318.75,996.04,299.79,8.52
Australia,Asia,Wind,2024,Terawatt-hours (TWh),38153,31294,9698,1081,18.74,772.39,16524.61,9.1,159.83,3.86
Australia,Africa,Solar,2024,Terawatt-hours (TWh),36065,38951,12160,12359,41.11,4570.2,7067.66,664.22,141.5,-3.54
Australia,Europe,Solar,2018,Terawatt-hours (TWh),29390,23198,8021,55,20.13,4497.83,24810.26,1253.22,352.41,4.42
Australia,Asia,Solar,2016,Terawatt-hours (TWh),33957,12169,11295,14272,42.41,2794.43,1201.1,325.78,104.62,8.71
Australia,South America,Hydro,2016,Terawatt-hours (TWh),41410,2892,13722,16403,47.78,569.71,13336.61,934.15,317.46,8.3
Australia,North America,Solar,2022,Terawatt-hours (TWh),45015,8911,13783,16071,30.95,3824.16,15737.51,1065.74,123.44,0.51
Australia,North America,Hydro,2023,Terawatt-hours (TWh),24604,9631,1732,18188,65.1,3708.85,6650.8,1099.02,331.24,5.51
Australia,Africa,Hydro,2015,Terawatt-hours (TWh),4186,48331,814,8592,25.79,3249.96,7689.4,114.09,350.2,1.74
Australia,Asia,Nuclear,2021,Terawatt-hours (TWh),19965,45620,7759,7977,21.46,3045.16,22068.11,1287.95,141.59,6.65
Australia,Asia,Coal,2019,Terawatt-hours (TWh),40002,19548,9250,2550,6.54,282.12,5958.24,454.13,223.16,-2.46
Australia,Africa,Wind,2018,Terawatt-hours (TWh),10264,23362,792,3392,43.29,2869.88,6990.66,69.95,125.48,-0.23
Australia,Europe,Oil,2020,Terawatt-hours (TWh),11509,34884,881,12490,46.14,4422.89,13219.85,793.61,272.85,8.94
Australia,Asia,Nuclear,2021,Terawatt-hours (TWh),40725,14431,9407,5871,32.13,3170.05,23286.7,1317.38,272.13,-3.47
Australia,North America,Oil,2018,Terawatt-hours (TWh),46355,49508,14876,9467,19.59,2516.31,6805.81,1327.74,314.71,-4.18
Australia,Africa,Nuclear,2017,Terawatt-hours (TWh),20250,11506,14745,1299,28.1,520.14,1724.63,727.8,281.68,-1.41
Australia,Asia,Solar,2015,Terawatt-hours (TWh),40567,8049,9914,8407,16.61,4680.46,17742.85,216.62,62.63,9.06
Australia,Oceania,Natural Gas,2017,Terawatt-hours (TWh),4637,32173,11593,14272,21.63,1276.27,20672.61,329.61,329.31,4.96
Australia,Oceania,Oil,2015,Terawatt-hours (TWh),23863,41943,9880,11773,18.93,4758.01,7441.8,1184.99,319.85,-2.21
Australia,Asia,Oil,2023,Terawatt-hours (TWh),33488,29627,9340,4436,35.69,4404.24,18831.06,122.32,202.3,-1.21
Australia,South America,Hydro,2022,Terawatt-hours (TWh),21806,23651,3176,2744,11.84,1164.16,354.99,585.62,276.54,4.03
Australia,Oceania,Hydro,2020,Terawatt-hours (TWh),40474,4779,12153,3808,26.89,61,8507.35,336.99,255.68,9.43
Australia,Africa,Wind,2022,Terawatt-hours (TWh),20803,21580,9143,15817,21.08,1362.2,3689.03,1374.13,367.73,0.51
Australia,Europe,Oil,2021,Terawatt-hours (TWh),3066,1417,1781,6906,58.81,999.75,4078.57,286.92,247.22,7.1
Australia,Europe,Natural Gas,2021,Terawatt-hours (TWh),24143,49535,5226,6026,54.02,2585.18,7658.11,1270.13,198.28,4.42
Australia,Africa,Solar,2021,Terawatt-hours (TWh),42624,4666,3278,259,64.32,4877.3,7284.18,1319.61,179.77,-1.42
Australia,South America,Nuclear,2018,Terawatt-hours (TWh),31839,38113,2038,18302,33.97,2343.37,8685.89,922.98,121.8,-1.44
Australia,South America,Natural Gas,2023,Terawatt-hours (TWh),8087,9385,5432,14234,13.89,3624.76,24119.33,769.89,129.39,-2.99
Australia,Africa,Hydro,2020,Terawatt-hours (TWh),37955,4248,7077,15090,39.44,1516.15,942.32,1291.52,322.67,0.51
Australia,Asia,Nuclear,2015,Terawatt-hours (TWh),36430,20360,13615,10360,21.81,3576.2,2114.03,535.95,367.16,7.85
Australia,Oceania,Nuclear,2015,Terawatt-hours (TWh),49682,27204,1595,12567,66.95,4160.09,22032.91,715.81,357.88,0.62
Australia,North America,Oil,2016,Terawatt-hours (TWh),33067,19492,8574,9863,16.41,2056.59,11289.02,578.99,73.52,9.43
Australia,South America,Natural Gas,2015,Terawatt-hours (TWh),30045,31986,14513,2078,9.78,3266.29,22784.86,1042.58,259.4,5.16
Australia,North America,Natural Gas,2020,Terawatt-hours (TWh),39163,48736,4880,7927,51.58,4202.71,24671.3,301.65,296.27,-2.51
Australia,Europe,Nuclear,2024,Terawatt-hours (TWh),12702,48962,14490,9159,69.09,87.91,20241.78,548.63,153.94,4.17
Australia,South America,Wind,2018,Terawatt-hours (TWh),15397,1151,10589,2970,56.3,2620.98,16037.09,1124.31,120.64,-1.16
Australia,North America,Coal,2020,Terawatt-hours (TWh),5007,5744,312,1625,15.47,2346.19,16647.74,1397.33,244.26,-4.25
Australia,Europe,Natural Gas,2018,Terawatt-hours (TWh),31011,37467,11646,14073,60.6,3624.13,24045.45,1230.51,57.86,4.45
Australia,South America,Hydro,2015,Terawatt-hours (TWh),42826,1260,8092,16007,53.67,4184.36,16759.79,1074.41,239.73,1
Australia,Oceania,Solar,2015,Terawatt-hours (TWh),31646,50396,11116,9781,7.21,549.21,4093.63,923.22,273.19,-3.73
Australia,Europe,Coal,2021,Terawatt-hours (TWh),45463,14154,4887,5448,5.4,1067.38,3355.28,918.2,120.51,-4.88
Australia,Asia,Solar,2018,Terawatt-hours (TWh),26837,48110,11624,10704,47.91,1538.36,12181.91,1270.35,202.26,3.39
Australia,Europe,Solar,2017,Terawatt-hours (TWh),29312,10704,12817,15257,56.34,342.13,13674.06,385.84,322.14,2.92
Australia,Europe,Nuclear,2021,Terawatt-hours (TWh),38361,15927,5233,14892,57.67,1761.28,21337.41,520.42,354.45,7.93
Australia,North America,Nuclear,2023,Terawatt-hours (TWh),4472,41383,11971,2457,25.39,3298.74,12423.44,191.52,84.58,-3.35
Australia,Europe,Hydro,2019,Terawatt-hours (TWh),18706,7813,5174,10536,20.45,1253.14,24710.49,883.2,208.43,-1.03
Australia,Europe,Coal,2021,Terawatt-hours (TWh),26435,50715,3566,3923,9.44,1152.21,8266.36,289.01,135.99,4.91
Australia,Asia,Coal,2021,Terawatt-hours (TWh),11608,42115,11273,13328,10.55,4172.18,24649.21,1244.13,210,1.9
Australia,Oceania,Oil,2020,Terawatt-hours (TWh),14116,47604,4978,10389,49.03,4990.43,13734.91,797.7,356.5,-4.86
Australia,South America,Nuclear,2019,Terawatt-hours (TWh),27359,36530,11699,11099,9.97,1625.08,2698.03,471.5,141.31,4.7
Australia,Europe,Hydro,2021,Terawatt-hours (TWh),49044,32636,6565,19704,10.44,1323.2,7451.93,7.17,112.51,-0.03
Australia,Asia,Wind,2022,Terawatt-hours (TWh),39855,38152,6824,6868,20.9,2088.45,21348.34,505.44,249.99,2.3
Australia,Africa,Nuclear,2019,Terawatt-hours (TWh),48502,46871,4430,9855,5.08,811.15,21844.21,127.87,205.11,6.58
Australia,Oceania,Natural Gas,2017,Terawatt-hours (TWh),42923,27078,1111,2759,32.02,2959.78,8108.66,1394.66,210.5,9.96
Australia,Europe,Nuclear,2017,Terawatt-hours (TWh),43278,16995,13077,15732,64.08,342.93,8645.14,51.85,268.12,-0.77
Australia,Asia,Solar,2017,Terawatt-hours (TWh),23330,20006,2818,377,7.83,2698.22,7960.84,775.52,355.76,7.1
Australia,Oceania,Wind,2021,Terawatt-hours (TWh),17442,47964,14512,19303,21.56,3711.71,12822.17,92.24,191.4,3.2
Australia,Asia,Hydro,2016,Terawatt-hours (TWh),3134,41743,1558,9881,25.33,1048.37,9692.84,134.4,212.62,9.9
Australia,Asia,Oil,2015,Terawatt-hours (TWh),34753,38251,4545,7437,64.06,3404.86,22706.25,1424.11,187.3,4.73
Australia,Europe,Solar,2018,Terawatt-hours (TWh),14981,33092,1809,6641,65.52,73.97,14726.13,347.47,174.19,-3.22
Australia,Europe,Oil,2021,Terawatt-hours (TWh),42654,39747,13137,9633,5.28,4454.61,7021.66,1108.92,153.11,1.21
Australia,North America,Wind,2019,Terawatt-hours (TWh),12445,5682,7748,5425,5.38,3942.05,16526.13,668.23,163.17,0.4
Australia,Asia,Natural Gas,2018,Terawatt-hours (TWh),23684,50314,5321,15034,21.76,3169.53,17857.02,417.14,185.76,8.66
Australia,Europe,Coal,2017,Terawatt-hours (TWh),22904,24368,12303,371,32.57,1612.39,3261.5,1256.37,204.38,-4.51
Australia,Asia,Hydro,2020,Terawatt-hours (TWh),22490,34998,14219,17391,39.89,1071.68,9113.26,1206.42,382.6,6.1
Australia,Oceania,Hydro,2018,Terawatt-hours (TWh),38680,18433,431,13849,15.52,2318.8,6810.79,1465.4,355.33,-0.23
Australia,Oceania,Coal,2023,Terawatt-hours (TWh),40735,36679,5078,13116,62.34,702.02,16349.15,829.74,208.02,3.18
Australia,North America,Coal,2017,Terawatt-hours (TWh),48669,35233,5172,4228,24.52,2082.84,9826.68,1234.68,73.36,5.65
Australia,Africa,Oil,2019,Terawatt-hours (TWh),35258,25792,723,11388,45.24,1295.61,9129.12,1102.94,129.07,4.66
Australia,Asia,Hydro,2016,Terawatt-hours (TWh),5242,42731,4682,12317,18.91,4788.71,5261.18,1208.02,363.89,7.86
Australia,North America,Oil,2018,Terawatt-hours (TWh),44114,11794,3498,10385,53.62,420.74,14113.91,135.58,177.88,3.94
Australia,North America,Oil,2015,Terawatt-hours (TWh),15059,28023,11415,5214,15.96,1963.11,23100.24,356.76,240.11,4.21
Australia,Oceania,Solar,2024,Terawatt-hours (TWh),48929,21833,9718,18582,61.24,969.22,11858.18,1395.5,346.87,-1.67
Australia,North America,Wind,2022,Terawatt-hours (TWh),25419,13623,11423,17286,11.72,1000.3,10670.21,440.42,274.2,2.48
Australia,South America,Oil,2017,Terawatt-hours (TWh),25549,14623,10411,15797,35.92,3764.31,3730.18,407.23,165.27,7.88
Australia,North America,Solar,2015,Terawatt-hours (TWh),28698,18145,12067,218,24.6,173.78,18350.89,453.06,258.82,7.04
Australia,North America,Oil,2018,Terawatt-hours (TWh),8572,43122,8421,4180,20.03,4129.61,21688.47,1038.82,366.05,3.49
Australia,Europe,Wind,2023,Terawatt-hours (TWh),14452,15923,4497,9766,12.66,2679.55,2271.59,1122.14,161.7,3.18
Australia,North America,Solar,2020,Terawatt-hours (TWh),26511,27383,9990,1254,51.2,868.04,15729.67,922.47,154.61,9.03
Australia,South America,Natural Gas,2019,Terawatt-hours (TWh),47250,47827,4457,14923,40.16,1356.74,15001.56,254.48,246.96,-4.44
Australia,North America,Coal,2019,Terawatt-hours (TWh),37269,16197,5961,13118,63.85,4879.38,2932.23,52.31,51.64,2.84
Australia,Europe,Solar,2024,Terawatt-hours (TWh),33292,9728,5155,13163,15.65,908.35,15479.27,295.21,331.28,7.51
Australia,South America,Coal,2021,Terawatt-hours (TWh),16083,29770,13587,8549,42.1,1637.35,21646,1046.5,304.61,3.42
Australia,Oceania,Hydro,2021,Terawatt-hours (TWh),9411,42106,10480,13483,27.96,1422.41,19643.05,1472.07,261.39,8.67
Australia,North America,Wind,2021,Terawatt-hours (TWh),10612,3697,2122,6396,29.44,549.57,4073.39,824.35,353.35,-0.35
Australia,Africa,Natural Gas,2015,Terawatt-hours (TWh),11612,48764,1960,8088,44.49,703.09,6091.73,858.73,234.96,6.42
Australia,North America,Hydro,2023,Terawatt-hours (TWh),6439,45356,3844,16104,67.33,2866.83,4939.67,824.44,325.25,7.69
Australia,South America,Hydro,2022,Terawatt-hours (TWh),7317,42184,1419,9725,25.54,514.5,10192.09,415.57,189.3,-1.87
Australia,Africa,Coal,2022,Terawatt-hours (TWh),24194,43714,5142,11859,15.63,4331.67,14249.24,769.14,181.68,3.17
Australia,Asia,Solar,2024,Terawatt-hours (TWh),25370,25897,4819,15442,48.42,1583.56,16417.86,368.14,76.65,-0.26
Australia,Europe,Solar,2023,Terawatt-hours (TWh),48176,22411,14316,13632,13.15,3841.41,7193.29,144.23,230.34,5.51
Australia,Oceania,Oil,2022,Terawatt-hours (TWh),7295,49811,14847,15752,56.21,1913.37,5534.09,133.18,115.35,-2.73
Australia,Europe,Natural Gas,2021,Terawatt-hours (TWh),8091,3783,9131,916,25.31,3816.7,23049.89,21.15,112.53,1.43
Australia,South America,Natural Gas,2018,Terawatt-hours (TWh),46941,23561,3635,1335,54.97,461.07,13972.77,237.95,249.65,1.25
Australia,Asia,Hydro,2022,Terawatt-hours (TWh),5402,2816,6822,5139,23,4549.93,12084.74,340.29,77.77,-0.97
Australia,Oceania,Natural Gas,2018,Terawatt-hours (TWh),32641,46269,1412,5925,58.33,602.47,24277.68,1340.24,298.78,9.48
Australia,North America,Solar,2019,Terawatt-hours (TWh),13835,20703,2249,6431,32.71,699.26,24964.1,1020.28,235.99,8.91
Australia,North America,Natural Gas,2016,Terawatt-hours (TWh),6677,44372,2239,988,23.31,1001.97,2576.59,1455.6,199.42,-4.55
Australia,Oceania,Wind,2019,Terawatt-hours (TWh),17050,45779,1340,8615,39.21,4305.21,14150.89,1129.25,275.55,9.51
Australia,North America,Nuclear,2015,Terawatt-hours (TWh),43503,45580,1022,15307,26.18,4732.09,15196.23,620.85,397.9,-1.56
Australia,Africa,Wind,2022,Terawatt-hours (TWh),49729,6977,4942,8877,31.44,1972.86,18598.43,1323.74,302.13,-3.99
Australia,Oceania,Solar,2022,Terawatt-hours (TWh),39136,24913,13267,11031,56.85,2678.77,4817.4,962.29,360.64,-2.16
Australia,Europe,Hydro,2019,Terawatt-hours (TWh),44584,26607,14823,11268,16.43,623.63,15385.46,824.49,369.04,4.01
Australia,Oceania,Solar,2016,Terawatt-hours (TWh),36708,5956,13621,10391,27.54,2814.99,23027.23,1400.83,252.62,-1.28
Australia,Oceania,Nuclear,2017,Terawatt-hours (TWh),23114,31287,12191,17981,27.59,3054.65,13953.48,995.63,244.54,1.26
Australia,South America,Hydro,2019,Terawatt-hours (TWh),15031,28547,9974,3,68.26,817.66,12924.26,490.92,244.96,-3.46
Australia,North America,Nuclear,2016,Terawatt-hours (TWh),25196,2544,901,7762,31.83,4197.68,4595.57,620.88,112,-4.68
Australia,Africa,Solar,2023,Terawatt-hours (TWh),44182,48047,2066,12483,46.55,1938.77,22208.72,776.77,301.61,4.19
Australia,Africa,Natural Gas,2018,Terawatt-hours (TWh),25096,23072,10246,2054,60.93,4856.9,3131.2,498.67,305.53,-4.32
Australia,Africa,Oil,2016,Terawatt-hours (TWh),27433,8530,13648,4419,14.15,3988.1,2666.4,1071.02,386.83,-0.04
Australia,Europe,Hydro,2023,Terawatt-hours (TWh),11222,6886,8426,14461,61.93,4332.97,7831.7,719.68,249.43,-4.6
Australia,Europe,Solar,2020,Terawatt-hours (TWh),23683,5637,13922,10152,59.05,4459.45,22982.97,1178.57,138.33,3.06
Australia,North America,Coal,2015,Terawatt-hours (TWh),23463,26853,9127,7308,56.48,2049.98,8862.06,1093.17,220.86,7.2
Australia,Asia,Coal,2024,Terawatt-hours (TWh),25980,32343,10107,7724,32.65,1768.71,16375.33,1001.78,158.48,8.88
Australia,Europe,Hydro,2015,Terawatt-hours (TWh),13049,49954,1208,3266,16.14,1803.92,20115.2,139.69,178.88,5.77
Australia,South America,Nuclear,2020,Terawatt-hours (TWh),47656,10886,11502,5410,69.44,2883.08,19186.49,213.58,193.75,5.04
Australia,Africa,Wind,2019,Terawatt-hours (TWh),29209,44712,10963,14250,11.62,650.89,488.25,1124.64,82.67,-0.97
Australia,North America,Solar,2020,Terawatt-hours (TWh),36945,6587,7476,19726,40.83,4085.1,15290.67,649.11,358.52,-0.1
Australia,Oceania,Hydro,2017,Terawatt-hours (TWh),32729,19100,14595,19120,67.46,4999.86,7158.36,218.51,192.44,8.01
Australia,North America,Natural Gas,2023,Terawatt-hours (TWh),31030,15418,10001,3089,41.57,4013.5,7559.53,571.06,252.76,-1.17
Australia,Europe,Natural Gas,2022,Terawatt-hours (TWh),29349,48708,12852,2864,47.31,79.12,14565.96,764.32,165.33,7.93
Australia,Africa,Natural Gas,2020,Terawatt-hours (TWh),20294,3358,1110,15341,51.98,3273.03,12599.71,469.94,260.96,2.18
Australia,North America,Oil,2022,Terawatt-hours (TWh),4364,47224,9372,7020,58.98,260.08,934.15,1084.72,329.51,-2.42
Australia,South America,Nuclear,2024,Terawatt-hours (TWh),44593,20658,13299,18524,25.42,2259.72,9676.04,1034.31,265.11,-2.89
Australia,Africa,Hydro,2024,Terawatt-hours (TWh),48394,11790,3817,8812,10.47,3233.76,10345.3,734.75,323.8,-2.2
Australia,South America,Wind,2017,Terawatt-hours (TWh),46835,50418,3600,5100,60.95,1771.6,10223.39,751.75,228.76,2.26
Australia,Africa,Hydro,2023,Terawatt-hours (TWh),36294,47895,6875,10490,55.53,880.16,23047.92,288.56,370.95,-3.75
Australia,Asia,Natural Gas,2018,Terawatt-hours (TWh),15729,29669,2779,15113,18.4,4964.63,15729.21,426.41,374.23,-2.22
Australia,Europe,Wind,2023,Terawatt-hours (TWh),15337,26726,9460,5822,47.78,4015.15,7835.27,953.15,51.48,-4.97
Australia,Oceania,Hydro,2017,Terawatt-hours (TWh),37789,3829,2748,14324,56.02,3482.18,10062.93,466.94,386.23,-4.96
Australia,South America,Hydro,2022,Terawatt-hours (TWh),15620,34897,10270,13869,23.29,162.44,13485.19,846.93,200.84,7.48
Australia,South America,Natural Gas,2016,Terawatt-hours (TWh),49799,11338,6289,11823,58.9,236.3,13686.49,136.54,153.95,8.43
Australia,South America,Oil,2021,Terawatt-hours (TWh),48744,23127,9907,13789,10.94,954.26,2098.1,1448.03,68.43,8.93
Australia,Europe,Hydro,2017,Terawatt-hours (TWh),23615,50482,3050,18047,66.69,155.66,4936.82,516.7,55.29,-3.43
Australia,North America,Coal,2017,Terawatt-hours (TWh),5166,30798,14369,11266,42.18,217.61,15959.34,1419.27,108.27,9.11
Australia,Africa,Wind,2020,Terawatt-hours (TWh),734,25806,14016,16930,56.87,2967.38,14661.35,331.32,259.62,1.42
Australia,Asia,Oil,2021,Terawatt-hours (TWh),47306,29290,14837,7948,60.09,2258.96,6217.79,811.12,338.06,0.34
Australia,Africa,Hydro,2024,Terawatt-hours (TWh),11763,31617,11250,2539,33.94,642.8,3589.95,942.6,61.08,2.02
Australia,Europe,Natural Gas,2020,Terawatt-hours (TWh),10426,50927,11798,8457,51.37,3015.12,13049.22,1136.26,185.77,-0.55
Australia,Africa,Coal,2020,Terawatt-hours (TWh),2947,14839,1496,18256,16.37,4934.42,16725.36,1034.09,369.53,6.27
Australia,Oceania,Solar,2022,Terawatt-hours (TWh),10030,50067,8031,15829,7.82,4194.52,8512.88,865.37,72.39,9.45
Australia,Oceania,Hydro,2023,Terawatt-hours (TWh),30455,32670,4800,6715,51.79,3970.14,15264.87,687.04,288.37,2.19
Australia,Europe,Wind,2018,Terawatt-hours (TWh),42518,4540,14256,3362,35.39,3289.7,18991.22,1045.01,141.73,-4.48
Australia,Africa,Wind,2023,Terawatt-hours (TWh),31394,37210,8801,3490,10.11,3725.91,2204.47,972.35,379.01,-2.37
Australia,South America,Hydro,2021,Terawatt-hours (TWh),10570,6270,11589,6172,38.08,4185.41,21733.26,778.92,153.37,6.95
Australia,Africa,Wind,2024,Terawatt-hours (TWh),30873,47376,6438,8904,27.57,4221.63,4588.76,479.06,370.11,9.89
Australia,Oceania,Wind,2024,Terawatt-hours (TWh),1297,18204,10023,13657,47.91,1679.87,4085.11,246.58,370.08,2.81
Australia,North America,Wind,2017,Terawatt-hours (TWh),48254,25080,9346,16056,51.47,4306.75,19963.51,355.74,271.63,-0.65
Australia,North America,Nuclear,2016,Terawatt-hours (TWh),8190,17262,9943,1467,32.95,2258.93,12904.47,1048.1,243.91,1.28
Australia,Oceania,Coal,2016,Terawatt-hours (TWh),24727,46047,6914,17112,68.53,3758.32,21742.93,235.24,70.26,-3.39
Australia,South America,Natural Gas,2024,Terawatt-hours (TWh),43988,28917,12581,15481,34.31,2587.93,3972.81,479.24,175.5,6.49
Brazil,Africa,Nuclear,2020,Terawatt-hours (TWh),9716,17840,561,3487,31.76,2473.83,16016.87,149.15,380.17,2.56
Brazil,South America,Oil,2017,Terawatt-hours (TWh),47216,17233,3145,7492,41.85,625.36,5794.85,352.51,302.41,5.64
Brazil,South America,Natural Gas,2022,Terawatt-hours (TWh),47931,47129,7496,3367,66.92,2948.24,3789.63,1476.1,169.71,-4.2
Brazil,Asia,Wind,2023,Terawatt-hours (TWh),29028,31083,92,16205,58.32,1720.41,1147.7,55.64,88.55,-4.68
Brazil,Oceania,Nuclear,2020,Terawatt-hours (TWh),44993,50609,5508,19357,62.77,2739.14,624.26,139.75,80.46,-1.06
Brazil,Africa,Oil,2019,Terawatt-hours (TWh),19981,41401,10673,17474,60,102.57,16665.47,196.45,65.6,0.25
Brazil,Africa,Hydro,2024,Terawatt-hours (TWh),23025,21662,6535,18733,18.87,3062.78,3204.14,1307.31,296.48,-3.43
Brazil,North America,Coal,2016,Terawatt-hours (TWh),26500,3666,4571,3323,35.89,489.53,10959.95,1365.23,307.43,9.02
Brazil,Europe,Natural Gas,2016,Terawatt-hours (TWh),22618,9294,4020,1133,14.16,1442.33,20127.98,73.39,246.53,4.34
Brazil,South America,Solar,2018,Terawatt-hours (TWh),28350,35751,6644,9723,18.95,459.7,4567.79,1444.31,311.52,6.1
Brazil,South America,Nuclear,2022,Terawatt-hours (TWh),3682,46924,1447,15775,12.23,3642.82,804.1,648.63,77.49,6.33
Brazil,Asia,Hydro,2021,Terawatt-hours (TWh),3352,40228,13827,17331,5.49,4186.45,19228.22,735.51,268.53,-4.42
Brazil,Africa,Hydro,2024,Terawatt-hours (TWh),42345,3336,8965,10484,21.41,3224.27,12551.98,1491.49,393.92,-4.11
Brazil,South America,Hydro,2023,Terawatt-hours (TWh),6163,23771,3273,15479,5.67,1848.96,2288.51,1421.75,301.9,0.07
Brazil,Asia,Wind,2018,Terawatt-hours (TWh),30404,47604,6243,11183,64.6,915.18,1210.2,335.47,63,3.94
Brazil,Asia,Wind,2022,Terawatt-hours (TWh),3034,13850,4636,4688,51.31,2595.22,21556.2,1082.55,121.07,-3.69
Brazil,Oceania,Coal,2024,Terawatt-hours (TWh),33434,24337,10938,8856,5.36,632.17,2797.48,172.1,334.65,-3.69
Brazil,Europe,Wind,2020,Terawatt-hours (TWh),11402,7852,4208,6078,24.38,365.11,3202.59,1442.3,320.37,-1.7
Brazil,Oceania,Nuclear,2024,Terawatt-hours (TWh),18288,30585,13984,13273,37.2,148.38,6919.54,540.78,365.83,7.49
Brazil,South America,Solar,2020,Terawatt-hours (TWh),30563,45833,361,17909,67.28,1504.41,1552.1,653.21,176.87,6.65
Brazil,South America,Oil,2024,Terawatt-hours (TWh),24520,43074,787,2720,35.51,1241.7,19912.67,628.76,252.37,-1.88
Brazil,Africa,Wind,2022,Terawatt-hours (TWh),12052,4740,4516,5826,14.19,2132.38,1784.4,68.76,351.15,-1.68
Brazil,Oceania,Oil,2020,Terawatt-hours (TWh),11657,23876,12880,2584,12.96,3983.86,19080.1,547.44,96.43,2.44
Brazil,North America,Nuclear,2021,Terawatt-hours (TWh),6458,17539,14925,698,49.89,1648.35,17333.2,288.45,150.93,3.99
Brazil,Europe,Coal,2016,Terawatt-hours (TWh),38340,48037,12735,7587,58.44,118.99,5584.39,53.95,211.41,0.14
Brazil,Europe,Coal,2018,Terawatt-hours (TWh),11409,48384,6436,14298,57.01,361.55,7265.6,1355.08,337.75,3.71
Brazil,Africa,Oil,2016,Terawatt-hours (TWh),45197,38588,7688,18686,27.69,1781.74,18846.13,853.16,97.54,4.12
Brazil,South America,Natural Gas,2024,Terawatt-hours (TWh),19576,24140,11442,14433,47.4,4795.14,7160.85,629.63,349.2,8.05
Brazil,Europe,Natural Gas,2018,Terawatt-hours (TWh),12967,31918,1261,18764,44.13,3926.16,18848.85,71.44,276.25,3.94
Brazil,South America,Wind,2017,Terawatt-hours (TWh),47038,16510,5532,19633,19.77,176.11,21957.58,1440.47,189.11,3.86
Brazil,Africa,Nuclear,2016,Terawatt-hours (TWh),33961,19065,14137,11763,42.9,3237.38,13288.24,513.12,371.47,0.67
Brazil,North America,Natural Gas,2022,Terawatt-hours (TWh),11790,3566,2904,4768,55.54,1396.77,13184.96,248.23,209.15,-4.34
Brazil,Europe,Hydro,2016,Terawatt-hours (TWh),2757,33731,6603,19003,48.28,4015.42,15662.39,228.98,115.63,8.4
Brazil,North America,Coal,2017,Terawatt-hours (TWh),25263,21256,13919,1029,40.55,4669.8,13914.77,1202.3,398.48,-1.89
Brazil,North America,Coal,2021,Terawatt-hours (TWh),28446,40580,10266,6352,6.15,4560.68,5363.49,388.99,231.6,-1.47
Brazil,Europe,Solar,2020,Terawatt-hours (TWh),49398,1794,3223,432,23.38,1787.27,24035.29,1479.76,113.81,7.93
Brazil,Oceania,Wind,2023,Terawatt-hours (TWh),32248,2821,1415,7279,66.79,4954.22,16117.23,42.62,303.36,-3.17
Brazil,Asia,Oil,2017,Terawatt-hours (TWh),22847,34972,9347,6796,8.9,1854.12,24889.54,8.56,339.53,0.66
Brazil,Oceania,Wind,2022,Terawatt-hours (TWh),24250,45001,10183,8048,34.76,2633.46,24506.14,1346.76,336.71,-4.89
Brazil,North America,Hydro,2019,Terawatt-hours (TWh),18662,14259,881,6719,15.42,3905.05,3988.9,444.75,326.65,7.09
Brazil,Europe,Hydro,2015,Terawatt-hours (TWh),17490,46353,13246,8498,50.88,3747.36,4182.64,341.14,241.61,-1.68
Brazil,South America,Wind,2018,Terawatt-hours (TWh),49974,6468,2075,17839,48.86,354.77,19743.81,547.41,151.04,7.84
Brazil,South America,Wind,2021,Terawatt-hours (TWh),38391,15492,7394,17145,66.07,1662.33,10527.03,1025.29,374.61,1.73
Brazil,Asia,Natural Gas,2018,Terawatt-hours (TWh),30175,28096,2436,1496,18.99,4038.7,8296.23,1385.74,221.9,2.42
Brazil,Oceania,Nuclear,2021,Terawatt-hours (TWh),2651,31936,1981,16926,45.99,2560.26,12951.97,974.73,218.68,-0.92
Brazil,Oceania,Solar,2016,Terawatt-hours (TWh),35565,29618,3470,11274,49.8,3807.73,15459.1,1363.71,54.68,8.75
Brazil,Oceania,Coal,2023,Terawatt-hours (TWh),41944,27391,4875,19804,19.92,4016.91,18196.3,738.77,65.68,-4.67
Brazil,North America,Solar,2017,Terawatt-hours (TWh),25321,33755,6408,17840,46.94,1903.35,12374.14,1134.54,355.12,-4.1
Brazil,North America,Nuclear,2022,Terawatt-hours (TWh),9489,34528,4952,16548,19.18,2090.67,1235.96,110.85,102.18,-1.82
Brazil,Oceania,Natural Gas,2015,Terawatt-hours (TWh),12782,34184,7788,4762,21.51,4642.56,921.98,35.13,59.19,6.6
Brazil,Europe,Natural Gas,2023,Terawatt-hours (TWh),17968,48154,3484,9630,9.39,639.94,16085.75,1451.63,334.2,2.17
Brazil,Europe,Hydro,2019,Terawatt-hours (TWh),4552,40883,11419,5189,18.81,1124.48,8299.8,812.23,154.98,7.06
Brazil,South America,Hydro,2024,Terawatt-hours (TWh),4324,9099,11763,11972,20.9,2677.91,7371.58,1438.14,86.84,5
Brazil,North America,Solar,2016,Terawatt-hours (TWh),16065,31194,5161,19123,27.44,2939.01,11494.07,652.45,293.64,-0.11
Brazil,Oceania,Solar,2020,Terawatt-hours (TWh),18958,24944,13048,3725,57.47,4855.5,10161.46,1244.92,234.1,-2.69
Brazil,Asia,Nuclear,2019,Terawatt-hours (TWh),20530,28653,13839,3157,56.27,4572.29,5741.89,547.22,387.69,4.05
Brazil,Oceania,Solar,2019,Terawatt-hours (TWh),36463,37065,14668,17750,51.81,786.46,18704.69,580.23,201.96,7.92
Brazil,Asia,Nuclear,2016,Terawatt-hours (TWh),9679,35011,1725,15411,38.45,4523.83,15087.39,449.75,120.42,9.1
Brazil,South America,Nuclear,2017,Terawatt-hours (TWh),12455,16358,7216,14676,5.45,1606.54,18956.34,209.41,390.22,6.77
Brazil,South America,Coal,2024,Terawatt-hours (TWh),45088,1866,12607,2308,48.08,3853.88,3834.73,288.95,213.09,8.6
Brazil,Africa,Hydro,2015,Terawatt-hours (TWh),2073,10734,13985,10933,17.87,2629.9,23637.28,950.26,203.72,9.13
Brazil,Europe,Coal,2023,Terawatt-hours (TWh),39266,40175,14271,1867,36.58,4070.61,17115.07,833.3,156.79,-0.54
Brazil,North America,Natural Gas,2017,Terawatt-hours (TWh),7214,11674,3627,9699,29.11,2287.67,2190.39,34.59,192.36,1.33
Brazil,Oceania,Hydro,2021,Terawatt-hours (TWh),28016,31025,2542,12019,27.65,2443,860.03,962.94,55.59,-4.44
Brazil,Europe,Solar,2016,Terawatt-hours (TWh),22651,51060,10867,18201,38.78,744.94,24754.61,1121.49,299.54,-1.2
Brazil,Europe,Solar,2017,Terawatt-hours (TWh),6787,34163,10178,18167,24.76,4655.53,1068.01,387.19,388.57,8.8
Brazil,Africa,Coal,2017,Terawatt-hours (TWh),34909,16871,3208,14213,14.86,2295.18,23240.88,1293.34,126.66,7.73
Brazil,North America,Solar,2022,Terawatt-hours (TWh),27365,25821,4709,1610,52.67,745.67,9013.42,71.08,77.53,2.76
Brazil,Africa,Coal,2016,Terawatt-hours (TWh),18956,10935,14181,15398,42.65,4389.16,15028.95,771.11,388.78,-2.67
Brazil,Africa,Natural Gas,2019,Terawatt-hours (TWh),34122,13840,2946,11932,21.31,4729.55,1284.24,106.92,200.17,-1.79
Brazil,Africa,Natural Gas,2015,Terawatt-hours (TWh),16650,16074,1712,15029,39.07,1164.08,10586.92,1184.27,364.22,-0.74
Brazil,North America,Oil,2020,Terawatt-hours (TWh),41621,15041,3327,6042,32.52,4571.41,8020.31,1485.74,145.75,-0.38
Brazil,North America,Hydro,2021,Terawatt-hours (TWh),13277,34287,602,14145,45.7,1524.93,1507.36,1298.33,212.75,4.06
Brazil,Europe,Natural Gas,2019,Terawatt-hours (TWh),10372,40389,8704,15053,27.97,451.52,19277.24,49.76,207.47,6.89
Brazil,Africa,Wind,2024,Terawatt-hours (TWh),22157,40982,9181,16472,30.42,3795.83,16117.86,1351.34,153.06,-4.03
Brazil,Africa,Wind,2021,Terawatt-hours (TWh),31903,9256,10839,19733,69.08,4230.81,8560.35,686.83,128.67,-0.49
Brazil,Asia,Coal,2017,Terawatt-hours (TWh),25160,27567,11295,8697,40.91,515.97,19295.97,270.84,213.81,2.31
Brazil,Africa,Wind,2024,Terawatt-hours (TWh),29297,17218,12405,4913,20.98,1057.36,20282.29,661.1,215.18,8.94
Brazil,Asia,Coal,2018,Terawatt-hours (TWh),44583,10384,9747,12218,7.91,2252.95,7949.88,674.18,138.39,5.27
Brazil,Oceania,Solar,2021,Terawatt-hours (TWh),31730,12104,11644,11973,34.36,3940.39,3491.3,386.94,185.3,-1.61
Brazil,Europe,Nuclear,2020,Terawatt-hours (TWh),36190,16107,119,14140,22.51,1910.78,24107.19,732.05,69.04,7.48
Brazil,Europe,Nuclear,2015,Terawatt-hours (TWh),30554,50618,5099,15522,26.2,3602.56,17987.5,935.98,277.25,3.43
Brazil,South America,Wind,2022,Terawatt-hours (TWh),37778,51910,59,13366,64.18,1288.49,9920.54,756.41,199.24,0.08
Brazil,Africa,Nuclear,2022,Terawatt-hours (TWh),8505,36980,6199,1478,36.88,2507.79,23568.29,1428.51,282.55,-4.28
Brazil,Africa,Coal,2024,Terawatt-hours (TWh),42718,37219,8312,16826,49.52,3253.33,12693.28,1402.6,348.67,-2.38
Brazil,Oceania,Coal,2021,Terawatt-hours (TWh),25932,26905,8536,9770,53.68,3418.52,4170.25,352.69,70.65,-3.4
Brazil,South America,Oil,2018,Terawatt-hours (TWh),44662,51575,4188,17597,28.86,1371,23744.6,374.69,352.58,3.24
Brazil,Oceania,Wind,2020,Terawatt-hours (TWh),19273,12743,13322,14045,31.13,2813.18,24015.53,988.84,360.1,3.13
Brazil,North America,Solar,2019,Terawatt-hours (TWh),46140,31756,373,2137,53.35,2381.15,23281.03,1392.08,90.9,6.82
Brazil,Africa,Natural Gas,2016,Terawatt-hours (TWh),43160,10776,8331,4496,69.61,185.63,13116.37,1140.08,385.34,5.77
Brazil,Asia,Natural Gas,2020,Terawatt-hours (TWh),37642,37163,6897,7214,50.35,3113.43,20304.73,552.81,262.55,-3.2
Brazil,South America,Hydro,2016,Terawatt-hours (TWh),39251,46370,5394,12259,34,1481.38,4704.81,500.57,170.83,-4.23
Brazil,South America,Wind,2021,Terawatt-hours (TWh),13527,49051,1587,8090,5.55,2378.48,12813.93,1230.47,88.29,5.78
Brazil,Europe,Wind,2024,Terawatt-hours (TWh),25646,10984,14941,13322,36.7,1821.09,8681.17,268.34,97.12,-4.2
Brazil,Europe,Coal,2022,Terawatt-hours (TWh),20442,15409,5605,12289,13.26,4302.09,10379.04,1005.79,62.1,5.4
Brazil,Asia,Solar,2022,Terawatt-hours (TWh),39847,27749,1954,571,62.68,2038.93,15292.9,1498.75,231.93,9.56
Brazil,Asia,Oil,2015,Terawatt-hours (TWh),22826,51476,13906,8574,17.79,1797.73,3536.33,493.48,108.78,6.72
Brazil,Africa,Nuclear,2017,Terawatt-hours (TWh),31779,13565,13924,6649,29.51,3090.79,562.08,820.16,361.37,-2.76
Brazil,Africa,Solar,2019,Terawatt-hours (TWh),6483,45713,9519,5684,11.46,1590.47,20955.17,813.47,187.19,-3.68
Brazil,Asia,Nuclear,2019,Terawatt-hours (TWh),24913,47133,12327,17371,42.71,668.54,1594.91,254.48,303.88,-0.98
Brazil,North America,Coal,2016,Terawatt-hours (TWh),23388,29564,3597,1737,32.56,3347.31,1563.55,1287.05,347.89,-1.36
Brazil,North America,Nuclear,2018,Terawatt-hours (TWh),15928,35325,5237,9882,38.91,3059.15,17342.06,163.19,332.72,-4.31
Brazil,Europe,Hydro,2022,Terawatt-hours (TWh),15572,34883,10868,7245,32.18,3128.75,1488.85,1332.19,209.71,-0.76
Brazil,Asia,Wind,2020,Terawatt-hours (TWh),6016,47607,14905,4665,40.51,2129.79,7684.06,1233.71,368.4,5.69
Brazil,Oceania,Hydro,2017,Terawatt-hours (TWh),12396,42160,12174,15567,68.78,2264.74,1632.1,1292.43,240.18,5.04
Brazil,Europe,Natural Gas,2021,Terawatt-hours (TWh),22431,9733,9304,15980,12.81,2879.44,23877.48,935.91,371.42,2.09
Brazil,Asia,Nuclear,2021,Terawatt-hours (TWh),33964,14323,1896,121,17.39,232.88,13691,680.81,318.4,9.63
Brazil,North America,Natural Gas,2017,Terawatt-hours (TWh),16560,4729,8537,9251,47.82,3898.09,15444.26,835.71,259.4,1.14
Brazil,Asia,Natural Gas,2015,Terawatt-hours (TWh),26087,34223,1039,19622,17.97,272.85,19740.77,1081.16,285.33,5.64
Brazil,South America,Solar,2022,Terawatt-hours (TWh),6588,46580,10991,6286,64,2398,7056.03,1021.52,172.92,-1.42
Brazil,North America,Wind,2016,Terawatt-hours (TWh),42544,42977,405,4149,38.42,3313.7,18785.09,814.93,188.73,4.83
Brazil,Asia,Nuclear,2020,Terawatt-hours (TWh),11043,38392,243,7656,38.84,621.83,6155.05,105.07,198.11,-0.95
Brazil,Asia,Natural Gas,2021,Terawatt-hours (TWh),37703,8351,2414,6680,25.61,191.22,19737.26,1208.8,249.23,1.22
Brazil,North America,Solar,2022,Terawatt-hours (TWh),41220,15359,7007,13581,45.21,172.7,10429.62,383.62,233.52,0.31
Brazil,North America,Solar,2017,Terawatt-hours (TWh),29637,33269,3456,18167,41.86,4612.13,494.56,25.75,103.73,4.73
Brazil,Asia,Natural Gas,2021,Terawatt-hours (TWh),21414,19251,6257,19333,44.1,4254.06,13890.82,1176.15,178.42,-2.37
Brazil,North America,Oil,2022,Terawatt-hours (TWh),646,44345,9238,10802,26.27,2663.98,24376.37,1217.73,146.55,9.44
Brazil,Europe,Wind,2019,Terawatt-hours (TWh),3094,5189,9201,16501,42,1239,12372.43,449.09,347.09,5.63
Brazil,Asia,Hydro,2016,Terawatt-hours (TWh),10168,43068,2859,2696,41.43,965.83,22817.48,1489.19,132.97,3.22
Brazil,Asia,Nuclear,2015,Terawatt-hours (TWh),23833,48844,7753,9079,41.83,3429.31,18292.64,1422.41,285.92,4.25
Brazil,Asia,Solar,2024,Terawatt-hours (TWh),6370,28839,789,9959,21.6,1219.69,6274.91,656.64,309.29,-1.06
Brazil,Asia,Wind,2021,Terawatt-hours (TWh),21629,51756,14388,10,30.19,4650.98,10743.22,730.84,111.65,1.57
Brazil,Europe,Nuclear,2018,Terawatt-hours (TWh),1470,23083,10846,10215,25.07,2441.91,18747.05,442.6,59.86,0.95
Brazil,North America,Solar,2019,Terawatt-hours (TWh),38311,27690,8044,15084,63.53,2273.8,14675.45,345.36,269.46,-4.13
Brazil,Africa,Oil,2024,Terawatt-hours (TWh),33865,11438,10106,14563,53.79,3987.73,18270.7,1382.41,288.8,-1.05
Brazil,North America,Wind,2022,Terawatt-hours (TWh),19647,50362,11279,3459,55.11,3939.99,3149.01,165.84,267.72,-4.39
Brazil,Oceania,Wind,2016,Terawatt-hours (TWh),4090,20174,2536,4224,55.66,3851.25,5263.76,634.99,235.55,2.3
Brazil,Asia,Coal,2022,Terawatt-hours (TWh),48146,13893,2511,6751,38.65,1794.28,11350.62,734.42,201.67,-2.72
Brazil,Asia,Oil,2015,Terawatt-hours (TWh),10033,14038,4634,15411,63.16,1469.51,7134.23,527.72,233.07,0.18
Brazil,Asia,Nuclear,2024,Terawatt-hours (TWh),28825,15207,620,5319,24.66,4464.02,4077.59,543.04,339.8,-0.45
Brazil,Asia,Solar,2017,Terawatt-hours (TWh),23349,578,2734,8130,55.84,4954.65,19104.35,457.97,281.43,-3.2
Brazil,Oceania,Nuclear,2018,Terawatt-hours (TWh),29530,22449,10200,17982,50.09,3525.11,23236.21,836.96,358.62,7.13
Brazil,South America,Coal,2016,Terawatt-hours (TWh),48128,32470,7807,14703,63.24,3768.21,875.46,9.56,95.15,-2.54
Brazil,Asia,Wind,2017,Terawatt-hours (TWh),26858,32355,260,15136,41.1,3015.09,23961.25,70.61,110.21,9.36
Brazil,South America,Wind,2022,Terawatt-hours (TWh),41239,24059,12100,15421,27.49,416.44,101.2,633.26,199.12,2.78
Brazil,Africa,Natural Gas,2020,Terawatt-hours (TWh),28870,30052,14447,3501,27.81,2384.86,8330.49,798.28,311.96,1.53
Brazil,North America,Coal,2023,Terawatt-hours (TWh),47509,49617,3662,10156,23.41,3300.3,338.64,1167.74,183.5,-0.31
Brazil,Oceania,Oil,2023,Terawatt-hours (TWh),39625,10833,12960,6197,69.35,4213.1,8391.43,1164.73,59.76,5.55
Brazil,Europe,Coal,2016,Terawatt-hours (TWh),49854,1501,13092,14739,20.91,3537.59,14159.16,730.25,166.62,2.08
Brazil,Europe,Solar,2016,Terawatt-hours (TWh),3936,2642,2728,18970,6.26,2058.26,15367.74,225.97,302.78,2.5
Brazil,North America,Hydro,2016,Terawatt-hours (TWh),5099,40534,14546,2882,16.82,3460.6,15914.36,90.65,129.42,1.15
Brazil,Europe,Solar,2015,Terawatt-hours (TWh),40221,38015,2034,2453,49.15,2460.46,3235.81,942.2,146.24,9.26
Brazil,Europe,Hydro,2020,Terawatt-hours (TWh),16883,39798,3062,7552,49.05,2598.33,9641.02,1302.98,200.55,-0.4
Brazil,Africa,Nuclear,2021,Terawatt-hours (TWh),12868,19601,7961,12812,64.05,614.17,4177.78,727.54,396.17,9.91
Brazil,Asia,Oil,2018,Terawatt-hours (TWh),4817,24171,7546,11794,58.98,1841.71,9760.13,1340.95,195.1,-0.44
Brazil,South America,Nuclear,2020,Terawatt-hours (TWh),31568,43113,9894,10427,49.01,89.24,10001.71,353.74,382.39,-0.64
Brazil,Africa,Hydro,2024,Terawatt-hours (TWh),16628,19559,8221,4109,30.12,3879.99,24435.98,1312.83,107.8,6.09
Brazil,North America,Oil,2022,Terawatt-hours (TWh),40904,1300,11381,12010,38.94,2353.35,3441.73,924.14,176.53,2.61
Brazil,North America,Hydro,2022,Terawatt-hours (TWh),49159,473,1182,12488,12.52,1693.39,8627.81,825.85,351.34,5.14
Brazil,Asia,Coal,2015,Terawatt-hours (TWh),23443,25277,2808,15631,37.66,122.97,24584.68,1137.7,180.56,4.98
Brazil,South America,Solar,2024,Terawatt-hours (TWh),48678,45967,3428,10433,49.36,3895.56,16744.2,1260.22,83.09,-2.66
Brazil,North America,Natural Gas,2024,Terawatt-hours (TWh),36769,19499,1433,12009,14.06,2281.08,15447.25,816.61,236.22,-4.64
Brazil,South America,Natural Gas,2017,Terawatt-hours (TWh),46507,28207,14155,18640,50.76,2535.22,16802.2,779.19,159,3.29
Brazil,Africa,Hydro,2021,Terawatt-hours (TWh),22262,28881,6844,10365,66.06,1925.75,11653.66,501.48,185.25,-3.49
Brazil,Oceania,Nuclear,2015,Terawatt-hours (TWh),40999,22644,8795,17439,30.33,2464.22,3663.12,830.93,191.18,0.35
Brazil,South America,Wind,2020,Terawatt-hours (TWh),12309,51606,12827,13318,63.76,2966.3,10309.74,752.64,241.45,3.23
Brazil,Asia,Oil,2020,Terawatt-hours (TWh),20465,45677,11622,10599,66.5,4619,19529.3,830.23,137.3,3.95
Brazil,Oceania,Natural Gas,2017,Terawatt-hours (TWh),16529,5762,5926,3641,68.37,682.28,869.48,126.01,75.39,-3
Brazil,Africa,Nuclear,2016,Terawatt-hours (TWh),43003,28083,7188,1867,32.3,4802.16,17003.22,568.56,194.69,-4.93
Brazil,Europe,Hydro,2024,Terawatt-hours (TWh),14968,32044,3047,19945,67.66,4823.63,15723.51,323.52,65.27,6.57
Brazil,Oceania,Nuclear,2017,Terawatt-hours (TWh),48232,12137,6783,4907,15.92,174.28,22120.94,1242.2,117.06,7.8
Brazil,South America,Oil,2024,Terawatt-hours (TWh),41182,27285,2599,14202,15.49,3392.6,14646.14,881.18,109.73,3.88
Brazil,Asia,Oil,2020,Terawatt-hours (TWh),2095,811,7181,16270,15.57,527.61,9557.56,1239.67,270.76,-0.14
Brazil,North America,Oil,2019,Terawatt-hours (TWh),17522,11171,1225,10118,13.21,676.93,20607.16,804.46,388.17,8.01
Brazil,North America,Nuclear,2019,Terawatt-hours (TWh),34296,15108,10924,19096,52.23,2073.54,5839.75,1149.51,90.58,-2.33
Brazil,South America,Wind,2018,Terawatt-hours (TWh),35751,44623,12055,14891,41.35,3142.78,12531.85,1127.69,352.84,-4.17
Brazil,South America,Solar,2019,Terawatt-hours (TWh),15447,41323,14059,11569,33.45,731.17,21067.02,846.22,246.98,7.26
Brazil,Africa,Coal,2015,Terawatt-hours (TWh),45044,43399,12107,18343,42.37,460.07,21628.02,693.41,168.94,1.21
Brazil,Asia,Coal,2016,Terawatt-hours (TWh),6742,26949,11009,13296,16.34,3238.41,19816.59,1380.28,241.64,4.83
Brazil,Oceania,Nuclear,2017,Terawatt-hours (TWh),11808,51480,13429,12002,58.66,3832.65,2815.38,135.71,119.74,-4.69
Brazil,Europe,Nuclear,2017,Terawatt-hours (TWh),23135,40160,13738,1514,6.77,2730.46,6492.45,497.65,279.42,6.36
Brazil,Oceania,Oil,2020,Terawatt-hours (TWh),44547,5783,535,15625,16.38,3044.93,20092.53,1288.1,280.6,-3.97
Brazil,Asia,Natural Gas,2024,Terawatt-hours (TWh),49619,25113,7039,14068,46.74,1403.45,2922.99,1232.29,90.05,9.41
Brazil,Asia,Oil,2017,Terawatt-hours (TWh),2309,12512,12411,5364,27.32,4161.18,14178.63,1237.94,166.22,7.98
Brazil,Africa,Solar,2024,Terawatt-hours (TWh),5757,25183,13582,6084,63.94,538.21,9678.84,1060.55,357.81,4.65
Brazil,South America,Hydro,2018,Terawatt-hours (TWh),48626,2608,6241,12138,61.32,1501.89,22072.94,447.38,280.52,5.01
Brazil,Oceania,Solar,2018,Terawatt-hours (TWh),29027,40721,6472,11427,40.86,2662.57,4192.88,1256.65,217.28,1.46
Brazil,Europe,Hydro,2015,Terawatt-hours (TWh),27880,44306,6421,4571,23.75,4396.87,21619.92,575.65,138.6,8.64
Brazil,Africa,Nuclear,2015,Terawatt-hours (TWh),13960,22196,10362,7480,60.88,1462.35,5314.29,948.69,357.66,-4.81
Brazil,Africa,Solar,2021,Terawatt-hours (TWh),36254,4210,1334,13550,51.88,4315.52,16144.45,146.2,316.21,-3.72
Brazil,Oceania,Natural Gas,2021,Terawatt-hours (TWh),38522,7826,13787,6614,8.91,677.31,3703.29,898.15,98.88,0.07
Brazil,Oceania,Solar,2023,Terawatt-hours (TWh),22953,45514,3891,11457,47.49,777.39,21604.37,1412.78,99.24,2.21
Brazil,North America,Wind,2016,Terawatt-hours (TWh),24258,21145,13357,7358,53.32,3681.05,15639.84,1305.67,394.75,2.65
Brazil,South America,Solar,2016,Terawatt-hours (TWh),4377,19159,6743,18184,56.48,2881.33,8556.29,933.63,50.36,3.12
Brazil,Africa,Oil,2023,Terawatt-hours (TWh),8176,23173,14724,4262,61.17,4448.44,20871.81,46.06,66.8,2.58
Brazil,North America,Solar,2022,Terawatt-hours (TWh),32318,48585,14698,146,44.97,4658.3,15002.72,1371.6,302.75,1.12
Brazil,Asia,Hydro,2017,Terawatt-hours (TWh),17577,45529,14470,9528,19.44,2885.28,9021.15,207.93,334.89,8.8
Brazil,Oceania,Solar,2017,Terawatt-hours (TWh),13711,29858,13801,16119,15.1,3495.41,7706.85,867.41,212.7,3.26
Brazil,Oceania,Oil,2022,Terawatt-hours (TWh),15648,8613,8203,4695,60.14,2122.52,11335.34,870.78,391.96,-4.33
Brazil,North America,Oil,2023,Terawatt-hours (TWh),20887,33783,6664,14255,52.58,3350.74,11297.7,930.16,244.54,4.15
Brazil,South America,Nuclear,2018,Terawatt-hours (TWh),48529,13802,656,12112,64.54,2038.12,7338.23,1003.8,60.31,4.48
Brazil,Africa,Oil,2015,Terawatt-hours (TWh),10288,10176,14812,979,45.08,221.43,8754.68,318.73,65.75,-3.84
Brazil,Africa,Oil,2016,Terawatt-hours (TWh),12952,45569,8273,19626,69.32,503.07,20255.48,1047.46,344.91,4.13
Brazil,Africa,Oil,2024,Terawatt-hours (TWh),47213,46883,2165,8448,69.46,2503.66,23020.12,726.01,142.58,7.4
Brazil,Europe,Coal,2020,Terawatt-hours (TWh),8873,7603,13036,12923,14.49,1199.37,2521.04,1239.29,357.94,-4.41
Brazil,Asia,Oil,2021,Terawatt-hours (TWh),25338,21293,14860,619,53,4272.89,2791.58,1158.2,185.91,-1.86
Brazil,Africa,Wind,2023,Terawatt-hours (TWh),12789,38271,387,16851,43.34,3251.08,23618.02,697.19,177.59,7.65
Brazil,Oceania,Oil,2016,Terawatt-hours (TWh),5088,22163,5856,17520,30.27,957.72,14413.87,1323.77,367.73,4.8
Brazil,Asia,Nuclear,2018,Terawatt-hours (TWh),40388,51947,10358,9097,24.1,1363.71,21263.49,276.55,119.13,3.35
Brazil,North America,Coal,2016,Terawatt-hours (TWh),19561,36664,14725,4010,60.7,2131.25,15164.86,1047.19,214.54,7.65
Brazil,South America,Wind,2015,Terawatt-hours (TWh),3861,12621,4687,18889,33.12,3633.14,8323.42,379.18,128.04,-0.43
Brazil,North America,Solar,2020,Terawatt-hours (TWh),22127,40500,5422,3062,37.09,1672.28,20457.1,1119.28,78.86,5.78
Brazil,Oceania,Nuclear,2017,Terawatt-hours (TWh),40694,51411,12343,9072,39.74,1512.36,12025.09,881.61,232.84,3.04
Brazil,South America,Natural Gas,2018,Terawatt-hours (TWh),9291,31861,5182,5887,51.84,2567.81,1134.46,810.07,398.92,9.3
Brazil,Asia,Wind,2024,Terawatt-hours (TWh),7905,20344,8752,10620,14.75,1954.99,17057.35,1338.71,301.94,2.68
Brazil,Africa,Nuclear,2015,Terawatt-hours (TWh),18145,36246,6884,92,43.88,852.03,23572.39,1190.36,293.04,-4.39
Brazil,Africa,Wind,2023,Terawatt-hours (TWh),39418,13236,7997,13142,28.21,309.92,10311.58,402.37,159.14,6.96
Brazil,South America,Oil,2015,Terawatt-hours (TWh),21021,18111,2518,11704,66.14,271.59,1159.54,1030.1,247.11,3.12
Brazil,Europe,Wind,2018,Terawatt-hours (TWh),17140,20012,7118,19019,36.04,4958.85,24725.57,917.02,304.34,5.09
Brazil,South America,Solar,2020,Terawatt-hours (TWh),38536,34418,1260,8641,38.31,4121.9,19691.95,879.82,128.3,7.78
Brazil,North America,Oil,2017,Terawatt-hours (TWh),48399,31779,5412,19332,57.74,2712.34,14617.96,1353.64,263.09,4.99
Brazil,Africa,Hydro,2016,Terawatt-hours (TWh),20811,35380,7906,3097,6.3,3647.72,4016.46,1285.12,108.95,1.07
Brazil,North America,Coal,2015,Terawatt-hours (TWh),988,51739,13789,3716,7.98,2118.51,15693.04,254.13,362.23,8.02
Brazil,North America,Wind,2017,Terawatt-hours (TWh),39714,44173,244,8058,69.62,4364.68,8016.96,56.09,393.83,-1.47
Brazil,Oceania,Solar,2023,Terawatt-hours (TWh),22365,26236,249,2843,62.06,346.24,18829.97,70.94,116.93,-0.6
Brazil,Europe,Wind,2016,Terawatt-hours (TWh),24001,51888,5869,6644,5.56,2748.58,16883.89,940.08,326.97,1.13
Brazil,Europe,Hydro,2018,Terawatt-hours (TWh),16184,7186,9557,5999,39.48,773.86,19013.44,632.15,177.41,0.04
Brazil,Asia,Oil,2023,Terawatt-hours (TWh),23472,41377,9115,12618,43.07,4607.22,22249.59,1398.9,230.06,0.93
Brazil,North America,Nuclear,2017,Terawatt-hours (TWh),24023,50677,7187,5695,24.17,1648.22,578.54,105.64,280.01,-0.34
Brazil,Asia,Nuclear,2015,Terawatt-hours (TWh),9174,26525,13820,8568,44.78,3847.03,15636.49,190.65,357.77,8.64
Brazil,North America,Natural Gas,2023,Terawatt-hours (TWh),45835,49959,4841,12809,28.48,4355.57,2033.2,858.46,190.07,1.61
Brazil,South America,Oil,2021,Terawatt-hours (TWh),30951,49810,14733,19390,65.75,1932.3,1911.87,720.02,378.58,3.64
Brazil,North America,Hydro,2018,Terawatt-hours (TWh),35768,47613,12508,18132,24.7,2457.27,20029.16,202.18,69.56,0.96
Brazil,Oceania,Solar,2016,Terawatt-hours (TWh),2832,42258,7301,17456,52.44,798.9,19773.51,1031.97,190.29,-2.4
Brazil,Africa,Oil,2019,Terawatt-hours (TWh),5557,42779,2400,387,35.45,4685.34,7278.28,40.04,217.49,-3.9
Brazil,North America,Oil,2015,Terawatt-hours (TWh),28444,22966,14196,12647,48.63,1227.01,7010.49,304.18,333.19,9.62
Brazil,Oceania,Hydro,2018,Terawatt-hours (TWh),2907,47052,11376,10773,45.2,3055.52,5015.86,225.48,142.62,6.82
Brazil,Asia,Solar,2024,Terawatt-hours (TWh),32094,5690,9834,10263,10.58,3397.57,3435.69,739.23,340.23,2.74
Brazil,Europe,Natural Gas,2015,Terawatt-hours (TWh),22545,30245,7086,4667,55.77,528.65,20065.36,606.43,311.95,-3.62
Brazil,Europe,Nuclear,2022,Terawatt-hours (TWh),22947,35740,1944,10418,16.7,1566.92,3901.9,1017.06,391.29,-0.14
Brazil,South America,Solar,2024,Terawatt-hours (TWh),37355,27861,496,9726,61.59,4068.31,11976.86,1119.66,370.55,0.59
Brazil,South America,Hydro,2017,Terawatt-hours (TWh),22247,22324,12973,16243,42.68,2475.12,14023.73,24.96,80.76,4.47
Brazil,North America,Hydro,2015,Terawatt-hours (TWh),23734,35264,461,8572,29.28,1359.9,4860.58,862.47,220.68,2.29
Brazil,Asia,Solar,2023,Terawatt-hours (TWh),13927,22022,8925,11854,43.36,3251.83,8269.75,1367.87,388.54,6.66
Brazil,Africa,Wind,2015,Terawatt-hours (TWh),12069,23499,764,16786,41.49,437.71,3096.27,1241.41,162.51,5.58
Brazil,Europe,Oil,2015,Terawatt-hours (TWh),31153,47108,2696,3100,64.05,575.76,18006.86,539.84,387.74,7.9
Brazil,Africa,Hydro,2015,Terawatt-hours (TWh),15278,40401,14491,1573,23.93,116.65,13861.63,1388.8,313.97,0.98
Brazil,Europe,Nuclear,2021,Terawatt-hours (TWh),44793,26404,8966,12663,55.63,4506.58,10414.69,1391.96,143.29,3.53
Brazil,North America,Natural Gas,2016,Terawatt-hours (TWh),12511,26475,3048,17511,21.06,3807.07,13407.31,757.51,272.21,7.85
Brazil,North America,Coal,2020,Terawatt-hours (TWh),30811,49033,6048,17379,44.39,2207.05,5023.6,426.23,384.72,8.73
Brazil,Asia,Coal,2022,Terawatt-hours (TWh),20249,51070,8141,13610,8.37,3702.33,12242.4,263.78,295.45,-1.91
Brazil,Africa,Solar,2022,Terawatt-hours (TWh),15321,45344,13537,3678,35.14,2223.6,8296.49,544,172.84,2.29
Brazil,Oceania,Oil,2024,Terawatt-hours (TWh),39740,38667,8363,14192,18.22,1362.98,15714.83,1197.48,338.69,-3.77
Brazil,Oceania,Hydro,2022,Terawatt-hours (TWh),36826,9034,13532,9305,63.39,2553.4,8472.31,701.05,262.69,8.98
Brazil,Asia,Solar,2015,Terawatt-hours (TWh),9819,14605,7169,14557,6.03,1228.49,15632.95,1212.97,164.82,8.12
Brazil,Asia,Nuclear,2015,Terawatt-hours (TWh),19809,26907,12948,14616,20.24,1095.74,1081.7,1119.73,302.67,9.39
Brazil,Africa,Wind,2024,Terawatt-hours (TWh),2111,31373,14876,10433,15.26,2166.26,20131.11,1147.17,223.55,8.67
Brazil,Africa,Wind,2015,Terawatt-hours (TWh),4316,39150,8032,7236,19.97,3078.31,406.32,206.42,225.33,3.73
Brazil,Oceania,Natural Gas,2024,Terawatt-hours (TWh),30920,39833,14387,2615,69.69,735.55,17128.6,389.88,161.56,3.99
Brazil,Asia,Coal,2019,Terawatt-hours (TWh),10800,3164,11614,426,41.27,2958.8,10343.7,1352.04,264.15,-0.01
Brazil,Asia,Oil,2020,Terawatt-hours (TWh),49460,11867,14618,19553,33.43,3815.54,10102.24,505.32,195.71,-2.17
Brazil,North America,Oil,2018,Terawatt-hours (TWh),28052,3729,9841,3407,26.72,3871.57,7005.23,777.04,318.37,3.08
Brazil,North America,Hydro,2017,Terawatt-hours (TWh),47245,1927,9525,17175,25.96,1517.71,19498.2,926.67,288.55,9.86
Brazil,Asia,Hydro,2019,Terawatt-hours (TWh),3865,30969,7283,13682,9.84,4243.65,22869.61,613.09,218.58,-3.45
Brazil,North America,Coal,2016,Terawatt-hours (TWh),48884,42667,6530,13457,69.3,4255.19,21701.09,1088.59,79.41,9.84
Brazil,Africa,Natural Gas,2022,Terawatt-hours (TWh),13217,21014,924,15151,9.47,3284.67,24674.89,820.3,166.6,7.32
Brazil,Africa,Nuclear,2023,Terawatt-hours (TWh),12366,50018,7454,8371,56.36,3008.33,12711.51,1353.79,156.82,2.71
Brazil,Europe,Natural Gas,2019,Terawatt-hours (TWh),25141,23590,12098,17004,46.29,1422.52,506.77,1191.28,212.25,5.17
Brazil,Oceania,Wind,2020,Terawatt-hours (TWh),40827,36260,728,6535,44.52,4896.78,3507.47,1328.96,195.94,8.34
Brazil,Europe,Solar,2022,Terawatt-hours (TWh),15713,25690,13740,7432,59.43,1512.23,15879.59,601.75,92.47,2.29
Brazil,Europe,Wind,2017,Terawatt-hours (TWh),15712,20409,6039,11426,11.94,1267.79,2466.31,395.27,380.85,7.87
Brazil,South America,Coal,2016,Terawatt-hours (TWh),2631,7499,4111,2091,19.1,1558.72,16021.99,41.22,98.94,7.08
Brazil,Europe,Solar,2020,Terawatt-hours (TWh),30960,5950,3517,8672,50.11,3386.21,18692.62,1196.23,245.97,6.78
Brazil,South America,Solar,2018,Terawatt-hours (TWh),3551,45421,12050,741,60.64,538.76,15593.44,968.57,167.02,8.43
Brazil,North America,Wind,2022,Terawatt-hours (TWh),4095,27119,3915,5561,42.28,2940.29,23840.01,824.34,235.97,6.65
Brazil,Oceania,Wind,2015,Terawatt-hours (TWh),1767,33440,14734,5634,49.89,2560.83,12092.25,19.89,356.14,2.74
Brazil,Europe,Nuclear,2018,Terawatt-hours (TWh),12532,33664,11745,6112,60.36,2261.98,624.43,1026.64,58.32,7.69
Brazil,South America,Hydro,2019,Terawatt-hours (TWh),37492,12096,1428,11585,57.75,4244.68,24237.13,611.88,194.78,3.52
Brazil,Africa,Solar,2024,Terawatt-hours (TWh),25187,20455,7244,6730,36.44,3562.85,2368.29,229.1,320.69,-3.4
Brazil,Africa,Coal,2022,Terawatt-hours (TWh),4116,28387,9158,7986,14.17,2309.24,13559.85,1423.25,97.92,9.83
Brazil,South America,Natural Gas,2023,Terawatt-hours (TWh),43737,18617,10806,13989,11.85,1439.98,24655.15,1284.49,335.9,7.59
Brazil,Africa,Wind,2018,Terawatt-hours (TWh),39365,6207,5375,5434,21.85,322.7,18163.44,100.61,381.71,-1.45
Brazil,North America,Hydro,2016,Terawatt-hours (TWh),34233,28555,13769,8016,9.98,4584.46,23609.42,185.48,272.82,3.37
Brazil,Asia,Oil,2021,Terawatt-hours (TWh),2158,24245,5473,11014,21.9,4659.54,18258.3,424.53,376.08,-2.92
Brazil,Asia,Hydro,2018,Terawatt-hours (TWh),43336,7556,9603,7778,60.82,3550.07,20335.73,551.53,139.17,9.64
Brazil,South America,Wind,2017,Terawatt-hours (TWh),13785,8682,14807,4533,28.5,3990.81,21325.59,486.79,57.18,0.05
Brazil,North America,Oil,2016,Terawatt-hours (TWh),37626,22091,3844,9757,10.92,4552.21,5264.99,1114.11,142.57,4.19
Brazil,North America,Solar,2021,Terawatt-hours (TWh),1765,38559,9378,8261,22.15,4059.72,19648.86,1317.6,141.94,4.31
Brazil,North America,Solar,2024,Terawatt-hours (TWh),8407,14946,14753,19009,39.67,3509.83,21818.54,174.29,286.66,1.22
Brazil,Africa,Coal,2016,Terawatt-hours (TWh),3872,15856,158,5893,36.62,1575.71,17569.57,967.86,154.18,4.58
Brazil,South America,Nuclear,2017,Terawatt-hours (TWh),25092,15074,1837,4761,35.77,2926.31,6247.24,236.8,139.21,0.11
Brazil,Europe,Hydro,2021,Terawatt-hours (TWh),48852,13744,4581,1588,48.03,3170.34,7172.75,580.27,309.72,4.8
Brazil,North America,Wind,2024,Terawatt-hours (TWh),47380,43749,6670,14419,27.64,4209.16,18907.85,482.12,88.12,2.55
Brazil,Oceania,Nuclear,2015,Terawatt-hours (TWh),44812,37311,8192,15320,17.19,4430.23,7270.62,782.17,107.39,9.88
Brazil,Asia,Natural Gas,2023,Terawatt-hours (TWh),19775,20206,685,16482,55.02,943.45,20501.46,823.41,189.9,4.32
Brazil,Africa,Solar,2023,Terawatt-hours (TWh),37156,8609,14157,7001,13.15,4664.08,5348.53,1139.75,365.32,-3.95
Brazil,Africa,Hydro,2021,Terawatt-hours (TWh),11860,24033,2979,159,58.73,686.74,4420.02,1018.38,294.49,9.54
Brazil,South America,Solar,2021,Terawatt-hours (TWh),32350,13810,9152,10591,27.61,1119.87,3440.24,526.64,103.29,1.7
Brazil,Oceania,Oil,2017,Terawatt-hours (TWh),10830,15160,13428,16197,23.51,4805.73,15021.42,666.29,122.13,-0.09
Brazil,South America,Natural Gas,2020,Terawatt-hours (TWh),47272,33016,4223,14836,29.92,3670.83,3080.37,788.29,315.72,-4.24
Brazil,Oceania,Wind,2016,Terawatt-hours (TWh),48814,18979,3574,16836,52.73,3328.32,21102.15,673.7,90.75,-2.68
Brazil,South America,Natural Gas,2023,Terawatt-hours (TWh),41251,8166,14677,16524,21.81,3883.13,19771.63,934.02,307.64,-1.2
Brazil,Europe,Coal,2024,Terawatt-hours (TWh),26073,18514,8260,18778,43.39,4993.85,12773.64,563.87,57.07,-4.73
Brazil,South America,Oil,2015,Terawatt-hours (TWh),13207,39142,6069,10545,52.55,310.82,3996.18,963.4,363.4,0.35
Brazil,Europe,Nuclear,2020,Terawatt-hours (TWh),25858,11591,602,13850,46.06,3808.28,161.5,1045.24,67.91,4.88
Brazil,Europe,Hydro,2020,Terawatt-hours (TWh),39780,47215,1191,13244,36.13,2882.54,435.17,933.36,158.88,5.9
Brazil,Africa,Solar,2019,Terawatt-hours (TWh),16819,17413,4765,10463,5.46,909.02,1810.63,67.86,358.69,-0.83
Brazil,Asia,Coal,2023,Terawatt-hours (TWh),36979,10753,9059,9768,37.49,59.13,2478.8,858.88,298.76,0.34
Brazil,Europe,Coal,2020,Terawatt-hours (TWh),43105,38290,3228,17664,7.82,2362.66,2705.21,1305.78,328.94,6.67
Brazil,Oceania,Natural Gas,2016,Terawatt-hours (TWh),12438,26660,3997,3991,16.21,2805.29,15372.42,139.41,138.97,9.64
Brazil,Europe,Coal,2020,Terawatt-hours (TWh),41862,12532,5349,2433,29.32,599.21,13008.51,539.96,243.41,-4.86
Brazil,Africa,Oil,2024,Terawatt-hours (TWh),15025,38857,14958,1485,54.52,3302.44,8560.96,643.37,271.69,8.7
Brazil,Africa,Hydro,2020,Terawatt-hours (TWh),27045,41771,14166,6581,36.53,1140.39,18633.7,1443.16,166.79,0.4
Brazil,Africa,Wind,2015,Terawatt-hours (TWh),24519,33547,560,12844,25.61,1350.66,15415.64,535.38,151.21,-4.71
Brazil,Oceania,Hydro,2016,Terawatt-hours (TWh),6620,30224,5743,10769,21.35,1940.74,18439.73,490.23,79.62,6.34
Brazil,North America,Hydro,2017,Terawatt-hours (TWh),33216,951,4399,2614,5.12,2096.05,12310.15,1143.01,101.94,3.42
Brazil,South America,Wind,2015,Terawatt-hours (TWh),20310,11503,8391,5225,49.75,4829.68,21803.21,407.21,256.75,-0.04
Brazil,Asia,Natural Gas,2023,Terawatt-hours (TWh),43593,30258,2285,14702,26.15,131.77,18255.43,1040.77,94.06,-3.89
Brazil,North America,Hydro,2016,Terawatt-hours (TWh),22860,38292,11430,14660,64.28,2764.92,5402.67,1185.12,126.52,1.11
Brazil,Africa,Natural Gas,2016,Terawatt-hours (TWh),17746,14448,878,7034,21.8,3456.72,21067.51,1465.9,214.01,-1.05
Brazil,Oceania,Nuclear,2020,Terawatt-hours (TWh),14350,17948,538,8223,52.43,1243.09,3883.5,822.23,133.92,1.07
Brazil,South America,Natural Gas,2018,Terawatt-hours (TWh),40267,17401,12232,10160,52.3,2016.74,5639.32,1372.16,342.39,-2.29
Brazil,South America,Oil,2016,Terawatt-hours (TWh),44659,23737,9678,15869,44.15,3438.86,5621.57,1467.37,85.48,0.1
Brazil,Europe,Oil,2020,Terawatt-hours (TWh),12629,29456,197,3650,26.51,1393.51,4182.78,590.51,132.88,-1.63
Brazil,Africa,Nuclear,2019,Terawatt-hours (TWh),18854,43918,134,16257,5.75,4722.03,4102.02,1444.87,62.98,9.52
Brazil,Europe,Wind,2020,Terawatt-hours (TWh),36244,14228,11112,2407,10.92,253.7,798.53,971.64,252.08,6.43
Brazil,Asia,Coal,2017,Terawatt-hours (TWh),46093,31543,13894,3950,62.77,601.35,4809.94,1035.36,90.05,1.02
Brazil,North America,Hydro,2018,Terawatt-hours (TWh),18781,10365,8796,10006,40.66,1122.57,265.6,1187.11,398.83,4.42
Brazil,South America,Nuclear,2022,Terawatt-hours (TWh),14885,34078,9169,14720,36.31,3415.32,16938.33,393.14,197.01,4.36
Brazil,Oceania,Solar,2019,Terawatt-hours (TWh),1214,10982,5363,19054,7.52,1665.35,3057.61,241.77,53.54,6.87
Brazil,North America,Oil,2016,Terawatt-hours (TWh),15537,11622,7372,10548,39.07,3088.93,22466.57,151.89,63.17,7.77
Brazil,Europe,Hydro,2022,Terawatt-hours (TWh),39715,28283,12062,3123,58.29,149.41,7046.9,433.44,64.55,5.9
Brazil,Europe,Coal,2017,Terawatt-hours (TWh),30639,1654,10147,16648,46.92,612.63,4617.59,1022.29,235.66,0.43
Brazil,North America,Natural Gas,2015,Terawatt-hours (TWh),5239,5144,10091,17569,51.64,4203.77,3343.71,596.31,152.7,6.53
Brazil,South America,Oil,2024,Terawatt-hours (TWh),40090,37455,3718,8674,50.16,4599.78,10755.15,1177.73,260.16,-4.18
Brazil,Europe,Solar,2020,Terawatt-hours (TWh),45041,46757,9248,3847,59.22,4823.28,4710.48,98.87,166.95,0.76
Brazil,North America,Natural Gas,2022,Terawatt-hours (TWh),10406,15773,4590,17525,53.91,4402.44,8376.29,982.13,110.5,9.71
Brazil,Asia,Nuclear,2022,Terawatt-hours (TWh),41194,10053,4921,4903,11.77,3201.25,7336.45,683.38,248.79,5.18
Brazil,North America,Natural Gas,2021,Terawatt-hours (TWh),13792,5907,3595,1501,62.37,488.56,7326.4,838.58,281.84,-3.37
Brazil,North America,Nuclear,2020,Terawatt-hours (TWh),35033,12704,4103,17416,43.26,3356.15,8044.99,144.39,375.08,3.53
Brazil,Africa,Natural Gas,2022,Terawatt-hours (TWh),16915,1114,6001,19182,53.51,590.78,4676.8,191.12,336.07,1.44
Brazil,North America,Nuclear,2021,Terawatt-hours (TWh),5861,48606,370,4489,37.71,661.35,5814.89,894.06,212.85,7.18
Brazil,Asia,Nuclear,2016,Terawatt-hours (TWh),26338,37146,1732,2016,24.63,459.46,24822.17,1235.26,278,8.57
Brazil,Oceania,Oil,2020,Terawatt-hours (TWh),9956,48476,6967,5959,16.43,2388.64,23149.42,861.85,211.14,-1.92
Brazil,South America,Wind,2016,Terawatt-hours (TWh),30230,14788,14643,12474,32.23,3688.48,6658.41,233.02,366.97,-0.71
Brazil,Asia,Coal,2023,Terawatt-hours (TWh),26128,11276,10669,2940,7.49,305.18,20717.12,1018.48,272.68,0.96
Brazil,North America,Coal,2019,Terawatt-hours (TWh),34982,27116,5649,3109,55.84,4764.92,7564.88,1382.11,106.54,3.14
Brazil,Africa,Solar,2021,Terawatt-hours (TWh),17585,21725,7483,10202,40.05,2168.81,23349.91,1196.85,285.69,7.52
Brazil,Asia,Oil,2021,Terawatt-hours (TWh),3544,48074,14555,15966,20.93,4373.85,1881.32,814.96,124.24,7.25
Brazil,North America,Natural Gas,2024,Terawatt-hours (TWh),32649,12320,13246,17527,55.91,4065.95,10453.73,951.99,372.11,-0.52
Brazil,Europe,Nuclear,2024,Terawatt-hours (TWh),49540,30401,6619,17965,18.83,1611.33,9852.84,355.93,396.25,9.64
Brazil,Africa,Natural Gas,2021,Terawatt-hours (TWh),17173,32971,6798,18811,28.67,671.33,5306.53,1082.77,318.93,-1.29
Brazil,Asia,Solar,2021,Terawatt-hours (TWh),17263,14620,844,16707,26.44,2470.39,8465.51,904.81,265.03,5.55
Brazil,Asia,Coal,2019,Terawatt-hours (TWh),43587,39470,14548,10084,18.27,3660.76,16642.95,1370.69,399.89,-0.52
Brazil,South America,Wind,2021,Terawatt-hours (TWh),23086,19225,19,8272,13.64,4906.81,4552.72,151.08,132.16,4.52
Brazil,South America,Nuclear,2020,Terawatt-hours (TWh),11124,6527,13031,14073,42.94,2301.98,9931.23,231.84,195.87,1.41
Brazil,Oceania,Oil,2019,Terawatt-hours (TWh),17420,9321,2469,14575,25.44,821.34,18260.41,591.92,101.1,1.49
Brazil,South America,Wind,2017,Terawatt-hours (TWh),33193,19542,4761,19617,6,3593.82,14881.17,110.71,236.18,1.6
Brazil,North America,Oil,2020,Terawatt-hours (TWh),46335,12431,5219,5024,62.97,4858.4,17499.82,433.62,71.21,1.14
Brazil,Africa,Nuclear,2019,Terawatt-hours (TWh),32402,23242,11612,13591,66.85,4837.53,3231.43,266.35,205.07,7.15
Brazil,South America,Hydro,2023,Terawatt-hours (TWh),32371,41590,831,6312,21.28,3857.22,4044.13,1489.32,110.08,5.65
Brazil,North America,Nuclear,2022,Terawatt-hours (TWh),33724,38743,8488,3006,17.7,4931.96,21302.18,243.38,267.06,7.27
Brazil,Asia,Wind,2015,Terawatt-hours (TWh),45405,34498,11930,15860,45.39,50.08,15847.65,912.55,279.46,1.13
Brazil,North America,Oil,2018,Terawatt-hours (TWh),49303,36533,3740,10233,25.27,4674.64,8884.81,748.38,238.98,5.48
Brazil,South America,Solar,2020,Terawatt-hours (TWh),19249,21020,14694,11170,32.48,3070.5,19669.18,1001.58,397.72,0.23
Brazil,Asia,Wind,2018,Terawatt-hours (TWh),24574,9745,11577,11827,66.36,4476.67,24794.67,1349.01,173.1,1.97
Brazil,North America,Solar,2022,Terawatt-hours (TWh),44361,11319,6052,1895,15.82,2114.44,22451,948.37,117.17,4.65
Brazil,Europe,Wind,2017,Terawatt-hours (TWh),35771,8020,5471,10320,59.46,1220.18,12984.92,193.87,264.63,6.85
Brazil,North America,Solar,2015,Terawatt-hours (TWh),15128,14807,13226,9294,10.87,2982.69,7009.02,775.87,104.29,6.96
Brazil,South America,Hydro,2015,Terawatt-hours (TWh),22909,2921,11712,7190,16.55,4338.66,20249.27,171.87,56.76,-0.78
Brazil,Europe,Natural Gas,2021,Terawatt-hours (TWh),47057,49511,10900,11561,54.49,3370.61,13843.73,1051.56,118.02,2.85
Brazil,Oceania,Hydro,2018,Terawatt-hours (TWh),37381,42631,12935,7157,25.42,1996.97,4143.41,91.53,163.1,-2.79
Brazil,South America,Coal,2022,Terawatt-hours (TWh),18173,35724,11889,11998,45.04,2709.58,10026.32,498.96,272.36,5.68
Brazil,North America,Solar,2016,Terawatt-hours (TWh),10873,19738,1547,9583,69.29,1713.97,24645.22,1208.75,135.27,-2.85
Brazil,Oceania,Natural Gas,2022,Terawatt-hours (TWh),6220,7787,462,9274,13.75,4880.43,19891.22,650.8,304.79,3.7
Brazil,Europe,Coal,2020,Terawatt-hours (TWh),32890,8554,871,9610,49.65,1202.9,9063.63,310.16,118.44,-3.28
Brazil,North America,Oil,2024,Terawatt-hours (TWh),37721,9912,13131,11163,40.63,588.61,19844.45,695.17,185.39,0.84
Brazil,South America,Oil,2017,Terawatt-hours (TWh),20013,29740,10294,17579,62.28,4971.23,9122.84,1389.55,148.44,1.62
Brazil,South America,Oil,2023,Terawatt-hours (TWh),1044,4150,13125,11356,38.64,4801.5,4204.81,792.19,364.4,4.86
Brazil,North America,Solar,2016,Terawatt-hours (TWh),33836,38140,2130,11157,62.97,4611.73,8405.74,829.59,148.2,-4
Brazil,Oceania,Nuclear,2023,Terawatt-hours (TWh),35213,15230,11368,13255,55.91,401.13,3414.51,1026.44,200.59,7.4
Brazil,Oceania,Hydro,2024,Terawatt-hours (TWh),4368,6590,8181,7691,58.72,3060.19,8144.04,467,399.04,7.91
Brazil,North America,Wind,2021,Terawatt-hours (TWh),16060,32435,746,2010,24.56,3090.35,20346.71,257.99,102.15,9.35
Brazil,South America,Hydro,2024,Terawatt-hours (TWh),35675,45024,7148,15386,68.09,4136.82,6927.79,254.89,73.8,1.1
Brazil,Europe,Hydro,2023,Terawatt-hours (TWh),8170,17927,7037,11513,41.8,4842.19,14258.38,500.07,173.99,-3.4
Brazil,South America,Wind,2017,Terawatt-hours (TWh),31087,7991,2485,3301,42.46,957.61,13268.07,1456.88,110.69,8.12
Brazil,Africa,Natural Gas,2016,Terawatt-hours (TWh),22438,513,9487,5109,10.48,829.44,2773.39,253.61,91.64,8.58
Brazil,North America,Natural Gas,2015,Terawatt-hours (TWh),22428,9853,1431,4564,11.77,1820.28,23057.08,1102.79,77.15,1.69
Brazil,Europe,Oil,2023,Terawatt-hours (TWh),10107,32577,1547,8642,53.45,4457.84,20562.7,396.25,247.9,-1.51
Brazil,South America,Solar,2018,Terawatt-hours (TWh),40058,40284,9171,18127,53.88,3075.68,21238.23,1317.13,118.87,7.52
Brazil,Asia,Hydro,2019,Terawatt-hours (TWh),8492,9947,11684,19088,27.35,2899.04,14279.97,775.52,286.03,9.24
Brazil,South America,Oil,2024,Terawatt-hours (TWh),25878,47512,7689,5362,34.03,104.82,23951.39,1009.47,213.75,5.92
Brazil,North America,Nuclear,2023,Terawatt-hours (TWh),14190,46532,1567,171,20.96,991.36,4242.04,627.4,291.04,-3.23
Brazil,Oceania,Coal,2023,Terawatt-hours (TWh),38089,30390,13029,17004,69.2,4147.26,23626.38,763.29,307.07,8.2
Brazil,Asia,Oil,2018,Terawatt-hours (TWh),34209,10458,8713,6027,54.96,2751.98,13674.78,741.82,315.48,-0.99
Brazil,Africa,Wind,2016,Terawatt-hours (TWh),42030,12493,12138,10367,46.51,467.59,448.29,286,71.36,1.6
Brazil,Oceania,Oil,2020,Terawatt-hours (TWh),2142,29098,9894,2544,5.92,4321.17,15708.41,660.14,150.19,-0.62
Brazil,North America,Oil,2021,Terawatt-hours (TWh),25778,34032,2136,2897,52.18,528.24,12054.6,602.82,278.11,2.11
Brazil,Oceania,Oil,2018,Terawatt-hours (TWh),15362,9782,6966,9537,59.62,3853.55,14379.47,1097.39,70.89,9.88
Brazil,North America,Hydro,2022,Terawatt-hours (TWh),21870,16162,7880,12548,17.16,653.44,12483.39,1238.59,399.09,7.7
Brazil,Africa,Coal,2022,Terawatt-hours (TWh),17905,39678,6581,14873,33.92,2158.1,17685.1,554.31,384.72,5.12
Brazil,North America,Hydro,2019,Terawatt-hours (TWh),41084,28071,8487,12117,57.63,4424.6,868.67,881.88,273.29,-2.01
Brazil,North America,Oil,2022,Terawatt-hours (TWh),34639,6458,12131,5167,6.11,221.08,18754.87,1144.54,297.4,5.3
Brazil,South America,Solar,2022,Terawatt-hours (TWh),9252,42487,6738,11911,67.66,2154.35,3185.11,626.87,213.71,-2.74
Brazil,Africa,Solar,2016,Terawatt-hours (TWh),35326,8586,3078,2890,36.42,3574.06,11926.08,1004.04,267.35,7.38
Brazil,Africa,Solar,2023,Terawatt-hours (TWh),28119,12879,12620,19880,47.16,3457.43,5570.4,1432.78,107.54,-3.52
Brazil,Europe,Natural Gas,2018,Terawatt-hours (TWh),37543,18460,6002,13103,31.9,4728.78,16637.87,297.95,93.7,2.46
Brazil,Africa,Wind,2020,Terawatt-hours (TWh),38690,38324,8873,8376,62.05,2602.13,5977.02,1288.25,243.38,4.74
Brazil,Asia,Solar,2016,Terawatt-hours (TWh),48269,3488,1495,11022,55.67,4411.75,21704.64,1406.54,289.4,3.25
Brazil,Asia,Oil,2022,Terawatt-hours (TWh),44034,4461,1058,16573,65.29,4886.54,11243.51,275.8,87.52,-4.21
Brazil,Asia,Natural Gas,2022,Terawatt-hours (TWh),30746,5457,3659,8142,59.66,1534.32,7536.24,869.88,307.36,8.17
Brazil,North America,Hydro,2017,Terawatt-hours (TWh),26019,49336,56,17152,42.95,4141.11,17741.79,1443.53,303.16,-4.02
Brazil,Oceania,Nuclear,2017,Terawatt-hours (TWh),21452,5689,10084,11967,35.45,1800.97,8914.99,1494.57,57.53,-0.93
Brazil,South America,Natural Gas,2015,Terawatt-hours (TWh),10649,10720,3224,13640,67.87,2164.14,17426.93,397.19,271.25,-2.89
Brazil,Asia,Solar,2017,Terawatt-hours (TWh),21840,42416,14422,5678,24.07,3711.17,10550.86,1315.75,93.47,-1.98
Brazil,Asia,Nuclear,2019,Terawatt-hours (TWh),37563,33489,11558,18515,69.81,179.73,911.49,893.52,101.55,-4.67
Brazil,Oceania,Solar,2021,Terawatt-hours (TWh),5161,24705,9959,7740,43.98,2601.09,11774.72,401.56,383.61,8.45
Brazil,Africa,Coal,2016,Terawatt-hours (TWh),8780,1629,14251,18704,5.09,1378.08,15165.59,788.86,387.35,9.77
Brazil,South America,Coal,2015,Terawatt-hours (TWh),47473,35965,3560,8890,48.82,2651.81,16979.59,1309.31,332.95,0.07
Brazil,North America,Hydro,2021,Terawatt-hours (TWh),32107,22780,7807,19836,20.65,2274.61,13478.92,421.37,257.29,0.05
Brazil,Oceania,Natural Gas,2016,Terawatt-hours (TWh),3459,16966,12644,13574,46.43,1633.86,17708.37,735.5,359.47,-0.75
Brazil,Africa,Coal,2017,Terawatt-hours (TWh),44683,20998,7152,5301,65.51,3095.97,17334.77,1399.74,151.67,3.12
Brazil,South America,Wind,2019,Terawatt-hours (TWh),10473,11148,14247,12706,20.89,3322.15,12241.76,667.61,102.06,4.59
Brazil,South America,Coal,2024,Terawatt-hours (TWh),45123,5466,4526,4741,23.28,3147.99,8614.07,1156.6,197.43,5.32
Brazil,North America,Wind,2023,Terawatt-hours (TWh),5588,14164,7606,17123,34.77,4520.8,23404.57,819.96,316.89,-3.44
Brazil,Asia,Hydro,2024,Terawatt-hours (TWh),22985,44960,4167,1789,56.89,322.6,1185.18,584.12,205.29,2.54
Brazil,Asia,Nuclear,2016,Terawatt-hours (TWh),2190,9240,11963,4190,57.15,1117.27,19194.64,1423.26,372.77,2.27
Brazil,Oceania,Natural Gas,2017,Terawatt-hours (TWh),48362,7444,10137,9400,54.27,3757.61,11118,1063.78,102.37,4.14
Brazil,Europe,Wind,2015,Terawatt-hours (TWh),3308,27532,3225,7455,26.02,2459.61,3188.24,586.65,51.83,6.49
Brazil,Africa,Wind,2016,Terawatt-hours (TWh),14008,50367,13672,3500,48.85,4281.84,18434.74,601.31,106.87,2.25
Brazil,North America,Nuclear,2023,Terawatt-hours (TWh),18543,22513,13953,17031,48.61,1187.55,18829.47,1324.77,261.67,5.13
Brazil,Oceania,Solar,2022,Terawatt-hours (TWh),44995,8354,7051,10214,21.15,3773.65,8558.94,588.61,386.74,-4.94
Brazil,South America,Coal,2020,Terawatt-hours (TWh),35234,13320,5443,4537,27.27,1003.39,17738.6,289.19,360.73,-4.23
Brazil,Europe,Oil,2017,Terawatt-hours (TWh),35282,29029,3907,11109,38.14,2212.23,9142.96,1309.2,56.56,-2.11
Brazil,Oceania,Coal,2020,Terawatt-hours (TWh),26044,39285,7685,7317,26.04,3961.9,2462.43,1239.54,328.13,-1.92
Brazil,Europe,Hydro,2016,Terawatt-hours (TWh),47894,21094,11898,16595,16.13,1315.64,11478.06,913.08,269.56,8.16
Brazil,Oceania,Natural Gas,2022,Terawatt-hours (TWh),39419,5799,6940,1493,24.16,497.12,3920.35,113.42,124.63,3.5
Brazil,North America,Oil,2015,Terawatt-hours (TWh),12859,42101,2408,12699,44.18,4776.41,19120.01,985.87,326.84,-0.54
Brazil,North America,Natural Gas,2015,Terawatt-hours (TWh),14323,17557,2198,17619,9.37,441.25,12047.68,1042.05,323.01,1.46
Brazil,South America,Solar,2016,Terawatt-hours (TWh),31551,26814,13037,12860,31.82,4339.11,1313.8,751.29,390.26,-4.41
Brazil,North America,Natural Gas,2024,Terawatt-hours (TWh),1575,39148,14963,2403,45.05,971.35,19102.5,749.77,109.53,6.64
Brazil,Europe,Nuclear,2024,Terawatt-hours (TWh),21875,11832,9330,19841,55.48,1925.24,24070.38,850.74,258.22,-4.69
Brazil,North America,Hydro,2023,Terawatt-hours (TWh),40208,48078,1220,10497,26.36,2942.83,23686.97,1493.89,208.97,5.46
Brazil,North America,Solar,2018,Terawatt-hours (TWh),48282,41584,11759,325,38.7,1213.87,4582.52,445.92,374.4,0.11
Brazil,Europe,Wind,2021,Terawatt-hours (TWh),5388,26803,11928,9469,41.11,4121.83,18421.17,1243.36,222.02,8.15
Brazil,Africa,Solar,2023,Terawatt-hours (TWh),39528,8128,6430,19788,61.9,3370.82,13287.76,1309.59,121.34,0.44
Brazil,North America,Oil,2017,Terawatt-hours (TWh),46354,31238,6326,16957,20.03,1529.9,16698.47,785.88,367.54,6.33
Brazil,Africa,Wind,2023,Terawatt-hours (TWh),15499,24136,9028,10695,37.86,2314.27,700.32,1296.35,317.6,7.91
Brazil,North America,Nuclear,2016,Terawatt-hours (TWh),24555,38108,2053,15732,10.39,4269.78,5790.48,150.32,83.32,-3.89
Brazil,North America,Hydro,2016,Terawatt-hours (TWh),3963,34148,1113,1974,57.17,690.93,10701.09,945.7,389.72,-4.01
Brazil,Asia,Oil,2019,Terawatt-hours (TWh),4018,46704,1348,5322,50.59,915.94,3126.35,1263.03,379.3,6.78
Brazil,North America,Wind,2019,Terawatt-hours (TWh),14676,38525,6568,9862,56.91,640.85,18772,460.77,374.6,4.3
Brazil,Europe,Nuclear,2023,Terawatt-hours (TWh),40952,34644,12135,17484,6.53,1136.84,10409.71,1363.92,288.68,9.08
Brazil,North America,Wind,2024,Terawatt-hours (TWh),35741,12485,3894,9471,69.28,1797.72,23197.23,614.16,57.29,3.14
Brazil,Oceania,Hydro,2022,Terawatt-hours (TWh),13285,1940,13805,16145,64.27,4509.59,5337.22,996.57,313.41,-2.07
Brazil,Oceania,Solar,2023,Terawatt-hours (TWh),7771,10766,11159,1550,31.5,2761.93,19742.08,1291.71,211.8,4.67
Brazil,South America,Solar,2018,Terawatt-hours (TWh),5491,28333,9980,13628,13.56,1840.99,15007.71,187.72,377.9,8.95
Brazil,South America,Coal,2019,Terawatt-hours (TWh),14263,23353,6833,11679,32.23,1094.48,18941.8,322.79,195.78,3.12
Brazil,South America,Natural Gas,2018,Terawatt-hours (TWh),17908,25102,9527,9449,51.76,2626.14,13768.49,1266.63,107.59,-2.07
Brazil,Oceania,Nuclear,2022,Terawatt-hours (TWh),25676,6678,13246,3905,31.88,521.04,21706.77,203.55,67.39,0.77
Brazil,Asia,Natural Gas,2020,Terawatt-hours (TWh),12726,6574,10680,15627,63.4,3615.35,19122.31,681.33,68.44,3.53
Brazil,Asia,Wind,2023,Terawatt-hours (TWh),13699,25658,5338,18991,40.42,3869.74,2447.03,593.53,179.94,6.64
Brazil,Oceania,Wind,2023,Terawatt-hours (TWh),26611,27628,2057,19119,58.99,4928.35,23395.06,390.98,157.76,6.49
Brazil,North America,Wind,2019,Terawatt-hours (TWh),19136,46972,10392,10896,28.81,1995.83,10037.6,524.35,299.01,7.87
Brazil,South America,Nuclear,2020,Terawatt-hours (TWh),49254,49746,1378,6958,32.84,499.33,6902.93,358.69,296.44,-3.19
Brazil,Africa,Oil,2015,Terawatt-hours (TWh),14030,3331,452,19134,12.35,4768.93,1452.55,1304.72,68.79,7.6
Brazil,Asia,Solar,2019,Terawatt-hours (TWh),28448,8036,8137,11235,20.25,3674.73,9165.5,1090.9,221.4,-3.39
Brazil,North America,Natural Gas,2016,Terawatt-hours (TWh),47682,48405,9162,15173,9.05,642.77,15612.14,1305.27,280.59,7.9
Brazil,Europe,Wind,2022,Terawatt-hours (TWh),39353,35902,274,7276,35.63,753.07,20613.64,790.33,218.36,9.87
Brazil,Africa,Natural Gas,2022,Terawatt-hours (TWh),30043,21645,10546,18855,28.83,4626.11,9943.31,277.2,204.16,-4.8
Brazil,Oceania,Natural Gas,2015,Terawatt-hours (TWh),32889,43666,10748,8754,19.7,4658.67,8744.78,63.88,185.5,7.98
Brazil,Europe,Oil,2017,Terawatt-hours (TWh),16622,8808,1087,2678,37,3498.91,22058.86,1196.87,118.07,1.55
Brazil,Asia,Hydro,2024,Terawatt-hours (TWh),805,40218,5776,3618,22.09,1510.96,18542.55,1034.58,264.28,5.05
Brazil,South America,Coal,2023,Terawatt-hours (TWh),18458,4944,4381,12719,13.51,2934.56,14012.98,1175.74,385.9,-0.16
Brazil,Oceania,Wind,2020,Terawatt-hours (TWh),43063,41453,4040,10865,48.41,2147.44,5693.53,965.72,398.67,4.27
Brazil,Europe,Wind,2023,Terawatt-hours (TWh),17426,17738,2072,9796,35.93,1627.62,2726.27,1099.57,155.96,1.87
Brazil,North America,Oil,2023,Terawatt-hours (TWh),28515,51273,6328,569,33.16,1952.93,24498.89,506.15,100.22,1.71
Brazil,Europe,Wind,2016,Terawatt-hours (TWh),37263,49375,11129,7039,16.35,3594.64,19983.54,756.44,379.46,7.56
Brazil,Africa,Oil,2018,Terawatt-hours (TWh),14467,3266,13136,22,36.47,962.94,19429.01,453.54,370.62,7.55
Brazil,North America,Nuclear,2017,Terawatt-hours (TWh),36087,30311,3917,3039,6.34,1975.32,5766.28,1465.06,316.49,2.49
Brazil,North America,Oil,2020,Terawatt-hours (TWh),30342,27018,7002,18891,40.88,4306.85,22194.65,1138.91,98.22,1.73
Brazil,Africa,Wind,2024,Terawatt-hours (TWh),17558,6405,12616,11421,49.11,3839.5,24696.14,1366.67,371.65,0.15
Brazil,Oceania,Natural Gas,2015,Terawatt-hours (TWh),14094,47676,6174,11381,36.51,179.53,24867.46,1155.48,204.23,-3.83
Brazil,Africa,Hydro,2016,Terawatt-hours (TWh),25244,51438,14172,5329,40.21,4728.68,20837.31,619.87,324.1,1.83
Brazil,Asia,Oil,2023,Terawatt-hours (TWh),18445,12201,3542,17955,43.95,1261.52,18940.42,1196.71,193.07,8.58
Brazil,Europe,Hydro,2022,Terawatt-hours (TWh),1464,35054,10332,16891,26.94,3708.52,4065.06,1263.27,185.67,-0.26
Brazil,Europe,Nuclear,2020,Terawatt-hours (TWh),21477,24801,10448,19633,14.48,4701.85,8772.21,804.26,342.73,-4.53
Brazil,Europe,Solar,2021,Terawatt-hours (TWh),13695,17781,3645,6071,15.23,4187.98,21038.18,1027.89,160.61,1.83
Brazil,Asia,Oil,2024,Terawatt-hours (TWh),37246,30629,6797,8432,69.41,1330.86,9012.56,552.32,88.6,9
Brazil,Africa,Coal,2024,Terawatt-hours (TWh),4990,1384,14182,10387,57.02,3701.31,15090.93,1490.41,320.38,6.15
Canada,South America,Oil,2016,Terawatt-hours (TWh),30772,27402,9598,2390,47.24,4261.34,7947.59,27.08,295.47,1.64
Canada,Asia,Coal,2023,Terawatt-hours (TWh),17260,22654,4067,1465,54.32,2678.67,2849.94,1062.27,75.1,9.84
Canada,South America,Coal,2016,Terawatt-hours (TWh),44315,33885,1218,16957,8.69,570.14,8691.59,638.49,391.57,8.91
Canada,Oceania,Solar,2024,Terawatt-hours (TWh),9757,25945,10137,774,26.59,725.53,12648.86,363,158.22,-0.62
Canada,Europe,Coal,2018,Terawatt-hours (TWh),27676,42263,9866,7424,61.65,4524.29,22332.1,983.1,325.76,3.45
Canada,Africa,Solar,2017,Terawatt-hours (TWh),39703,22859,7286,19240,50.37,2991.52,12238.57,335.11,79.76,-0.8
Canada,Asia,Oil,2015,Terawatt-hours (TWh),39084,2051,14356,1354,39.32,4723.51,13849.17,110.24,116.57,8.33
Canada,North America,Wind,2016,Terawatt-hours (TWh),42053,27892,258,6078,47.92,1782.88,3564.58,459.89,362.66,-3.24
Canada,North America,Oil,2017,Terawatt-hours (TWh),2426,40182,10097,7105,15.92,3741.05,24352.91,1263.98,151.27,-1.98
Canada,Asia,Nuclear,2021,Terawatt-hours (TWh),4638,29536,7042,7489,19.17,4426.98,972.18,1030.05,319,2.11
Canada,Europe,Coal,2016,Terawatt-hours (TWh),38579,18978,5911,9299,46.5,4908.24,17738.58,113.23,144.34,5.6
Canada,Asia,Coal,2022,Terawatt-hours (TWh),48280,25359,14559,3206,10.68,4421.85,21513.55,406.74,334.12,0.7
Canada,Europe,Wind,2022,Terawatt-hours (TWh),49101,10915,4312,1109,55.79,246.78,11470.8,852.22,69.48,3.86
Canada,North America,Nuclear,2018,Terawatt-hours (TWh),27148,10843,6179,3106,44.79,4572.12,13816.47,950.26,137.49,-4.61
Canada,North America,Nuclear,2021,Terawatt-hours (TWh),34282,27607,12651,18424,16.61,708.18,8978.52,860.85,350.08,3.08
Canada,Oceania,Coal,2024,Terawatt-hours (TWh),19492,12264,328,17149,5.67,1790.7,19732.74,644.81,343.6,-0.58
Canada,South America,Coal,2023,Terawatt-hours (TWh),35223,30254,12884,19946,52.68,297.36,6570.07,1353.41,338.74,2.1
Canada,South America,Nuclear,2020,Terawatt-hours (TWh),20279,49131,14472,19920,26.36,537.82,6876.51,142.71,314.26,9.55
Canada,South America,Nuclear,2015,Terawatt-hours (TWh),26097,43956,5351,15370,14.69,1503.87,12276.34,801.63,328.76,6.26
Canada,Oceania,Oil,2019,Terawatt-hours (TWh),28924,906,11253,11268,66.37,522.6,21603.51,834.86,256.26,5.43
Canada,Asia,Coal,2019,Terawatt-hours (TWh),29129,8100,5669,13401,65.38,301.22,16739.2,1130.31,298.41,9.37
Canada,North America,Solar,2022,Terawatt-hours (TWh),13114,36686,7403,19098,58.45,3363.44,23896.63,473.87,151.97,0.7
Canada,Oceania,Coal,2020,Terawatt-hours (TWh),31209,9496,838,3960,36.15,194.86,4454.4,1087.06,259.9,2.37
Canada,Africa,Hydro,2015,Terawatt-hours (TWh),46108,22116,7219,16712,57.5,4704.4,15072.19,847.4,331.33,7.51
Canada,Africa,Solar,2023,Terawatt-hours (TWh),41394,35562,3310,7124,23.67,1786.58,8530.31,1437.05,78.78,-4.81
Canada,Africa,Oil,2018,Terawatt-hours (TWh),8234,45141,2217,9732,9.84,3290.93,12634.05,997.17,265.81,-4.67
Canada,Europe,Wind,2023,Terawatt-hours (TWh),49459,20563,9109,566,7.97,1416.36,6597.68,595.56,366.49,5.6
Canada,South America,Coal,2024,Terawatt-hours (TWh),47113,38122,12438,18320,33.63,4718.6,11191.33,1217.52,201.14,0.66
Canada,Asia,Wind,2024,Terawatt-hours (TWh),12891,3875,6166,5801,14.97,2651.52,19002.43,749.97,66.66,7.71
Canada,South America,Wind,2019,Terawatt-hours (TWh),42470,23670,8169,5500,13.04,4161.06,17925.81,1046.27,100.23,-1.61
Canada,South America,Coal,2018,Terawatt-hours (TWh),24052,25440,12724,9757,9.73,3346.76,24557.53,39.81,387.4,5.82
Canada,Oceania,Natural Gas,2016,Terawatt-hours (TWh),14618,43873,14076,15760,20.52,4790.96,2937.08,1239.76,242.24,1.11
Canada,Oceania,Coal,2016,Terawatt-hours (TWh),36180,10496,4121,5124,61.29,4809.77,23727.27,1225.07,135.06,7.57
Canada,Europe,Coal,2016,Terawatt-hours (TWh),30797,13527,10621,17530,36.11,4551.34,9688.53,1391.53,66.25,-0.8
Canada,Oceania,Hydro,2019,Terawatt-hours (TWh),33322,38839,1066,14728,38.77,587.19,5448.86,935.44,297.55,4.11
Canada,Europe,Hydro,2020,Terawatt-hours (TWh),21250,18557,10138,13838,18.51,4177.82,22108.41,1469.02,56.46,0.43
Canada,Oceania,Hydro,2021,Terawatt-hours (TWh),36881,8313,1327,8065,69.2,121.77,16731.4,919.11,354.5,8.22
Canada,Asia,Oil,2022,Terawatt-hours (TWh),29115,24904,1552,5307,21.46,171.65,7930.68,1364.82,305.09,6.79
Canada,North America,Natural Gas,2024,Terawatt-hours (TWh),18959,37512,1029,495,5.4,1054.48,3885.36,160.86,226.22,-3.41
Canada,Africa,Solar,2017,Terawatt-hours (TWh),46439,24223,4675,11195,58.08,3731.42,23795.78,1422.02,284.91,-0.85
Canada,South America,Nuclear,2020,Terawatt-hours (TWh),10568,44904,14456,1346,16.21,2822.82,2646.86,906.36,256.9,-3.49
Canada,North America,Nuclear,2021,Terawatt-hours (TWh),41682,31095,2078,5690,64.23,2420.35,17304.6,816.41,293.14,-3.74
Canada,Asia,Hydro,2021,Terawatt-hours (TWh),32674,44753,11165,5440,63.34,3668.35,24184.77,851.14,284.23,-3.43
Canada,South America,Oil,2023,Terawatt-hours (TWh),44780,16598,12433,14674,37.77,2657.65,22432.41,1218.52,300.94,1.66
Canada,Asia,Nuclear,2022,Terawatt-hours (TWh),26479,33036,14576,16761,18.25,3334.25,22828.49,1053.32,202.24,8.88
Canada,Europe,Oil,2024,Terawatt-hours (TWh),7928,22427,2153,2216,58.89,1345.74,9203.37,1286.76,277.71,4.16
Canada,Europe,Hydro,2018,Terawatt-hours (TWh),4284,23949,3809,2548,30.88,1196.26,19042.07,782.28,111.56,-4.11
Canada,Asia,Oil,2015,Terawatt-hours (TWh),31732,8907,6409,107,31.7,4023.07,21662.13,1208.82,298.44,-1.1
Canada,Europe,Coal,2018,Terawatt-hours (TWh),24221,39774,12309,18583,5.98,3234.85,15040.9,87.33,286.11,-4.39
Canada,South America,Solar,2017,Terawatt-hours (TWh),13729,9409,2719,909,27.43,2100.92,1852.09,1076.25,294.49,4.27
Canada,North America,Nuclear,2019,Terawatt-hours (TWh),13241,3725,5543,3474,49.98,1926.19,13937.05,1452.72,328.6,-0.57
Canada,Africa,Nuclear,2019,Terawatt-hours (TWh),24919,33720,1520,6389,26.81,1813.48,14293.21,975.81,280.21,8.24
Canada,South America,Coal,2020,Terawatt-hours (TWh),18516,690,7939,7166,15.15,4298.03,3441.04,920.68,249.89,6.72
Canada,Europe,Wind,2022,Terawatt-hours (TWh),36616,13418,14201,15017,46.62,1505.35,4601.97,627.32,80.12,8.67
Canada,Asia,Wind,2015,Terawatt-hours (TWh),33438,5984,12629,6041,66.33,4259.21,13486.97,109.11,309.04,3.3
Canada,North America,Wind,2015,Terawatt-hours (TWh),42035,31270,2268,10333,48.36,158.14,10935.28,686.92,341.18,-4.53
Canada,Europe,Natural Gas,2019,Terawatt-hours (TWh),41911,2091,4438,18517,12.76,4400.21,22649.99,851.16,113.29,1.7
Canada,Asia,Natural Gas,2021,Terawatt-hours (TWh),11056,3304,2985,6137,27.32,1970.13,14947.35,95.84,51.75,0.21
Canada,South America,Natural Gas,2021,Terawatt-hours (TWh),44994,19164,4989,8595,35.94,2317.18,8834.31,220.95,340.41,3.42
Canada,North America,Wind,2016,Terawatt-hours (TWh),32632,34921,2074,11356,58.3,1704.55,1888.93,1325.22,338.83,0.22
Canada,Oceania,Nuclear,2015,Terawatt-hours (TWh),16425,18425,4674,193,34.79,3991.61,20082.8,57.89,71.62,8.81
Canada,North America,Coal,2024,Terawatt-hours (TWh),13568,37466,3078,10227,57.95,4262.39,8636.16,1095.54,268.62,-3.04
Canada,Oceania,Solar,2016,Terawatt-hours (TWh),11557,33171,5551,15947,26.37,4013.62,10127.77,1245.57,363.52,-0.33
Canada,Europe,Hydro,2015,Terawatt-hours (TWh),26176,10893,3679,4516,64.54,2718.24,19042.72,1107,269.85,-4.04
Canada,Asia,Hydro,2019,Terawatt-hours (TWh),49847,46732,1373,3669,61.16,1574.59,22706.32,259.73,356.16,2.06
Canada,Asia,Coal,2023,Terawatt-hours (TWh),45589,13362,10422,11080,54.55,3233.96,1832.82,1401.73,213.23,1.46
Canada,South America,Oil,2024,Terawatt-hours (TWh),17185,50934,10004,10398,9.78,4780.7,12531.81,450.47,207.98,4.71
Canada,North America,Hydro,2019,Terawatt-hours (TWh),11856,34291,2533,6306,52.46,3491.42,15536.6,430.66,395,-2.02
Canada,Asia,Natural Gas,2017,Terawatt-hours (TWh),45417,21965,11624,17248,40.97,3348.41,15048.93,1097.6,89.89,5.28
Canada,South America,Hydro,2019,Terawatt-hours (TWh),28795,16348,7630,5008,32.42,2242.38,19371.52,1311.31,231.99,1.19
Canada,Europe,Coal,2020,Terawatt-hours (TWh),31801,35973,2484,17875,10.66,827.12,253.46,743.07,169.05,8.14
Canada,Europe,Wind,2023,Terawatt-hours (TWh),47908,25026,9161,16038,45.48,3626.49,3962.54,971.51,389.59,-0.03
Canada,Europe,Hydro,2021,Terawatt-hours (TWh),31123,50798,5628,14515,13.96,391.48,6928.84,609.5,305.64,-1.14
Canada,North America,Coal,2019,Terawatt-hours (TWh),28585,20736,14540,11267,65.62,3378.32,3026.96,694.15,153.65,-4.07
Canada,Europe,Wind,2021,Terawatt-hours (TWh),45987,22569,13269,14977,45.96,4028.66,7876.3,800.43,212.33,3.37
Canada,Europe,Solar,2021,Terawatt-hours (TWh),3640,40925,12080,14854,5.48,2425.36,15192.95,657.83,248.08,4.11
Canada,Asia,Nuclear,2023,Terawatt-hours (TWh),8004,21975,4490,15582,43.83,2494.18,676.93,762.79,59.64,8.79
Canada,Europe,Natural Gas,2015,Terawatt-hours (TWh),24196,1105,11285,2017,28.19,4164.75,7483.32,1379.26,186.34,9.41
Canada,South America,Solar,2023,Terawatt-hours (TWh),18065,20552,2764,11946,41.65,396.78,16193.61,252.78,160.98,0.13
Canada,Asia,Oil,2018,Terawatt-hours (TWh),12594,8563,11454,571,65.96,2080.64,9408.12,159.58,359.49,4.63
Canada,Africa,Hydro,2024,Terawatt-hours (TWh),6794,12117,12888,16032,6.03,1627.44,23404.77,1286.48,328.39,9.23
Canada,North America,Natural Gas,2022,Terawatt-hours (TWh),48053,41500,3553,11843,36.27,3018.34,12488.65,125.52,281.69,0.88
Canada,South America,Natural Gas,2018,Terawatt-hours (TWh),11273,11116,9199,10863,69.45,4019.5,24156.47,881.04,232.17,-2.06
Canada,Asia,Coal,2022,Terawatt-hours (TWh),45860,46808,139,11580,28.51,3995.21,6788.03,904.28,217.33,7.23
Canada,Asia,Oil,2022,Terawatt-hours (TWh),46341,25982,6778,1754,52.22,1138.72,2076.61,24.15,117.5,-1.39
Canada,Africa,Coal,2018,Terawatt-hours (TWh),40112,3057,983,7755,27.65,3555.33,22606.13,1128.63,75.78,2.07
Canada,South America,Natural Gas,2020,Terawatt-hours (TWh),22078,41075,6853,7369,11.32,3779.18,24790.64,511.56,225.41,2.44
Canada,Oceania,Solar,2024,Terawatt-hours (TWh),44890,27448,12110,4797,67.66,2739.4,7367.09,743.98,66.12,1.95
Canada,Europe,Nuclear,2018,Terawatt-hours (TWh),31335,47943,7268,19984,52.9,2530.53,8887.63,688.18,257.51,5.53
Canada,North America,Nuclear,2023,Terawatt-hours (TWh),14283,39880,5877,10329,27.59,4045.08,22689.93,177.15,73.14,8.45
Canada,Asia,Hydro,2019,Terawatt-hours (TWh),36249,37675,13886,14072,34.6,2825.21,24495.61,333.47,160.02,2.19
Canada,Oceania,Solar,2024,Terawatt-hours (TWh),36981,14368,4127,14823,65.84,4607.78,13195.87,978.29,73.66,6.2
Canada,Africa,Hydro,2019,Terawatt-hours (TWh),8085,17890,11926,3865,17.55,4447.9,17688.18,1163.84,214.26,3.94
Canada,Europe,Natural Gas,2021,Terawatt-hours (TWh),1484,22214,1564,2395,6.67,4686.78,7845.16,954.31,297.31,8.48
Canada,Asia,Oil,2015,Terawatt-hours (TWh),30583,7042,3343,1286,17.46,771.26,23907.49,627.97,337.1,1.15
Canada,Europe,Coal,2016,Terawatt-hours (TWh),48770,37531,4014,8898,25.33,114.69,19373.06,1071.71,133.71,-0.59
Canada,Oceania,Hydro,2022,Terawatt-hours (TWh),9306,47119,5107,11409,11.14,2064.46,18190.05,685.39,248.53,2.3
Canada,Europe,Oil,2020,Terawatt-hours (TWh),23539,33839,5945,18777,66.34,4395.41,14144.56,159.91,338.28,6.86
Canada,Africa,Hydro,2022,Terawatt-hours (TWh),44384,15113,2785,18752,64.77,1005.37,3116.15,1493.52,61.23,-1.97
Canada,Oceania,Natural Gas,2022,Terawatt-hours (TWh),13554,16850,7165,3135,32.54,1706.79,14189.14,772.44,281.77,1.73
Canada,Oceania,Wind,2023,Terawatt-hours (TWh),14913,2490,2993,9439,49.38,1885.47,14826.77,124.89,249.32,-3.04
Canada,South America,Oil,2015,Terawatt-hours (TWh),7361,14541,7645,2617,60.98,2914.32,4071.49,1421.8,383.81,7.73
Canada,Europe,Nuclear,2024,Terawatt-hours (TWh),14479,3747,4154,2754,44.21,1895.43,5522.1,1015.2,290.17,1.99
Canada,Africa,Hydro,2024,Terawatt-hours (TWh),23738,33068,13071,13182,6.85,2974.37,926.63,574.45,295.08,2.85
Canada,North America,Nuclear,2024,Terawatt-hours (TWh),23289,35649,684,17467,10.7,3025.2,8131.73,161.45,130.83,7.55
Canada,Asia,Wind,2016,Terawatt-hours (TWh),15620,21098,10,3443,19.37,3071.03,22905.43,493.48,282.85,6.55
Canada,South America,Nuclear,2015,Terawatt-hours (TWh),48379,31408,11800,18407,33.3,181.46,10477.23,326.05,296.72,-2.62
Canada,Africa,Wind,2020,Terawatt-hours (TWh),43966,32498,14137,18873,69.53,2608.97,21978.01,49.37,114.12,2.02
Canada,Asia,Natural Gas,2023,Terawatt-hours (TWh),47010,11789,2124,11360,41.68,1887.81,9166.91,171.01,224.27,7.64
Canada,North America,Nuclear,2019,Terawatt-hours (TWh),48659,13890,14725,7599,39.99,732.14,4041.23,420.81,325.88,7.17
Canada,Asia,Hydro,2019,Terawatt-hours (TWh),9676,19397,12137,7407,62.21,270.87,2072.13,179.32,389.63,9.62
Canada,South America,Nuclear,2023,Terawatt-hours (TWh),2770,35199,12878,750,27.95,252.95,13353.08,943.99,56.55,-3.17
Canada,Oceania,Wind,2018,Terawatt-hours (TWh),42273,5722,8340,12855,5.96,326.56,2841.64,1217.81,272.94,-3
Canada,Europe,Nuclear,2020,Terawatt-hours (TWh),30229,40275,3904,9201,36.49,4880.26,18172.83,1312.6,180.89,3.79
Canada,Africa,Oil,2018,Terawatt-hours (TWh),33087,29129,6440,19222,23.7,4330.38,24025.65,204,170.25,8.19
Canada,North America,Solar,2021,Terawatt-hours (TWh),34256,44922,4996,6374,65.59,1084.14,17326.07,651.5,111.37,6.77
Canada,Africa,Wind,2016,Terawatt-hours (TWh),43926,23247,12588,1935,11.55,3776.76,1025.48,841.98,121.33,3.3
Canada,Europe,Nuclear,2019,Terawatt-hours (TWh),9114,36041,10788,3147,17.53,223.57,3492.68,489.88,228.15,3.33
Canada,Asia,Hydro,2021,Terawatt-hours (TWh),41174,19478,12468,7901,39.08,1866.96,1483.79,820.39,251.05,5.48
Canada,Africa,Wind,2018,Terawatt-hours (TWh),44382,27365,10483,2474,53.06,1342.56,1156.1,5.94,388.81,1.76
Canada,Europe,Solar,2020,Terawatt-hours (TWh),18780,10447,11179,11183,12.01,4231.59,18601.62,362.37,130.43,-3.94
Canada,Africa,Hydro,2017,Terawatt-hours (TWh),33632,49237,9382,6292,69.13,3747.5,17830.8,1105.9,225.32,-2.28
Canada,Africa,Oil,2016,Terawatt-hours (TWh),33857,3800,6896,15383,18.15,3277.59,4851.79,102.49,204.25,-1.19
Canada,North America,Hydro,2020,Terawatt-hours (TWh),7877,29975,6710,13095,63.41,1321.57,9353.83,781,342.7,-4.05
Canada,South America,Coal,2022,Terawatt-hours (TWh),9547,45662,12228,11011,13.23,338.21,7467.41,521.92,239.13,9.17
Canada,Oceania,Oil,2022,Terawatt-hours (TWh),20441,49508,9508,14203,55.47,2999.11,10329.21,947.28,248.44,-3.19
Canada,Oceania,Wind,2022,Terawatt-hours (TWh),24450,23913,9152,8661,50.61,404.87,19163.83,1158.41,281.69,0.85
Canada,Africa,Natural Gas,2022,Terawatt-hours (TWh),9829,51173,8614,15264,11.87,4844.69,6323.67,80.02,182.73,-0.25
Canada,Europe,Hydro,2018,Terawatt-hours (TWh),27599,15062,3196,14601,13.05,361.53,9419.7,169.96,226.11,-4.76
Canada,Asia,Nuclear,2019,Terawatt-hours (TWh),35592,41878,6665,6355,59.14,2571.78,15981.93,871.24,153.12,6.19
Canada,Oceania,Coal,2017,Terawatt-hours (TWh),13866,33569,6768,9236,61.87,4751.24,15957.24,1237.35,178.7,5.2
Canada,Europe,Oil,2015,Terawatt-hours (TWh),8664,10636,762,6572,53.17,890.15,9942.9,122.33,129.92,5.85
Canada,South America,Coal,2019,Terawatt-hours (TWh),24038,45190,8388,12461,9.98,4342.37,15605.26,281.1,168.04,9
Canada,South America,Nuclear,2022,Terawatt-hours (TWh),30238,10816,5890,550,6.22,3000.33,8117.35,503.94,231.43,0.79
Canada,Asia,Wind,2023,Terawatt-hours (TWh),17438,22607,544,6837,32.51,321.49,12137.62,1317.13,72.69,4.05
Canada,Oceania,Natural Gas,2021,Terawatt-hours (TWh),13565,16323,7119,11023,22.33,1992.93,1518.72,557.08,90.56,7.83
Canada,Asia,Coal,2018,Terawatt-hours (TWh),33155,22634,1719,8521,7.99,3147.45,975.35,674.56,103.89,3.89
Canada,Asia,Wind,2022,Terawatt-hours (TWh),21932,48797,7203,12802,52.36,1039.57,15194.27,105.53,85.66,6.8
Canada,North America,Solar,2022,Terawatt-hours (TWh),25373,50910,14436,6557,36.72,2908.58,14004.98,209.75,196.1,9.9
Canada,North America,Wind,2017,Terawatt-hours (TWh),14250,14236,749,4400,23.17,1367.98,22510.09,1145.51,107.72,-4.27
Canada,South America,Hydro,2022,Terawatt-hours (TWh),46725,31919,2570,5681,28.09,1048.87,20142.25,160.42,372.99,4.69
Canada,Oceania,Oil,2022,Terawatt-hours (TWh),45683,45862,13270,3704,7.41,4757.87,214.56,589.12,215.16,-4.41
Canada,Oceania,Nuclear,2018,Terawatt-hours (TWh),43092,20363,10431,3745,21.91,2426.18,5733.17,80.99,167.15,-2.93
Canada,Africa,Coal,2018,Terawatt-hours (TWh),27317,920,12760,6110,47.13,3426.36,23236.02,463.9,194.31,2.75
Canada,Asia,Coal,2016,Terawatt-hours (TWh),39086,8543,7695,16621,48.63,3196.1,18812.62,177.25,177.98,7.28
Canada,Asia,Solar,2021,Terawatt-hours (TWh),18218,49156,3768,8134,39.77,794.06,22265.9,1338.85,127.47,1.49
Canada,Oceania,Coal,2024,Terawatt-hours (TWh),21972,36727,2981,11918,45.32,970.73,3640.58,572.32,81.23,-2.23
Canada,Africa,Coal,2016,Terawatt-hours (TWh),42868,24441,6054,5682,43.12,762.73,704.8,1259.41,138.87,6.48
Canada,Africa,Nuclear,2020,Terawatt-hours (TWh),20257,45284,13143,16468,41.98,3673.04,734.1,657.79,269.63,2.78
Canada,North America,Nuclear,2019,Terawatt-hours (TWh),30828,35592,10245,7084,46.95,1762.57,12728.72,1472.3,393.67,1.34
Canada,Oceania,Solar,2019,Terawatt-hours (TWh),16537,16504,7546,12879,26.65,624.47,10745.79,728.32,194.65,8.58
Canada,Europe,Hydro,2020,Terawatt-hours (TWh),44017,14680,2449,12028,40.64,105.43,9898.49,974.46,366.79,-1.8
Canada,Africa,Natural Gas,2021,Terawatt-hours (TWh),44319,31153,544,18748,58.92,3854.69,3940.58,849,68.82,6.19
Canada,Europe,Solar,2023,Terawatt-hours (TWh),34223,16098,14101,13307,34.16,1799.48,10115.09,1429,386.86,2.68
Canada,Oceania,Coal,2016,Terawatt-hours (TWh),18413,16948,9933,10844,69.06,4670.43,10055.64,1366.06,183.02,6.25
Canada,Oceania,Oil,2021,Terawatt-hours (TWh),31908,19904,3850,13939,19.13,3770.09,9650.07,820.97,214.11,9.33
Canada,Europe,Solar,2023,Terawatt-hours (TWh),16223,4990,13353,9042,53.8,3834.41,6653.81,444.95,133.28,5.13
Canada,Asia,Wind,2018,Terawatt-hours (TWh),39850,46327,2750,17002,60.96,2194.39,18118.12,636.65,194.4,6.55
Canada,Africa,Wind,2024,Terawatt-hours (TWh),40031,46547,10865,7600,16.44,4977.63,8296.02,680.22,297.54,3.1
Canada,Oceania,Solar,2023,Terawatt-hours (TWh),26909,7469,11887,7837,16.84,1342.49,13130.37,1278.74,331.42,-2.95
Canada,Asia,Coal,2023,Terawatt-hours (TWh),28039,40275,3536,475,23.49,2912.17,24154.39,123.68,395.57,-0.08
Canada,Africa,Natural Gas,2022,Terawatt-hours (TWh),4116,23225,5458,10442,60.5,2218.96,14753.9,1399.67,336.07,7.99
Canada,Asia,Coal,2015,Terawatt-hours (TWh),15883,1315,9771,10620,66.98,2707.26,18531.77,1305.46,367.14,2.14
Canada,South America,Hydro,2016,Terawatt-hours (TWh),39495,14069,11158,6480,56.8,2232,14068.68,1099.45,258.52,1.4
Canada,Europe,Hydro,2020,Terawatt-hours (TWh),36449,36603,11465,10236,52.33,4850.19,1658.9,1139.35,358.15,3.47
Canada,Asia,Hydro,2016,Terawatt-hours (TWh),13552,10969,6859,13276,47.03,4123.63,4986.93,1477.59,271.01,2.69
Canada,Europe,Nuclear,2024,Terawatt-hours (TWh),14305,48265,1575,7604,25.89,4470.65,110.22,906.94,380.34,8.71
Canada,Africa,Natural Gas,2023,Terawatt-hours (TWh),22391,48307,14954,1153,17.14,4519.37,5690.65,65.97,264.15,2.07
Canada,North America,Coal,2021,Terawatt-hours (TWh),16473,41264,1341,17267,14.67,3713.96,19314.89,1297.71,66.05,6
Canada,North America,Wind,2018,Terawatt-hours (TWh),24050,48074,12299,6663,49.62,466.05,272.02,917.59,128.65,1.52
Canada,Africa,Oil,2020,Terawatt-hours (TWh),30737,29970,2006,19913,48.21,1319.99,13593.34,378.35,66.49,9.86
Canada,Africa,Solar,2017,Terawatt-hours (TWh),15930,46989,7796,13573,43.4,2367.87,5369.2,78.11,181.43,-0.52
Canada,Europe,Hydro,2015,Terawatt-hours (TWh),40931,10509,10732,17356,19.83,2217,13867.42,1154.99,87.99,9.96
Canada,Africa,Coal,2023,Terawatt-hours (TWh),1583,7596,12374,5935,65.37,4837.24,21138.03,187.98,361.99,-3.88
Canada,South America,Solar,2017,Terawatt-hours (TWh),14635,566,9905,11002,22.81,4953.85,255.3,503.9,149.07,-4.84
Canada,Europe,Coal,2021,Terawatt-hours (TWh),48172,2285,4755,14071,66.98,1228.78,13734.98,433.25,216.81,-4.25
Canada,South America,Coal,2022,Terawatt-hours (TWh),4549,36300,9927,13633,58.75,2334.23,11921.13,1133.41,292.24,5.04
Canada,Asia,Wind,2024,Terawatt-hours (TWh),10961,4163,8170,16570,23.59,4488.27,8987.07,763.27,269.37,0.48
Canada,North America,Oil,2024,Terawatt-hours (TWh),30395,30475,6980,2645,9.79,2200.27,15028.84,11.65,73.91,7.65
Canada,North America,Wind,2017,Terawatt-hours (TWh),34761,40539,9838,16633,51.15,2838.3,22369.82,998.32,261.48,3.51
Canada,Oceania,Solar,2024,Terawatt-hours (TWh),40621,51956,6379,3546,6.1,3089.24,9244.79,789.14,56.98,-3.99
Canada,South America,Oil,2022,Terawatt-hours (TWh),48534,28680,10353,13315,18.42,1922.49,12554.41,1486.56,377.35,-0.66
Canada,Europe,Nuclear,2016,Terawatt-hours (TWh),17368,28810,101,14348,28.83,4509.24,13754.95,789.8,110.59,8.83
Canada,Oceania,Nuclear,2022,Terawatt-hours (TWh),5713,23109,14913,15451,45.9,1571.05,11227.47,1154.92,353.24,-3.35
Canada,Europe,Hydro,2018,Terawatt-hours (TWh),39814,12774,7469,90,59.75,4060.93,4705.3,306.24,214.72,8.92
Canada,North America,Nuclear,2020,Terawatt-hours (TWh),15551,15963,9644,9457,10.68,4828.31,12012.26,1369.83,225.19,-3.15
Canada,Africa,Wind,2015,Terawatt-hours (TWh),31758,19393,2843,5446,18.32,4978.59,2155.62,31.25,380.64,4.33
Canada,Oceania,Wind,2019,Terawatt-hours (TWh),48465,33391,7973,16857,50.7,3872.03,17779.02,1197.5,80.78,8.53
Canada,Europe,Wind,2024,Terawatt-hours (TWh),49740,14407,2449,17694,34.87,1549.93,2232.66,324.92,333.24,8.38
Canada,Asia,Coal,2015,Terawatt-hours (TWh),19427,35862,9000,13185,9.82,1079.64,11303.05,1327.54,368.66,2.49
Canada,Africa,Hydro,2018,Terawatt-hours (TWh),13040,51191,474,4204,15.25,1790.42,9609.61,938.84,258.77,-1.71
Canada,Africa,Solar,2022,Terawatt-hours (TWh),18905,660,8729,2251,32.33,4552.95,15418.17,1099,258.39,3.73
Canada,Asia,Oil,2021,Terawatt-hours (TWh),10979,10560,6671,6275,44.04,389.3,383.4,496.8,154.33,1.93
Canada,Europe,Solar,2017,Terawatt-hours (TWh),34848,6648,2028,12732,20.22,4063.02,6123,1363.41,60.25,0.58
Canada,Africa,Coal,2023,Terawatt-hours (TWh),24630,42685,3186,318,47.57,4395.46,910.47,788.4,252.75,7.24
Canada,Asia,Hydro,2023,Terawatt-hours (TWh),18119,26549,13265,1044,18.71,3998.14,22983.38,1244.76,223.78,0.01
Canada,Africa,Natural Gas,2019,Terawatt-hours (TWh),36740,32175,6296,10625,47.63,3779.94,6759.18,656.96,63.24,1.71
Canada,Oceania,Coal,2017,Terawatt-hours (TWh),30623,39604,3043,18344,43.73,1782.97,7224.65,702.5,141.83,-1.49
Canada,Europe,Hydro,2015,Terawatt-hours (TWh),5343,25612,11205,12386,42.7,2268.57,3078.69,485.85,135.57,2.31
Canada,Europe,Coal,2021,Terawatt-hours (TWh),47784,29875,6726,15845,18.98,3930.15,7068.2,654.83,232.84,7.08
Canada,Asia,Natural Gas,2017,Terawatt-hours (TWh),30783,36892,9365,13084,26.39,618.9,5676.08,239.79,228.99,-2.07
Canada,South America,Nuclear,2022,Terawatt-hours (TWh),33928,30317,11925,13786,26.83,2937.39,3979.34,112.17,260.22,3.35
Canada,Africa,Wind,2023,Terawatt-hours (TWh),23509,23656,661,18278,5.92,2999.27,4600.04,519.25,133.83,-4.56
Canada,Oceania,Coal,2016,Terawatt-hours (TWh),18909,20409,12744,1026,28.8,3734.99,22866.5,1163.43,129.33,3.95
Canada,Europe,Wind,2018,Terawatt-hours (TWh),45033,35987,12268,987,17.89,4244.88,19266.66,1411.12,357.95,7.06
Canada,Oceania,Wind,2022,Terawatt-hours (TWh),30559,1815,11831,1992,49.19,2248.37,15043.98,886.75,68.31,8.31
Canada,North America,Natural Gas,2015,Terawatt-hours (TWh),13147,14822,1586,7248,35.88,1105.49,21216.52,560.52,196.76,9.35
Canada,Asia,Wind,2016,Terawatt-hours (TWh),3201,27474,952,16322,40.77,4745.16,22700.7,635.91,333.53,2.21
Canada,Europe,Wind,2020,Terawatt-hours (TWh),10218,51980,2871,6910,49.68,446.25,316.22,1336.67,292.11,9.28
Canada,South America,Coal,2015,Terawatt-hours (TWh),556,44055,12521,15758,69.53,798.28,7052.49,1256.05,72.83,-4.26
Canada,Asia,Oil,2015,Terawatt-hours (TWh),17269,43762,13460,18403,60.95,1833.39,6593.06,360.22,395.04,-3.9
Canada,Oceania,Hydro,2019,Terawatt-hours (TWh),9181,17146,4311,10589,55.62,1720.52,4469.91,1408.7,161.66,6.55
Canada,Europe,Coal,2021,Terawatt-hours (TWh),40586,38645,112,8396,50.11,1292.91,24840.09,518.36,190.11,1.37
Canada,Europe,Hydro,2019,Terawatt-hours (TWh),48524,19252,10083,13538,41.97,1566.69,22068.86,147.51,372.79,1.78
Canada,Asia,Natural Gas,2023,Terawatt-hours (TWh),40830,10870,3234,16333,21.82,2977.72,21065.04,586.82,316.9,-2.01
Canada,Africa,Nuclear,2021,Terawatt-hours (TWh),26515,21585,7647,12397,7.43,1896.29,16818.92,236.85,63.53,3.91
Canada,Africa,Wind,2015,Terawatt-hours (TWh),4327,7748,11154,5904,19.53,59.18,23950.53,979.94,366.26,-1.06
Canada,Asia,Coal,2017,Terawatt-hours (TWh),35319,41147,14185,13170,38.71,1535.99,18166.69,896.97,387.91,7.3
Canada,Oceania,Nuclear,2022,Terawatt-hours (TWh),44134,7309,1051,18831,51.72,4103.27,13542.66,850.2,236.85,6.23
Canada,Asia,Hydro,2023,Terawatt-hours (TWh),22410,41460,8058,7062,21.56,3788.72,16151.36,1051.41,341.41,2.87
Canada,Oceania,Solar,2017,Terawatt-hours (TWh),48892,35984,3974,2847,40.44,1542.42,6731.76,327.91,191.23,9.98
Canada,South America,Wind,2019,Terawatt-hours (TWh),22987,7604,9469,2158,48.35,3751.53,7351.09,92.09,384.37,4.19
Canada,Oceania,Solar,2016,Terawatt-hours (TWh),34286,12413,14538,11606,27.87,1128.65,17295.57,1101.82,235.15,7.76
Canada,Africa,Oil,2021,Terawatt-hours (TWh),28046,45764,9517,18370,41.07,1295.37,22167.45,921.51,276.23,-3.09
Canada,Europe,Solar,2021,Terawatt-hours (TWh),26220,46197,2310,8897,29.98,4449.51,7421.51,744.83,304.39,-4.5
Canada,Asia,Hydro,2021,Terawatt-hours (TWh),38102,8859,3386,2861,62.69,4481,24386.48,312.53,368.49,1.28
Canada,North America,Nuclear,2018,Terawatt-hours (TWh),16140,5306,1054,9812,11.94,3432.74,17080.51,833.5,108.16,6.28
Canada,North America,Natural Gas,2021,Terawatt-hours (TWh),23357,13086,522,911,64.17,1388.33,8747.28,1185.56,279.93,-0.29
Canada,South America,Wind,2020,Terawatt-hours (TWh),26192,2891,14587,19486,33.03,4847.36,15532.24,233.87,117.38,8.68
Canada,South America,Oil,2017,Terawatt-hours (TWh),17379,21606,17,1800,50.88,4573.11,21425.74,69.34,60.72,-0.24
Canada,Asia,Hydro,2016,Terawatt-hours (TWh),42831,32050,12513,12332,36.84,4399.83,12676.68,315.57,174.85,2.26
Canada,Asia,Solar,2021,Terawatt-hours (TWh),14487,8973,158,11207,37.06,1446.1,21215.69,875.43,135.18,8.91
Canada,Europe,Oil,2020,Terawatt-hours (TWh),38959,44198,13559,5078,30.54,4477.96,19600.4,691.45,178,3.79
Canada,Asia,Nuclear,2020,Terawatt-hours (TWh),29841,5568,9448,18691,19.35,3532.19,12501.81,848.12,191.4,-0.94
Canada,Africa,Oil,2017,Terawatt-hours (TWh),34736,18644,6459,6233,24.04,2825.38,11757.87,769.71,56.91,1.56
Canada,Europe,Nuclear,2016,Terawatt-hours (TWh),25085,8334,14028,12324,21.56,1825.39,8324.5,1197.93,197.86,9.73
Canada,Africa,Solar,2016,Terawatt-hours (TWh),6728,41664,13060,15876,34.65,1438.51,16134.61,1214.34,53.37,-2.4
Canada,Asia,Solar,2019,Terawatt-hours (TWh),14295,39653,13123,6014,16.68,1927.93,24150.2,898.95,197.25,7.23
Canada,Asia,Solar,2024,Terawatt-hours (TWh),34331,51011,11515,11609,25.46,4854.12,20879.04,9.38,303.05,4.61
Canada,Oceania,Natural Gas,2024,Terawatt-hours (TWh),21429,41590,12274,15920,33.24,1510.03,21021.79,1331.37,344.2,0.83
Canada,Oceania,Oil,2019,Terawatt-hours (TWh),12655,22389,14929,18570,44.8,558.19,20904.65,1035.98,138.26,6.07
Canada,North America,Nuclear,2022,Terawatt-hours (TWh),31682,46790,652,18924,57.42,2969.8,12260.85,348.97,138.75,7.62
Canada,Africa,Hydro,2018,Terawatt-hours (TWh),49396,4898,5759,5651,33.62,4241.31,16399.25,292.02,388.46,1.02
Canada,Asia,Coal,2017,Terawatt-hours (TWh),42182,35129,10779,6611,66.35,4170.58,19567.05,85.9,147.88,1.94
Canada,Oceania,Nuclear,2020,Terawatt-hours (TWh),25899,17358,1260,9202,11.27,1506.12,19776.3,882.78,258.31,-0.93
Canada,Africa,Hydro,2017,Terawatt-hours (TWh),11727,36595,4270,1049,46.3,4975.21,295.82,316.53,85.24,-2.57
Canada,Asia,Natural Gas,2020,Terawatt-hours (TWh),40087,40966,5333,5183,35.8,1618.25,16563.89,1111.68,286.77,3.77
Canada,Europe,Solar,2021,Terawatt-hours (TWh),5940,48223,3260,9733,17.68,430.27,10293.11,289.83,53.91,5.72
Canada,South America,Hydro,2023,Terawatt-hours (TWh),28884,8680,6187,9577,52.84,3023.38,21307.62,857.17,156.95,2.19
Canada,Africa,Oil,2022,Terawatt-hours (TWh),33718,16555,3950,1191,53.25,1481.91,19357.07,1096.94,120.74,-3.56
Canada,Africa,Hydro,2021,Terawatt-hours (TWh),7576,40678,2592,9522,60.55,530.54,18351.5,905.71,204.23,-3.67
Canada,Asia,Natural Gas,2021,Terawatt-hours (TWh),27498,36589,13089,1943,23.32,1414.36,16041.6,1264.38,89.55,-0.31
Canada,Africa,Wind,2021,Terawatt-hours (TWh),20407,13732,9979,14045,56.35,4411.66,6331.74,67.77,316.19,2.25
Canada,Europe,Wind,2021,Terawatt-hours (TWh),1367,19690,895,14008,43.1,3882.15,7863.37,1204.67,366.57,1.37
Canada,South America,Solar,2018,Terawatt-hours (TWh),33595,38224,11455,72,64.38,2401.69,3923.25,1304.56,347.45,6.27
Canada,South America,Nuclear,2017,Terawatt-hours (TWh),43834,1471,10666,11694,36.63,4000.19,18538.78,595.1,247.02,7.88
Canada,North America,Nuclear,2022,Terawatt-hours (TWh),14350,41161,6918,13589,55.03,481.69,12666.79,361.33,299.19,0.96
Canada,Europe,Wind,2023,Terawatt-hours (TWh),49651,43579,598,16830,9.2,944.69,9178.16,847.68,74.75,6.55
Canada,North America,Oil,2021,Terawatt-hours (TWh),14264,43273,14962,6098,69.88,309.6,528.4,1460.36,272.06,9.95
Canada,Africa,Nuclear,2018,Terawatt-hours (TWh),24909,28157,1057,7448,54.08,3905.91,9426.99,764.57,214.2,9.66
Canada,Europe,Hydro,2024,Terawatt-hours (TWh),42773,47658,732,7887,60.15,192.2,9651.73,1077.83,351.47,3.14
Canada,Europe,Oil,2020,Terawatt-hours (TWh),10594,18458,13706,8003,67.04,916.4,5509.8,217.46,54.18,-3.28
Canada,Asia,Coal,2021,Terawatt-hours (TWh),37112,35089,6163,15173,7.35,3662.01,8514.44,746.43,80.12,5.61
Canada,Europe,Coal,2022,Terawatt-hours (TWh),41788,33884,10596,2650,63.6,372.97,20448.18,199.63,165.55,3.58
Canada,North America,Coal,2018,Terawatt-hours (TWh),48798,21644,11674,7886,29.74,695.53,24235.48,985.4,225.51,-4.57
Canada,Oceania,Nuclear,2015,Terawatt-hours (TWh),10295,26628,4578,7975,6.06,4297.59,23935.78,256.8,126.46,-3.64
Canada,Africa,Natural Gas,2019,Terawatt-hours (TWh),20680,49578,5948,10157,19.26,3386.94,9944.24,246.13,95.19,2.92
Canada,Asia,Oil,2023,Terawatt-hours (TWh),46835,16226,3478,16687,29.31,614.75,14100.36,1103.11,177.39,3.02
Canada,Europe,Oil,2018,Terawatt-hours (TWh),37231,22551,2230,1353,50.46,2888.06,3159.94,54.81,98.17,5.38
Canada,North America,Nuclear,2022,Terawatt-hours (TWh),35974,13936,10397,18214,13.77,288.73,23601.17,787.52,159.78,-4.49
Canada,Asia,Nuclear,2016,Terawatt-hours (TWh),45882,43945,10443,2240,59.06,3419.92,17172.66,826.4,191.23,5.26
Canada,Asia,Nuclear,2015,Terawatt-hours (TWh),20079,5927,9885,6744,17.63,3801.13,5794.38,191.65,277.82,1.58
Canada,Africa,Coal,2016,Terawatt-hours (TWh),9676,8884,10549,15068,16.48,3594.8,4831.39,1052.52,312.37,0.76
Canada,Oceania,Hydro,2021,Terawatt-hours (TWh),41632,27340,7537,96,34.36,4257.27,20581.81,1172.89,99.16,-4.82
Canada,Oceania,Oil,2017,Terawatt-hours (TWh),8095,46605,14732,6690,64.75,491.99,2070.97,456.93,154.06,5.49
Canada,Oceania,Solar,2018,Terawatt-hours (TWh),924,19709,1150,11674,66.73,2255.85,23966.43,1330.37,313.78,1.39
Canada,Africa,Nuclear,2019,Terawatt-hours (TWh),3194,12538,13982,7023,21.95,4187.68,23619.36,476.57,62.62,3.06
Canada,Oceania,Natural Gas,2016,Terawatt-hours (TWh),42209,24417,6779,12846,47.75,3487.91,17223.41,839.87,215.3,9.68
Canada,Africa,Nuclear,2023,Terawatt-hours (TWh),30198,24828,14809,284,43.61,111.03,7109.23,65.78,118.48,8.2
Canada,South America,Solar,2015,Terawatt-hours (TWh),28544,17597,6645,5787,13.76,1857.83,5413.15,1376.14,274.16,8.61
Canada,Asia,Coal,2022,Terawatt-hours (TWh),29342,34320,7670,9604,62.73,823.28,553.75,1479.91,244.74,-2.11
Canada,South America,Coal,2017,Terawatt-hours (TWh),34281,5555,13597,15612,48.08,3119.46,18060.17,915.29,53.87,-2.96
Canada,North America,Nuclear,2019,Terawatt-hours (TWh),5747,24383,13128,10319,64.72,1063.5,10947.38,23.01,311.17,6.82
Canada,Europe,Oil,2017,Terawatt-hours (TWh),42952,41426,4335,1708,33.29,3723.61,15580.04,1386.42,266.95,4.21
Canada,Europe,Coal,2016,Terawatt-hours (TWh),48218,13914,4918,10493,20.09,1656.36,2003.36,1362.54,368.5,8.18
Canada,North America,Nuclear,2021,Terawatt-hours (TWh),31087,24031,993,15216,16.3,4425.67,13219.99,270.6,384.12,-3.64
Canada,Oceania,Oil,2017,Terawatt-hours (TWh),7800,31344,11418,16915,7.46,4477.89,17519.26,82.08,251.02,3.49
Canada,Africa,Wind,2018,Terawatt-hours (TWh),22683,4425,7701,12744,68.46,3179.49,19460.36,1465.4,158.3,-1.99
Canada,Asia,Coal,2020,Terawatt-hours (TWh),7944,24912,7795,16610,65.97,4062.1,22454.26,603.45,150.36,2.96
Canada,Africa,Oil,2023,Terawatt-hours (TWh),46559,49226,7221,17909,13.43,1539.94,14364.33,224.52,82.94,1.61
Canada,Europe,Wind,2022,Terawatt-hours (TWh),36083,40044,10559,11573,30.41,3950.27,14362.78,307.59,137.11,3.51
Canada,Africa,Natural Gas,2015,Terawatt-hours (TWh),5525,35214,12312,1725,64.77,3656.57,8804.19,774.71,358.98,2.5
Canada,Asia,Solar,2021,Terawatt-hours (TWh),12832,6873,13288,11628,15.25,632.31,23996.36,179.64,192.53,0.22
Canada,Oceania,Wind,2021,Terawatt-hours (TWh),14872,51681,9759,19945,5.12,2080.27,20999.97,159.91,189.43,2.54
Canada,Europe,Coal,2018,Terawatt-hours (TWh),30827,797,14172,12919,38.06,1556.49,9127.09,73.01,153.08,8.79
Canada,Africa,Wind,2024,Terawatt-hours (TWh),16759,32906,1434,10271,30.66,1325.5,4411.06,28.19,75.54,6.77
Canada,Africa,Oil,2017,Terawatt-hours (TWh),43920,22148,11571,9250,48.13,3200.59,5741.69,499.25,59.16,2.24
Canada,Africa,Natural Gas,2022,Terawatt-hours (TWh),10439,41548,7196,11151,45.07,918.5,2305.26,1191.8,280.88,-4.26
Canada,North America,Nuclear,2023,Terawatt-hours (TWh),12143,1480,658,7269,25.18,4031.11,5456.1,949.78,314.08,-2.5
Canada,South America,Oil,2017,Terawatt-hours (TWh),29280,16330,3821,5596,40.33,1927.88,18767.77,24.43,359.2,5.3
Canada,Asia,Natural Gas,2018,Terawatt-hours (TWh),41449,48340,2375,9615,10.12,1775.46,19512.3,838.19,247.11,-2.42
Canada,Africa,Oil,2017,Terawatt-hours (TWh),13719,3406,9080,9289,53.48,3152.02,15023.18,31.35,116.08,5.31
Canada,Africa,Hydro,2018,Terawatt-hours (TWh),45394,28530,9280,2497,33.18,1089.18,22293.09,6.69,123.31,-3.16
Canada,Africa,Natural Gas,2021,Terawatt-hours (TWh),34934,13105,14932,9827,60.82,4338.16,22679.13,1210.61,131.98,3.85
Canada,Europe,Solar,2015,Terawatt-hours (TWh),16971,22585,130,13238,57.8,3694.26,21959.02,290.08,292.06,4.89
Canada,Asia,Hydro,2021,Terawatt-hours (TWh),43036,50755,3147,12310,31.49,858.5,20763.76,1484.73,329.91,5.02
Canada,Europe,Wind,2015,Terawatt-hours (TWh),25001,4146,5019,744,51.23,119.89,20877.44,1182.3,212.25,2.99
Canada,Africa,Oil,2019,Terawatt-hours (TWh),45062,48843,6546,11213,21.49,2378.43,8786.82,1079.57,296.27,8.22
Canada,South America,Oil,2016,Terawatt-hours (TWh),14559,47610,13487,17059,54.44,4011.25,11002.73,323.7,352.41,7.72
Canada,North America,Coal,2024,Terawatt-hours (TWh),41207,39570,5819,2933,47.03,3759.07,16161.51,639.49,338.46,-3.22
Canada,Asia,Nuclear,2018,Terawatt-hours (TWh),41016,38110,13722,3945,53.48,339.12,18494.9,1223.1,170.81,1.15
Canada,North America,Oil,2022,Terawatt-hours (TWh),41058,8448,5638,19165,11.89,4444.82,492.45,931.84,228.98,1.06
Canada,South America,Wind,2020,Terawatt-hours (TWh),10085,29122,5900,10798,41.76,1681.1,14655.02,230.17,105.55,5.2
Canada,Oceania,Nuclear,2019,Terawatt-hours (TWh),20215,49639,14121,8982,56.62,2152.71,14357.79,714.14,234.11,-2.66
Canada,South America,Wind,2022,Terawatt-hours (TWh),18477,3138,8499,12104,65.24,2830.48,16170.42,887.41,342.93,7.93
Canada,Europe,Solar,2023,Terawatt-hours (TWh),10725,31206,3166,5101,37.79,226.09,12921.58,480.99,225.27,1.01
Canada,Asia,Nuclear,2017,Terawatt-hours (TWh),18301,41125,14338,3999,35.38,762.75,17300.66,905.05,197.65,-0.62
Canada,Europe,Coal,2021,Terawatt-hours (TWh),20168,25782,4836,7604,21.38,4602.06,12005.29,1077.52,326.16,-0.44
Canada,North America,Coal,2017,Terawatt-hours (TWh),46601,42217,5378,14229,13.55,3810.86,1591.63,1146.62,294.1,1.59
Canada,Asia,Nuclear,2024,Terawatt-hours (TWh),38320,18389,9179,10868,15.75,1964.42,11613.44,766.06,271.63,3.05
Canada,Asia,Natural Gas,2022,Terawatt-hours (TWh),13101,1178,13841,11183,60.94,4427.57,6635.06,1264.26,332.38,9.4
Canada,North America,Hydro,2021,Terawatt-hours (TWh),49505,20155,617,17390,61.5,4673.06,17506.53,1000.34,153.43,-2.96
Canada,North America,Natural Gas,2019,Terawatt-hours (TWh),49086,27148,8260,5111,34.02,3632.5,5209.06,407.35,207.93,-0.51
Canada,South America,Natural Gas,2023,Terawatt-hours (TWh),40824,38157,0,8684,39.44,2052.33,8026.24,1465.69,326.87,-0.74
Canada,North America,Natural Gas,2022,Terawatt-hours (TWh),9196,36548,12605,18559,27.21,4163.57,11528.3,1391.26,121.21,-3.31
Canada,Europe,Nuclear,2015,Terawatt-hours (TWh),12329,33770,3079,3128,40.81,3305.63,7103.65,64.1,389.66,1.1
Canada,North America,Wind,2016,Terawatt-hours (TWh),2922,2337,6719,4301,27.38,1614.35,6190.59,12.62,322.72,-3.29
Canada,Oceania,Solar,2023,Terawatt-hours (TWh),25668,13872,5059,1545,5.29,1215.71,7044.53,1370.62,212.11,-1.98
Canada,Oceania,Hydro,2016,Terawatt-hours (TWh),3000,30993,14000,125,34.6,2406.96,16373.48,1020.72,323.36,-4.77
Canada,South America,Hydro,2018,Terawatt-hours (TWh),14503,28084,2398,7953,62.08,333.81,5654.31,1363.08,214.99,-2.58
Canada,Europe,Nuclear,2021,Terawatt-hours (TWh),39755,9959,9121,1395,40.48,2126.14,3553.98,823.77,192.15,5.47
Canada,Oceania,Natural Gas,2023,Terawatt-hours (TWh),29449,7007,1403,17928,20.27,3540.76,22678.76,275.66,285.97,0.56
Canada,Asia,Natural Gas,2020,Terawatt-hours (TWh),1028,43373,11943,12093,38.48,994.96,5602.05,853.85,392.22,7.64
Canada,Europe,Coal,2018,Terawatt-hours (TWh),30887,33618,12497,11314,46.08,4771.92,22240.33,1157.03,350.14,3.29
Canada,Asia,Hydro,2023,Terawatt-hours (TWh),2205,9876,10226,7778,19.37,3548.3,8975.11,1277.44,80.28,7.98
Canada,Oceania,Oil,2017,Terawatt-hours (TWh),15035,23820,14885,3166,32.2,314.07,17454.93,325.1,232.58,0.88
Canada,North America,Solar,2017,Terawatt-hours (TWh),42027,28266,13810,2015,55.88,992.22,20129.57,145.05,234.73,-3.74
Canada,Oceania,Natural Gas,2022,Terawatt-hours (TWh),49277,30354,11451,5998,67.12,2128.11,23460.67,1180.1,288.24,1.63
Canada,Europe,Wind,2024,Terawatt-hours (TWh),22401,21220,2626,11369,34.87,1103.81,5564.22,599.7,197.71,1.78
Canada,North America,Hydro,2020,Terawatt-hours (TWh),12112,34255,3411,5082,25.91,3721.58,23619.51,1158.96,236.42,-1.52
Canada,South America,Hydro,2021,Terawatt-hours (TWh),29057,23207,14365,6572,24.91,1536.73,21787.78,432.14,297.83,8
Canada,North America,Solar,2017,Terawatt-hours (TWh),46860,40502,14282,19836,38.44,1959.09,3601.12,1221.58,123.59,7.9
Canada,Asia,Hydro,2015,Terawatt-hours (TWh),10773,43461,3689,8662,63.25,2821.59,4795.2,529.69,187.71,-2.87
Canada,Europe,Hydro,2024,Terawatt-hours (TWh),17865,24282,14759,10775,47.86,4306.5,2782.32,694.92,346.64,5.8
Canada,Europe,Coal,2020,Terawatt-hours (TWh),47964,14003,7249,4471,68.54,1211.7,16712.18,291.32,355.64,2.78
Canada,Europe,Hydro,2019,Terawatt-hours (TWh),17115,3848,9589,13747,62.31,191.79,13366.8,22.19,359.51,-1.86
Canada,Europe,Hydro,2015,Terawatt-hours (TWh),33456,6663,9098,9369,17.66,3863.42,20296.77,1038.75,72.71,7.04
Canada,South America,Solar,2022,Terawatt-hours (TWh),21145,19790,2974,11631,64.67,2510.48,9153.94,65.3,285.42,8.43
Canada,North America,Oil,2019,Terawatt-hours (TWh),37706,4407,9776,6874,49.69,1102.93,9875.57,915.37,147.03,-0.4
Canada,Asia,Oil,2023,Terawatt-hours (TWh),8934,45525,9222,12667,61.73,708.5,12763.07,1181.02,126.82,-0.08
Canada,North America,Nuclear,2023,Terawatt-hours (TWh),45985,23468,2481,13414,66.46,1435.48,18438.27,1247.13,179.8,6.62
Canada,South America,Solar,2024,Terawatt-hours (TWh),12569,35187,13345,2263,35.06,3981.46,6890.09,40.89,162.24,-1.51
Canada,Asia,Wind,2016,Terawatt-hours (TWh),7892,41090,6249,17218,48.47,2927.98,8257.3,394.63,208.26,3.92
Canada,North America,Oil,2020,Terawatt-hours (TWh),11194,22453,12101,14705,26.42,3091.11,9716.41,1250.26,287.1,9.31
Canada,North America,Natural Gas,2015,Terawatt-hours (TWh),6278,31803,14562,13947,21.13,3032.49,2091.37,278.02,292.31,-3.25
Canada,Asia,Coal,2019,Terawatt-hours (TWh),30333,21815,9176,10111,67.05,2240.57,3116.64,646.58,53.7,-3.28
Canada,South America,Hydro,2021,Terawatt-hours (TWh),4409,17911,6423,16389,13.41,2986.41,6169.86,541.62,213.01,-1.79
Canada,Asia,Coal,2017,Terawatt-hours (TWh),40826,2806,1454,11304,30.69,3236.48,21790.54,529.36,202.03,7.75
Canada,Asia,Solar,2016,Terawatt-hours (TWh),13342,10411,9554,9254,18.9,488.17,18508.37,859.09,79.22,0.08
Canada,Africa,Nuclear,2018,Terawatt-hours (TWh),46715,41555,5956,9668,51.15,4125.41,10260.35,1263.17,186.26,3.45
Canada,Africa,Solar,2022,Terawatt-hours (TWh),44791,34840,3334,19375,16.28,3723.45,20579.14,661.98,351.41,-1.66
Canada,Oceania,Solar,2022,Terawatt-hours (TWh),11869,50502,1620,18017,30.63,4984.96,11163.14,1334.2,354.95,-3.42
Canada,Asia,Solar,2019,Terawatt-hours (TWh),13718,4006,12536,13855,58,2000.98,15722.74,594.77,86.82,3.75
Canada,Africa,Coal,2018,Terawatt-hours (TWh),915,35593,4893,772,64.37,3404.8,17779.1,297.05,98.15,-2.8
Canada,Africa,Solar,2017,Terawatt-hours (TWh),43361,7244,3735,17702,31.95,1368.83,22627.73,877.51,97.37,1.98
Canada,Asia,Hydro,2016,Terawatt-hours (TWh),33294,50264,11766,11990,53.71,1594.48,22401.62,563.17,167.83,4.66
Canada,Asia,Hydro,2022,Terawatt-hours (TWh),26750,23731,11443,7398,18.85,680.14,19347.37,171.04,390.01,3.2
Canada,Asia,Wind,2020,Terawatt-hours (TWh),24815,25530,11501,11944,46.68,354.3,22694.48,252.02,216.2,0.77
Canada,Europe,Nuclear,2020,Terawatt-hours (TWh),7988,30625,3345,5930,31.79,2226.24,12889.73,1096.99,126.38,-2.18
Canada,Oceania,Wind,2022,Terawatt-hours (TWh),16270,12548,7741,4738,17.49,798.12,8666.89,1340.22,293.52,0.31
Canada,Oceania,Coal,2021,Terawatt-hours (TWh),11543,16621,1268,5181,69.56,4977.89,14984.7,278.93,195.62,4.01
Canada,North America,Hydro,2020,Terawatt-hours (TWh),29518,27561,8319,10618,32.18,2392.64,17930.19,1176.06,333.82,3.17
Canada,North America,Coal,2016,Terawatt-hours (TWh),41235,29630,2244,16486,37.57,1058.87,10191.3,105.91,215.07,3.35
Canada,Oceania,Coal,2017,Terawatt-hours (TWh),35430,40559,11755,4912,12.5,2657.38,2410.23,332.86,275.79,-2.91
Canada,Africa,Nuclear,2018,Terawatt-hours (TWh),14413,23907,5366,4908,55.18,3028.15,16142.41,1454.23,244.2,5.73
Canada,Europe,Hydro,2019,Terawatt-hours (TWh),1464,50951,13025,3691,54.36,1796.47,22737.96,1446.38,282.01,-4.83
Canada,South America,Hydro,2015,Terawatt-hours (TWh),43870,50104,5732,7184,21.63,4673.42,20751.15,1102.56,391.97,-4.04
Canada,South America,Solar,2019,Terawatt-hours (TWh),20743,3856,10667,8091,42.16,3655.22,4111.28,954.51,162.06,8.83
Canada,North America,Wind,2021,Terawatt-hours (TWh),18689,16139,4968,3679,67.75,2641.07,6333.54,1435,218.08,1.1
Canada,Oceania,Wind,2015,Terawatt-hours (TWh),32549,3204,4482,4378,40.26,2690.94,17235.62,476.87,77.72,0.41
Canada,Africa,Coal,2023,Terawatt-hours (TWh),29354,34373,11166,18264,55.82,4941.14,19434.02,1293.71,147.8,6.13
Canada,South America,Coal,2019,Terawatt-hours (TWh),15975,37055,6700,8542,10.75,1687.1,1443.32,113.93,148.11,2.12
Canada,Oceania,Nuclear,2015,Terawatt-hours (TWh),46753,10441,13452,14110,11.24,1221.46,9642.42,1285.7,355.62,-4.57
Canada,Europe,Natural Gas,2015,Terawatt-hours (TWh),48078,32116,13727,1411,20.11,1313.02,17593.64,1232.1,113.88,4.78
Canada,Europe,Hydro,2024,Terawatt-hours (TWh),49491,25931,6165,14658,46.75,2093.28,3957.72,1323.5,219.4,-3.91
Canada,Africa,Oil,2016,Terawatt-hours (TWh),3913,1655,3424,1962,42.73,1399.87,11934.76,1072.64,350.34,-1.38
Canada,North America,Natural Gas,2022,Terawatt-hours (TWh),13638,21870,7639,19330,12.46,385.09,13474.23,1315.21,241.24,2.99
Canada,South America,Wind,2016,Terawatt-hours (TWh),11145,47725,14362,19449,40.33,3270.56,5071.45,766.35,162.1,-3.51
Canada,Oceania,Wind,2024,Terawatt-hours (TWh),24986,5383,11109,679,35.19,4394.23,11048.91,790.84,178.07,8.5
Canada,South America,Natural Gas,2022,Terawatt-hours (TWh),22071,11167,9414,12445,37.85,3829.79,22985.1,505.34,368.98,7.67
Canada,Oceania,Coal,2016,Terawatt-hours (TWh),44025,1241,10998,1862,38.89,471.99,6028.37,86.85,88.73,1.44
Canada,North America,Nuclear,2020,Terawatt-hours (TWh),3476,31195,5305,8013,62.21,2871.92,16061.17,957.85,202.43,6.09
Canada,Africa,Natural Gas,2024,Terawatt-hours (TWh),36767,46798,513,4205,27.97,4874.38,15614.42,41.63,254.67,2.99
Canada,North America,Coal,2020,Terawatt-hours (TWh),30133,45239,3803,10046,33.28,4039.8,5450.5,749.44,91.59,6.59
Canada,Africa,Oil,2020,Terawatt-hours (TWh),27600,50652,2529,17077,39.57,2102.56,1923.44,1378.4,116.24,0.43
Canada,Oceania,Solar,2022,Terawatt-hours (TWh),36015,28273,7601,11051,67.61,2596.3,7874.86,1207.04,352.69,9.09
Canada,North America,Wind,2023,Terawatt-hours (TWh),18298,1859,9992,8461,13.57,2137.56,8870.47,849.46,213.65,6.76
Canada,Asia,Solar,2018,Terawatt-hours (TWh),27886,2321,2931,18604,64.53,675.06,13304.92,940.84,113.33,-1.94
Canada,South America,Coal,2023,Terawatt-hours (TWh),35486,41798,14094,5613,46.27,944.37,15027.2,716.91,385.17,-2.79
Canada,Asia,Wind,2022,Terawatt-hours (TWh),41504,4321,3958,14379,40.41,4179.22,10241.05,347.73,59.01,4.83
Canada,Europe,Natural Gas,2017,Terawatt-hours (TWh),4924,35244,2184,13674,22.71,3413.28,7208.63,725.18,188.09,-1.98
Canada,Europe,Coal,2019,Terawatt-hours (TWh),27363,17220,14052,10752,5.78,1606.54,18595.78,710.77,193.55,7.09
Canada,South America,Solar,2021,Terawatt-hours (TWh),8194,17457,11238,16325,36.6,2563.92,19353.73,1085.62,90.28,-1.48
Canada,Africa,Oil,2021,Terawatt-hours (TWh),43831,21649,12612,4489,25.8,4774.23,22176.38,113.8,54.9,-0.81
Canada,Oceania,Hydro,2017,Terawatt-hours (TWh),30181,20098,1085,13256,45.89,458.96,16664.04,215.29,91.97,9.38
Canada,Europe,Oil,2020,Terawatt-hours (TWh),3199,32235,2295,17915,22.19,1932.83,17168.68,543.57,378.59,9.02
Canada,Oceania,Solar,2018,Terawatt-hours (TWh),24355,1450,12324,710,22.66,911.83,24407.69,26.49,147.12,5.84
Canada,Europe,Wind,2021,Terawatt-hours (TWh),1865,49155,6751,16371,65.39,3054.09,1881.75,276.39,149.65,9.59
Canada,Africa,Nuclear,2021,Terawatt-hours (TWh),25274,30368,9631,14270,13.57,2542.29,10765.59,1138.66,53.57,-2.13
Canada,Europe,Oil,2022,Terawatt-hours (TWh),3322,3326,2668,15355,22.15,1067.19,75.26,1450.84,240.7,6.6
Canada,Asia,Hydro,2020,Terawatt-hours (TWh),13769,23809,7249,9406,54.28,1371.4,18883.76,24.78,371.07,-4.67
Canada,Oceania,Oil,2018,Terawatt-hours (TWh),19065,15977,12650,434,11.53,3166.27,2180.31,1078.51,354.52,1.27
Canada,Africa,Oil,2023,Terawatt-hours (TWh),49333,2101,789,1942,11.33,4762.66,17005.06,547.49,386.38,1.44
Canada,Asia,Hydro,2020,Terawatt-hours (TWh),818,33158,4194,11532,26.02,3834.36,2265.44,856.18,313.47,2.93
Canada,North America,Coal,2017,Terawatt-hours (TWh),21991,21243,232,2783,41.07,589.35,9810.18,559.77,366.59,8.28
Canada,Asia,Coal,2021,Terawatt-hours (TWh),42680,49010,11798,3938,35.52,2456.73,11988.7,336.09,104.88,6.48
Canada,Africa,Solar,2024,Terawatt-hours (TWh),40754,39239,7940,10523,67.85,2278.78,15596.14,1229.99,354.39,0.36
Canada,Oceania,Natural Gas,2024,Terawatt-hours (TWh),39290,28836,7963,15872,27.82,910.7,5791.64,92.89,390.8,3.65
Canada,South America,Oil,2021,Terawatt-hours (TWh),1876,30777,14033,13078,42.32,4408.09,9717.89,176.9,143.26,-4.51
Canada,South America,Oil,2023,Terawatt-hours (TWh),3346,33548,2390,9567,20.62,273.52,13972.12,1271.51,93.41,-3.89
Canada,South America,Wind,2021,Terawatt-hours (TWh),3822,3972,5383,19114,39.85,3805.32,12096.46,173.08,360.55,3.79
Canada,Europe,Natural Gas,2021,Terawatt-hours (TWh),16508,39146,7470,5419,20.83,2381.93,21734.56,96.78,89.38,-1.97
Canada,North America,Nuclear,2021,Terawatt-hours (TWh),12966,22642,7632,14429,62.01,1722.97,2870.03,942.55,240.85,1.44
Canada,North America,Natural Gas,2023,Terawatt-hours (TWh),9685,2621,2569,7589,34.89,4677.16,22218.73,1004.13,352.27,6.56
Canada,Europe,Oil,2020,Terawatt-hours (TWh),25335,50826,12614,7151,17.21,455.72,18245.99,435.77,264.86,0.15
Canada,Asia,Oil,2023,Terawatt-hours (TWh),44101,41002,4887,9078,6.68,1681.68,1426.05,1054.05,114.88,3.22
Canada,Oceania,Natural Gas,2023,Terawatt-hours (TWh),29885,3606,11252,43,66.86,4218.46,2969.57,875.5,304.07,4.15
Canada,Africa,Oil,2023,Terawatt-hours (TWh),38760,42872,9638,4705,33.46,3157.57,10721.85,873.97,211.84,7.93
Canada,Europe,Natural Gas,2023,Terawatt-hours (TWh),49062,13330,1371,18272,48.63,2935.06,8527.11,428.87,182.6,4.61
Canada,Europe,Oil,2020,Terawatt-hours (TWh),27169,28414,1874,16012,62.9,3197.7,24417.8,243.43,277.99,-1.12
Canada,North America,Wind,2018,Terawatt-hours (TWh),4062,27152,1142,6842,29.51,3669.09,11675.14,1037.74,124.71,0.39
Canada,North America,Solar,2024,Terawatt-hours (TWh),28643,44447,5306,8179,16.58,4071,9995.21,107.36,227.79,-2.69
Canada,Asia,Solar,2020,Terawatt-hours (TWh),32555,21453,11315,10145,18.69,2618.58,14543.9,1163.1,147.89,6.38
Canada,North America,Coal,2020,Terawatt-hours (TWh),47314,42747,9836,15098,11.64,4212.84,5234.65,1133.73,116.54,2.49
Canada,Europe,Wind,2023,Terawatt-hours (TWh),18907,20256,5403,14826,66.58,1867.62,8273.02,952.75,259.63,4.68
Canada,North America,Hydro,2022,Terawatt-hours (TWh),46971,48911,4942,11327,9.6,341.34,6531.02,300.1,359.35,2.85
Canada,Asia,Oil,2021,Terawatt-hours (TWh),33424,36259,7345,1653,56.68,3665.59,4225.7,1386.46,135.74,5.45
Canada,Africa,Wind,2021,Terawatt-hours (TWh),17841,41395,4171,8230,38.23,4676.41,21659.99,887.51,201.25,-0.28
Canada,Oceania,Nuclear,2024,Terawatt-hours (TWh),17137,49579,12574,17999,34.13,3056.7,12432.86,1474.92,370.47,-0.34
Canada,South America,Natural Gas,2018,Terawatt-hours (TWh),24377,27328,741,14610,6.18,978,19650.55,1003.71,93.26,-2.25
Canada,Asia,Hydro,2024,Terawatt-hours (TWh),40773,7309,9922,7321,64.84,3509.58,14206.57,788.3,187.6,-4.83
Canada,Asia,Wind,2020,Terawatt-hours (TWh),20084,49064,5349,4587,37.83,4603.02,6314.29,653.94,336.85,-2.77
Canada,Africa,Coal,2020,Terawatt-hours (TWh),49652,34615,2218,9982,43.33,1999.37,20850.12,655.26,262.54,0.69
Canada,North America,Solar,2021,Terawatt-hours (TWh),13294,4065,12819,584,41.93,838.37,14126.81,1283.05,180.63,3.98
Canada,Europe,Coal,2021,Terawatt-hours (TWh),4365,49995,14149,10914,67.13,1545.43,15436.15,703.67,159.01,8.66
Canada,Europe,Oil,2022,Terawatt-hours (TWh),35427,51493,13529,12869,44.96,1322.56,5493.35,1062.16,308.05,-0.6
Canada,North America,Oil,2016,Terawatt-hours (TWh),13322,20094,1277,12058,47.75,2768.37,21057.54,230.72,122.56,1.45
Canada,Oceania,Solar,2023,Terawatt-hours (TWh),30570,8663,3043,11017,53.81,3694.86,3939.33,364.62,183.77,3.88
Canada,North America,Coal,2018,Terawatt-hours (TWh),7635,8472,11364,17625,53.47,2600.72,14800.63,948.28,309.07,2.73
Canada,South America,Hydro,2015,Terawatt-hours (TWh),34057,51250,5860,12330,36.23,3936.12,6691.23,76.43,185.09,7.55
Canada,Africa,Coal,2021,Terawatt-hours (TWh),46655,44276,7057,3261,56.05,1264.87,17667.48,1291.68,233.88,1.74
Canada,North America,Wind,2024,Terawatt-hours (TWh),39941,40530,8369,12329,7,3375.02,5480.99,1195.08,301.77,0.83
Canada,South America,Hydro,2024,Terawatt-hours (TWh),43247,50663,11277,9212,24.63,2691.85,10413.31,799.11,94.98,-3.7
Canada,North America,Wind,2019,Terawatt-hours (TWh),6457,34040,14836,15214,40.09,1576.08,19531.34,1120.37,114.68,-4.5
Canada,North America,Oil,2022,Terawatt-hours (TWh),48243,8115,2545,9219,53.5,4619.09,24115.75,522.19,177.72,7.87
Canada,Africa,Oil,2017,Terawatt-hours (TWh),25217,19468,13199,19933,32.88,60.02,18883.27,982.6,63.39,5.6
Canada,Africa,Nuclear,2022,Terawatt-hours (TWh),33935,15284,11368,5017,40.72,2786.96,1615.02,461.28,180.1,9.13
Canada,Europe,Solar,2020,Terawatt-hours (TWh),27283,48082,8186,7942,10.62,4288.76,19692.02,946.87,183.79,6.84
Canada,South America,Wind,2020,Terawatt-hours (TWh),10557,43336,9281,2428,39.15,4025.35,15230.43,212.05,250.78,-1.71
Canada,Europe,Nuclear,2023,Terawatt-hours (TWh),33969,11913,10011,2369,42.66,4934.33,17921.12,101.76,85.34,-0.4
Canada,Oceania,Oil,2023,Terawatt-hours (TWh),42642,19351,7720,2589,59.46,3555.45,2344.44,1144.93,253.34,1.2
Canada,Asia,Coal,2016,Terawatt-hours (TWh),45818,15144,9700,16456,63.04,1286.54,2112.56,1131.3,71.46,7.65
Canada,Oceania,Hydro,2015,Terawatt-hours (TWh),41022,30558,238,8602,47.08,4306.72,2075.19,188.25,81.87,1.62
Canada,Oceania,Nuclear,2018,Terawatt-hours (TWh),31197,3469,768,18203,69.06,897.28,20910.44,411.92,348.96,-0.31
Canada,South America,Oil,2021,Terawatt-hours (TWh),14886,21807,8391,4344,34.23,3759.27,7285.97,235.18,322.62,1.69
Canada,North America,Wind,2017,Terawatt-hours (TWh),15816,33414,8369,13754,6.51,4352.8,15643.56,857.11,341.69,-2.61
Canada,Africa,Oil,2020,Terawatt-hours (TWh),28692,12037,2036,8878,20.81,3926.02,4574.88,699.38,104.03,-1.81
Canada,Oceania,Solar,2016,Terawatt-hours (TWh),11825,9012,9677,4610,52.94,4863.16,6193.16,1488.78,297.04,3.6
Canada,Asia,Oil,2015,Terawatt-hours (TWh),4146,12421,5812,13926,39.18,4912.37,21708.81,862.89,296.05,3.85
Canada,Europe,Wind,2016,Terawatt-hours (TWh),38524,30828,4387,14743,41.62,1328.01,9484.3,26.9,397.26,3.58
Canada,Africa,Oil,2022,Terawatt-hours (TWh),49601,29471,2932,7578,66.33,1194.02,6884.24,766.42,384.65,5.39
Canada,Africa,Nuclear,2018,Terawatt-hours (TWh),39041,25396,12881,10259,6.23,4797.14,4379.71,197.82,166.65,-4.5
Canada,Africa,Coal,2015,Terawatt-hours (TWh),6944,5087,11086,10473,19.41,2413.28,24121.29,415.73,388.51,0.2
Canada,Europe,Solar,2022,Terawatt-hours (TWh),25560,21523,13453,36,66.96,1878.07,14347.16,136.68,267.74,0.7
Canada,Europe,Oil,2019,Terawatt-hours (TWh),15968,41593,14843,252,39.41,1142.38,19192.28,785.17,251.77,-2.79
Canada,Africa,Wind,2015,Terawatt-hours (TWh),7546,9524,14825,19670,25.34,3737.09,10150.26,43.15,107.39,0.23
Canada,Europe,Nuclear,2016,Terawatt-hours (TWh),45724,37563,11140,996,36.27,488.3,14096.91,1008.96,53.41,3.34
Canada,Asia,Nuclear,2019,Terawatt-hours (TWh),24894,8354,12863,18564,5.23,1320.67,11353.75,1289.78,324.15,0.24
Canada,Europe,Nuclear,2018,Terawatt-hours (TWh),2242,6070,5635,7097,7.04,3942.93,9496.59,1102.81,399.05,3.07
Canada,Oceania,Oil,2015,Terawatt-hours (TWh),38988,43858,4664,19946,31.85,1500.31,20547.8,717.63,227.84,6.25
Canada,Europe,Natural Gas,2015,Terawatt-hours (TWh),6085,11156,6343,13464,33.65,4793.78,22481.11,957.04,133.35,-0.65
Canada,Europe,Hydro,2019,Terawatt-hours (TWh),44741,38244,1839,14012,16.78,635.64,24272.18,1173.49,243.71,5.15
Canada,North America,Oil,2021,Terawatt-hours (TWh),2134,27722,7675,6279,60.13,1224.11,12686.38,869.89,297.17,4.81
Canada,Europe,Oil,2016,Terawatt-hours (TWh),1567,15571,10664,3627,36.94,1338.8,21325.59,1434.32,169.95,-4.07
Canada,South America,Wind,2022,Terawatt-hours (TWh),39706,5566,2686,2548,22.14,1031.37,704.42,173.47,399.57,2.02
Canada,Asia,Hydro,2022,Terawatt-hours (TWh),20886,31485,8629,19904,32.22,1707.08,12404.9,1006.05,263.26,-4.56
Canada,Europe,Oil,2021,Terawatt-hours (TWh),11632,43404,13763,4767,13.7,2121.08,2053.69,51.02,277.57,3.41
Canada,Africa,Wind,2018,Terawatt-hours (TWh),36425,25448,4738,9608,21.6,3540.4,23376.48,123.45,162.73,3.74
Canada,Africa,Solar,2017,Terawatt-hours (TWh),5956,4577,4652,8996,40.12,1027.86,22964.11,378.11,258.34,4.2
Canada,Africa,Nuclear,2015,Terawatt-hours (TWh),43573,6946,10070,16442,9.87,2946.75,4501.54,927.94,160.17,-1.64
Canada,Oceania,Natural Gas,2016,Terawatt-hours (TWh),582,29343,11706,13502,45.48,4850.66,22754.5,446.29,60.64,-4.42
Canada,Europe,Wind,2016,Terawatt-hours (TWh),20140,33186,4661,2484,36.9,1286.29,8987.07,243.5,103.84,8.88
Canada,Europe,Natural Gas,2021,Terawatt-hours (TWh),12301,11653,12658,2462,46.7,2352.37,3722.26,67.48,51.31,8.84
Canada,South America,Wind,2021,Terawatt-hours (TWh),28730,40012,12428,6287,61.95,2742.64,6883.88,300.42,306.65,5.23
Canada,Africa,Oil,2015,Terawatt-hours (TWh),32694,47322,11206,11135,31.94,825.83,24915.74,905.14,373.16,-1.61
Canada,South America,Solar,2021,Terawatt-hours (TWh),19907,21624,5471,4736,19.31,1422.98,2826.58,1043.7,51.22,8.65
Canada,Europe,Wind,2024,Terawatt-hours (TWh),4723,46822,10397,1531,40.11,1607.05,13999.26,783.85,103.61,2.68
Canada,Asia,Nuclear,2018,Terawatt-hours (TWh),37124,3328,1505,15204,31.57,1618.14,12947.35,1411.42,95.32,5.49
Canada,Europe,Wind,2023,Terawatt-hours (TWh),28031,16436,3047,16203,12.4,403.42,9863.18,1008.52,245.01,9.07
Canada,North America,Hydro,2023,Terawatt-hours (TWh),33312,25577,1546,13376,62.75,2853.72,1327.28,898.24,92.79,1.13
Canada,Asia,Coal,2023,Terawatt-hours (TWh),18140,20849,11351,7246,64.63,2331.94,20988.01,454.39,369.77,-4.7
Canada,Africa,Coal,2021,Terawatt-hours (TWh),36508,481,8460,9380,26.12,4889.18,14991.9,9.14,254.95,7.46
Canada,Asia,Nuclear,2022,Terawatt-hours (TWh),44371,4297,4957,10440,50.67,3838.63,13773.9,284.79,130.45,-3.63
Canada,North America,Nuclear,2015,Terawatt-hours (TWh),6953,15744,13353,1455,65.09,2579.38,11097.44,533.43,92.58,5.74
Canada,Asia,Solar,2022,Terawatt-hours (TWh),11593,46042,14925,10621,6.61,1698.64,14476.26,1343.98,270.61,-0.9
Canada,Oceania,Hydro,2023,Terawatt-hours (TWh),32521,17526,9589,18589,12.63,2414.17,10013.11,1155.62,203.8,-0.14
Canada,North America,Oil,2016,Terawatt-hours (TWh),1372,13275,10410,1139,57.04,1844.22,6068.61,530.32,88.92,2.31
Canada,Europe,Wind,2015,Terawatt-hours (TWh),40963,2947,685,4462,8.77,953.23,15711.8,171.23,142.3,9.91
Canada,North America,Coal,2024,Terawatt-hours (TWh),39139,980,14094,7155,35.15,4531.57,18301.11,1487.82,217.33,6.74
Canada,Europe,Solar,2017,Terawatt-hours (TWh),48437,43794,4635,16449,18.95,3514.85,2911.26,182.98,259.12,6.09
Canada,North America,Nuclear,2021,Terawatt-hours (TWh),34570,23468,8679,13369,32.06,1515.9,737.53,1296.83,161.62,0.55
Canada,Europe,Solar,2022,Terawatt-hours (TWh),17116,12373,5093,12880,9.48,1527.6,1110.73,772.63,135.5,0.44
Canada,Oceania,Natural Gas,2023,Terawatt-hours (TWh),22121,38519,12392,12801,31.36,4950.22,10168.46,818.03,234.75,7.16
Canada,Asia,Oil,2018,Terawatt-hours (TWh),44438,33664,11251,16348,56.85,3164.41,23654.41,1167.7,184.9,0.92
Canada,Africa,Natural Gas,2018,Terawatt-hours (TWh),25492,6310,12936,1510,56.78,2014.77,1307.34,884.69,83.25,-4.12
Canada,Africa,Hydro,2020,Terawatt-hours (TWh),4867,976,874,3506,61.61,2800.55,4315.65,933.35,318.05,0.36
China,Africa,Hydro,2019,Terawatt-hours (TWh),29148,28631,3891,1439,30.05,2962.07,12004.81,371.41,68.14,8.91
China,Africa,Wind,2018,Terawatt-hours (TWh),22459,24081,5229,5510,51.86,203.41,9747.65,839.92,296.58,0.47
China,South America,Wind,2022,Terawatt-hours (TWh),42735,46256,13413,141,63.71,4946.39,4988.04,1061.02,399.68,-1.01
China,North America,Hydro,2018,Terawatt-hours (TWh),31369,39807,12148,8687,21.99,4270.01,24368.36,1347.58,53.02,6.03
China,Oceania,Oil,2021,Terawatt-hours (TWh),21447,27399,4587,2427,62.86,426.16,19054.08,292.2,326.88,-2.82
China,Asia,Natural Gas,2019,Terawatt-hours (TWh),28930,37220,1351,8116,37.66,840.79,23758.65,614.06,115.59,5.43
China,South America,Hydro,2018,Terawatt-hours (TWh),36692,34946,10030,19642,48.88,4309.23,17241.43,230.28,136.97,9.66
China,Europe,Oil,2015,Terawatt-hours (TWh),24324,26869,10589,2606,18.36,567.04,15489.73,485.02,174.25,6.1
China,Asia,Oil,2021,Terawatt-hours (TWh),27826,5892,598,3374,18.49,1123.52,4453.64,704.99,380.02,5.74
China,Africa,Wind,2017,Terawatt-hours (TWh),6488,44455,13207,9229,64.34,3896.22,9564.74,1268.82,155.08,-0.05
China,North America,Wind,2023,Terawatt-hours (TWh),40181,28802,1951,5775,66.83,453.23,274.01,1141.03,57.28,-3.86
China,South America,Nuclear,2024,Terawatt-hours (TWh),46298,30919,8199,8507,16.55,3440.59,1238.42,171.58,262.98,7.97
China,South America,Solar,2017,Terawatt-hours (TWh),30263,2797,5324,9740,62.81,831.19,5736.37,725.74,334.33,2
China,South America,Natural Gas,2022,Terawatt-hours (TWh),35123,10633,11718,7315,38.06,3676.19,16389.73,201.11,113.55,-4.45
China,Europe,Oil,2021,Terawatt-hours (TWh),48331,14571,1205,15746,19.72,2371.04,6035.86,236.4,378.16,2.43
China,Europe,Wind,2022,Terawatt-hours (TWh),39029,21707,6780,18537,26.75,4819.98,15890.61,1414.32,64.28,0.09
China,Africa,Natural Gas,2020,Terawatt-hours (TWh),13231,8397,4759,18121,12.35,4200.28,16068.84,1085.22,312.07,2.01
China,Oceania,Oil,2019,Terawatt-hours (TWh),49024,23570,3349,3477,59.65,4071.97,3489.12,544.77,333.87,9.55
China,Africa,Wind,2017,Terawatt-hours (TWh),24541,21382,12804,12939,23.63,3746.08,19357.57,473.86,275.73,1.08
China,Europe,Natural Gas,2016,Terawatt-hours (TWh),3090,27285,11460,18022,22.28,2106.18,9029.53,521.29,54.13,0.35
China,Oceania,Coal,2021,Terawatt-hours (TWh),36889,18384,941,5056,25.99,1031.9,2191.12,677.97,353.95,3.29
China,Europe,Nuclear,2017,Terawatt-hours (TWh),3852,13135,8732,11129,31.81,1618.6,8512.32,994.81,360.54,1.12
China,Asia,Nuclear,2018,Terawatt-hours (TWh),18562,19017,10872,7057,51.12,2608.56,12749.91,58.09,206.2,6.36
China,Europe,Oil,2018,Terawatt-hours (TWh),26015,25231,6864,16780,54.38,4970.57,3060.35,695.69,257.74,4.28
China,Oceania,Coal,2020,Terawatt-hours (TWh),29823,883,14456,17725,67.23,729.97,6409.05,355.78,392.97,0.53
China,Oceania,Nuclear,2016,Terawatt-hours (TWh),37299,22406,10991,5949,50.23,3823.87,11543.53,604.08,342.67,6.24
China,Europe,Nuclear,2015,Terawatt-hours (TWh),2052,18849,13123,6470,53.36,2471.67,13519.27,1347.48,193.86,-4.63
China,South America,Oil,2019,Terawatt-hours (TWh),5771,15329,10726,8979,28.08,1626.28,12393.65,1200.18,158.99,8.73
China,Oceania,Wind,2020,Terawatt-hours (TWh),36801,19867,760,8508,11.87,2917.91,11168.96,1337.59,313.68,-2.21
China,South America,Wind,2019,Terawatt-hours (TWh),28229,1659,10577,14667,55.18,2207.94,21530.61,234.86,178.13,7.77
China,North America,Coal,2018,Terawatt-hours (TWh),39085,19004,3140,13000,29.53,2362.49,22204.74,984.23,275.25,7.75
China,Europe,Nuclear,2022,Terawatt-hours (TWh),22273,13140,7772,17598,55.94,4584.79,1000.58,455.36,299.41,2.46
China,Africa,Wind,2019,Terawatt-hours (TWh),35474,23723,6618,17431,38.63,2396.31,20199.02,101.86,161.47,7.99
China,Africa,Hydro,2016,Terawatt-hours (TWh),16810,37521,694,10392,42.96,2862.28,7018.94,491.82,97.72,5.1
China,South America,Hydro,2018,Terawatt-hours (TWh),17415,27544,12574,11176,54.31,2401.68,12015.91,1249.85,385.93,4.46
China,South America,Hydro,2017,Terawatt-hours (TWh),5404,16177,8019,5449,65.19,2796.13,19558.29,46.42,215.44,8.23
China,North America,Solar,2021,Terawatt-hours (TWh),36182,37881,11198,13827,18.37,4589.65,20004.69,1250.69,281.85,6.07
China,Asia,Natural Gas,2021,Terawatt-hours (TWh),46511,38269,6238,3062,65.31,1545.62,4643.77,193.93,294.22,7.44
China,Europe,Hydro,2019,Terawatt-hours (TWh),29961,25890,4268,6815,44.42,3171.09,8951.38,869.2,193.13,8.9
China,South America,Natural Gas,2019,Terawatt-hours (TWh),7380,39118,10854,7164,43.77,283.57,12655.56,364.59,237.02,-1.74
China,Africa,Hydro,2019,Terawatt-hours (TWh),3098,45711,8767,18574,64.4,329.69,17608.93,1434.92,183.37,3.08
China,South America,Solar,2019,Terawatt-hours (TWh),41791,44947,2522,11955,35.01,3932.07,18648.47,253.29,202.82,3.72
China,South America,Solar,2015,Terawatt-hours (TWh),49055,34341,9842,19942,27.53,2393.84,22003.96,415.72,215.7,4.58
China,Asia,Coal,2023,Terawatt-hours (TWh),43025,37379,9716,1332,44.73,3276.85,4807.81,675.89,381.09,4.03
China,Asia,Natural Gas,2016,Terawatt-hours (TWh),49706,10915,14549,1299,6.22,2465.31,4768.88,564.78,157.37,-0.54
China,Asia,Wind,2021,Terawatt-hours (TWh),17921,25317,14866,3250,66.46,2663.32,2345.29,241.8,79.04,-0.21
China,Europe,Nuclear,2015,Terawatt-hours (TWh),24388,8915,12325,6849,68.57,2947.29,24500.56,998.15,67.19,6.95
China,South America,Natural Gas,2020,Terawatt-hours (TWh),30064,19352,7763,9380,16.84,77.57,20059.38,763.79,317.34,-3.88
China,Asia,Coal,2019,Terawatt-hours (TWh),42583,38108,10275,4965,28.88,1735.66,22877.14,246.41,394.62,8.61
China,Oceania,Solar,2017,Terawatt-hours (TWh),5033,5454,7825,2671,49.44,1987.52,23369.2,638.23,379.46,6.93
China,Oceania,Nuclear,2022,Terawatt-hours (TWh),30625,41910,122,7878,67.51,442.28,1852.59,916.4,175.17,6.1
China,Africa,Nuclear,2017,Terawatt-hours (TWh),6457,3011,10278,4991,44.33,3913.85,21419.55,320.7,233.76,-4.38
China,Africa,Solar,2021,Terawatt-hours (TWh),47901,19318,2638,9382,41.64,1853.41,20376.19,71.5,169.45,-0.49
China,North America,Hydro,2023,Terawatt-hours (TWh),27063,46432,1624,6375,20.89,1987.32,8651.86,742.19,99.68,9.08
China,North America,Natural Gas,2019,Terawatt-hours (TWh),17123,49623,258,7535,8.77,4121.5,3330.44,425.31,371.79,9.69
China,South America,Oil,2024,Terawatt-hours (TWh),12554,3324,2002,15647,18.25,2387.28,3221.45,750.62,296.72,-4.68
China,Africa,Wind,2021,Terawatt-hours (TWh),34524,41559,8035,19911,18.49,4044.2,21338.43,445.86,100.85,-2.9
China,Asia,Solar,2023,Terawatt-hours (TWh),43411,51307,5241,11187,24.9,698.36,20427.62,917.77,106.42,-0.21
China,Asia,Hydro,2016,Terawatt-hours (TWh),23961,41539,13761,4365,65.56,4653.19,24859.7,868.36,224.81,5.69
China,Africa,Hydro,2024,Terawatt-hours (TWh),5851,19189,8918,16007,19.84,519.16,21027,777.64,67.78,2.61
China,Asia,Wind,2024,Terawatt-hours (TWh),17592,16058,1816,7350,25.72,564.06,13371.39,478.72,213.46,0.27
China,North America,Oil,2016,Terawatt-hours (TWh),18158,47756,12852,15516,26.78,4962.44,3775.92,64.76,282.73,-2.45
China,Oceania,Coal,2020,Terawatt-hours (TWh),40029,20566,3306,17489,51.85,2446.52,23742.09,234.82,100.61,3.85
China,Asia,Nuclear,2022,Terawatt-hours (TWh),42071,47798,13218,16124,63.68,2377.66,4033.57,526.11,160.1,5.86
China,Europe,Oil,2019,Terawatt-hours (TWh),21521,19557,9708,16991,18.7,4437.5,5309.46,1266.24,204.43,8.43
China,North America,Natural Gas,2016,Terawatt-hours (TWh),35902,15946,13381,7509,44.74,4992.45,10313.27,1059.65,134.82,-1.17
China,Asia,Natural Gas,2015,Terawatt-hours (TWh),17302,39229,777,129,8.79,4233.75,3835.7,38.57,171.5,-4.25
China,North America,Solar,2017,Terawatt-hours (TWh),23007,38352,1345,4718,45,2751.71,1767.91,750.16,227.15,9.32
China,North America,Natural Gas,2019,Terawatt-hours (TWh),4725,15689,10975,12843,39.96,3614.92,6691.8,818.05,315.09,6.62
China,South America,Hydro,2015,Terawatt-hours (TWh),16223,39679,12255,533,22.98,1189.01,10916.54,1325.42,369.67,-3.15
China,Europe,Coal,2017,Terawatt-hours (TWh),28603,17400,14134,5594,49.59,3110.61,11902.95,1397.19,112.36,5.47
China,Oceania,Natural Gas,2020,Terawatt-hours (TWh),47147,609,10134,8339,6.49,1034.3,13622.78,824.64,383.78,7.22
China,Oceania,Oil,2023,Terawatt-hours (TWh),1570,35612,12270,7221,22.44,57.87,23910.06,1421.64,294.32,-2.1
China,Africa,Hydro,2018,Terawatt-hours (TWh),18962,27242,4098,14194,50.97,410.42,9306.53,432.63,199.74,5.88
China,Africa,Solar,2015,Terawatt-hours (TWh),17237,25604,9096,15290,64.65,1604.96,23151.66,940.88,94.71,2.31
China,Asia,Natural Gas,2020,Terawatt-hours (TWh),14361,43271,7644,16037,7.79,1092.92,16259.9,589.92,233.6,-1.76
China,Europe,Oil,2016,Terawatt-hours (TWh),40427,30641,1387,6553,64.33,962.11,9002.92,1051.12,84.98,9.73
China,Asia,Hydro,2021,Terawatt-hours (TWh),20115,30782,2122,4996,43.6,3410.96,5951.14,120.23,232.23,-3.33
China,Europe,Oil,2016,Terawatt-hours (TWh),22574,39779,10046,7347,17.96,4137.07,13661.25,979.25,217.23,6.86
China,Africa,Hydro,2017,Terawatt-hours (TWh),47469,15838,5905,15946,64.56,3706.93,13524.2,1049.98,279.88,9.54
China,Asia,Nuclear,2021,Terawatt-hours (TWh),22786,21326,11414,10035,46.11,4574.08,8983.64,675.63,197.73,1.88
China,North America,Oil,2023,Terawatt-hours (TWh),28202,11251,5327,18995,40.44,3021.86,9148.77,842.05,215.89,8.76
China,Asia,Nuclear,2016,Terawatt-hours (TWh),14570,28010,2243,2277,26.39,427.03,13134.96,394.79,336.38,8.59
China,North America,Coal,2019,Terawatt-hours (TWh),15770,39142,10512,14782,60.88,3005.8,22628.04,1409.28,128.95,0.54
China,South America,Coal,2021,Terawatt-hours (TWh),33521,19655,5108,14020,26.42,3039.15,16507.2,1018.14,273.38,-0.18
China,Oceania,Solar,2018,Terawatt-hours (TWh),24386,40173,5247,869,32.02,4690.2,7017.24,1456.36,89.08,6.54
China,North America,Natural Gas,2022,Terawatt-hours (TWh),21613,36414,11865,5678,65.78,938.07,3929.76,852.33,225.73,2.95
China,Oceania,Nuclear,2022,Terawatt-hours (TWh),20468,42169,5247,14417,69.24,3434.03,602.48,1108.98,153.73,2.88
China,Asia,Natural Gas,2016,Terawatt-hours (TWh),10987,22004,4999,5053,21.08,2624.54,4236.12,1292.61,302.39,2.81
China,Asia,Oil,2018,Terawatt-hours (TWh),35935,27960,11733,15233,59.47,3245.01,22973.81,344.05,208.06,7.15
China,Africa,Solar,2018,Terawatt-hours (TWh),39441,13496,852,14716,60.74,1356.79,13279.24,1458.64,398.64,-4.58
China,Europe,Solar,2024,Terawatt-hours (TWh),35888,43193,4254,11485,43.37,3900.09,15996.98,532.68,381.37,-0.43
China,Asia,Coal,2018,Terawatt-hours (TWh),24253,30187,13349,17980,56.34,2311.61,23144.19,345.44,75.26,5.95
China,Oceania,Natural Gas,2017,Terawatt-hours (TWh),18040,36180,2024,5066,13.4,2781.22,20350.08,193.63,150.39,3.39
China,North America,Nuclear,2018,Terawatt-hours (TWh),35613,40490,997,12995,31.62,4269.53,3910.47,146.91,136.79,5.98
China,Asia,Hydro,2019,Terawatt-hours (TWh),48484,25504,12470,5256,63.04,1866.47,20742.74,233.12,372.59,-1
China,Africa,Solar,2021,Terawatt-hours (TWh),39896,3004,13772,6551,26.95,4448.06,13506.83,894.52,252.19,6.04
China,Africa,Wind,2017,Terawatt-hours (TWh),48262,44181,14863,5347,48.82,3585.2,12972.9,1053.08,220.99,-4.67
China,South America,Coal,2016,Terawatt-hours (TWh),26022,17964,2852,10258,21,631.78,17239.71,789.95,347.83,7.71
China,Oceania,Wind,2018,Terawatt-hours (TWh),23553,51473,8105,234,20.97,637.16,5550.82,307.34,139.04,0.47
China,Europe,Hydro,2019,Terawatt-hours (TWh),10995,38016,14758,226,23.18,2623.33,9757.9,688.39,254.39,2.95
China,Europe,Nuclear,2024,Terawatt-hours (TWh),36690,45510,9592,5420,41.78,1815.89,2769.75,66.09,351.6,8.52
China,South America,Hydro,2018,Terawatt-hours (TWh),23161,48702,3406,9779,62.53,4662.02,21429.47,986.35,145.3,3.09
China,South America,Wind,2018,Terawatt-hours (TWh),17018,42828,9936,8793,51.88,3541.21,1392.81,366.42,226.45,2.54
China,Asia,Nuclear,2019,Terawatt-hours (TWh),19949,12556,8811,8505,40.21,1202.31,17511.69,1205.22,183.89,-3.38
China,Africa,Hydro,2024,Terawatt-hours (TWh),31908,38215,3972,8352,57.46,3915.78,9107.72,1497.18,176.11,3.48
China,Asia,Wind,2023,Terawatt-hours (TWh),16711,25010,9739,12313,42.06,4247.65,21903.43,376.35,143.57,3.05
China,Asia,Hydro,2015,Terawatt-hours (TWh),8000,39291,11257,11023,30.46,183.84,15021.9,1265.09,385.24,-0.94
China,Oceania,Oil,2020,Terawatt-hours (TWh),41510,50507,7825,19350,49.09,2318.18,3039.82,1312.45,151.94,-3.58
China,South America,Wind,2022,Terawatt-hours (TWh),47081,5707,12771,5313,66.39,448.12,14185,711.03,52.33,1.09
China,Africa,Coal,2022,Terawatt-hours (TWh),9864,36312,12307,8461,28.43,4674.77,17411.83,1312.41,339.19,-2.09
China,Oceania,Oil,2023,Terawatt-hours (TWh),40567,14818,11374,2696,57.39,1754.02,13372.95,1375.31,314.07,-2.5
China,North America,Solar,2017,Terawatt-hours (TWh),48783,2427,8507,10345,52.88,1672.96,23630.04,1497.06,99.86,0.87
China,Africa,Oil,2018,Terawatt-hours (TWh),35298,28826,4063,18251,37.3,3168.87,1756.14,799,246.47,5.11
China,North America,Coal,2021,Terawatt-hours (TWh),46936,35147,12899,13850,13.34,2640.12,17485.88,1121.89,343.32,4.13
China,North America,Wind,2019,Terawatt-hours (TWh),7040,8942,13456,4166,26.15,1108.08,15965.01,538.09,171.92,-0.97
China,Oceania,Natural Gas,2021,Terawatt-hours (TWh),27665,45671,14860,3479,15.69,2147.36,19343.87,1158.99,162.12,8.89
China,Oceania,Natural Gas,2020,Terawatt-hours (TWh),593,35526,13489,6790,52.74,4379.66,16069.65,441.09,244.63,6.63
China,Oceania,Hydro,2024,Terawatt-hours (TWh),47599,806,8560,14197,58.36,2995.96,10556.3,622.86,332.65,0.51
China,North America,Solar,2023,Terawatt-hours (TWh),19434,33395,13055,4051,69.93,2889.53,9265.27,1109.8,54.72,-1.73
China,Africa,Hydro,2024,Terawatt-hours (TWh),24894,35000,1097,15430,16.09,2854.64,18048.58,106.3,300.93,4.91
China,Oceania,Coal,2020,Terawatt-hours (TWh),43146,43458,10718,10619,45.25,808.88,10329.4,1176.71,302.69,5.24
China,Oceania,Solar,2021,Terawatt-hours (TWh),860,49859,12152,12032,17.75,4287.29,20324.81,472.71,279.01,-2.59
China,Africa,Wind,2021,Terawatt-hours (TWh),28059,20856,4460,14214,52.42,4820.87,3488.71,1031.53,356.36,0.43
China,Europe,Oil,2019,Terawatt-hours (TWh),27230,50669,14968,8691,22.32,1243.4,23703.14,182.14,198.91,4.96
China,Asia,Solar,2018,Terawatt-hours (TWh),49046,26058,14454,810,31.54,2539.23,16557.6,1214.82,348.55,-4.53
China,North America,Natural Gas,2018,Terawatt-hours (TWh),20969,38204,14719,19432,30.07,4692.31,8496.25,1381.24,390.84,7.82
China,Europe,Solar,2017,Terawatt-hours (TWh),32822,38006,4971,2877,12.66,4166.86,20257.19,444.01,98.2,7.42
China,South America,Solar,2021,Terawatt-hours (TWh),17883,13809,5417,12555,25.31,4644.98,6452.77,83.84,359.1,-1.6
China,Asia,Nuclear,2021,Terawatt-hours (TWh),17995,32480,2617,1095,42.47,1233.82,11242.85,1045.33,220.85,9.88
China,Africa,Coal,2017,Terawatt-hours (TWh),43480,22175,8623,10087,43.58,4673.09,2060.79,229.13,128.97,1.62
China,Africa,Wind,2020,Terawatt-hours (TWh),23638,47735,12445,11080,15.38,1601.2,13424.88,195.66,219.2,-3.38
China,Africa,Solar,2021,Terawatt-hours (TWh),24861,26224,8652,8846,26.58,3949.5,1268.09,1336.58,320.25,-2.58
China,South America,Coal,2018,Terawatt-hours (TWh),41680,9716,5200,18672,9.54,3119.4,16796.96,628.29,193.42,-0.24
China,Africa,Coal,2024,Terawatt-hours (TWh),33495,45962,11439,19632,36.94,1329.39,2197.47,1247.61,112.22,-2.32
China,Africa,Solar,2024,Terawatt-hours (TWh),42740,25727,10006,8559,39.34,758.83,13148.88,548.39,64.8,5.34
China,Europe,Solar,2020,Terawatt-hours (TWh),28611,32155,230,16973,64.6,4459.25,1631.02,184.9,227.88,7.03
China,Europe,Oil,2017,Terawatt-hours (TWh),34027,33308,12686,4680,23.83,3881.05,2600.7,1131.98,224.28,-0.55
China,Asia,Solar,2017,Terawatt-hours (TWh),25535,51375,3070,7609,29.46,2588.82,7177.58,551.85,188.94,4.36
China,South America,Solar,2020,Terawatt-hours (TWh),24316,21210,620,14428,58.21,764.68,23035.53,316.82,339.48,8.79
China,North America,Solar,2019,Terawatt-hours (TWh),6591,2897,794,4643,10.84,4841.79,4185.22,413.38,80.82,5.74
China,Oceania,Coal,2017,Terawatt-hours (TWh),28108,29977,9816,5640,62.04,246.91,13990.95,77.98,293.81,-0.17
China,South America,Oil,2018,Terawatt-hours (TWh),20018,46573,3499,19967,11.49,4792.3,20715.61,400.41,199.02,7.94
China,North America,Solar,2018,Terawatt-hours (TWh),22118,16801,3191,6041,64.06,3948.01,1374.09,241.82,162.01,-4.07
China,South America,Wind,2019,Terawatt-hours (TWh),9077,48436,2879,13885,61.89,94.08,24196.28,13.54,51.06,6.31
China,Europe,Nuclear,2024,Terawatt-hours (TWh),13234,39590,5758,17851,50.88,4156.17,2367.94,148.85,144.97,-2.16
China,Oceania,Oil,2018,Terawatt-hours (TWh),42906,39277,4830,881,69.54,337.88,5103.87,1039.2,85.61,4.42
China,South America,Coal,2022,Terawatt-hours (TWh),41115,15253,12507,16173,18.74,1594.45,14898.06,1159.96,111.83,-3.42
China,South America,Hydro,2019,Terawatt-hours (TWh),4781,2825,2340,17707,54.71,3905,15040.83,1303.88,248.37,3.72
China,Africa,Wind,2021,Terawatt-hours (TWh),20098,38582,10057,12501,48.82,2032.84,1273.29,442.82,205.68,8.92
China,North America,Oil,2023,Terawatt-hours (TWh),37757,17461,14820,1189,15.68,2340.49,16329.9,485.29,355.61,7.43
China,Asia,Coal,2017,Terawatt-hours (TWh),40872,31676,6395,12025,56.64,255.9,23398.87,1297.87,386.43,-3.53
China,Oceania,Hydro,2020,Terawatt-hours (TWh),16308,50724,6411,15380,56.33,3292.62,24672.37,482.42,140.74,7.8
China,Europe,Nuclear,2019,Terawatt-hours (TWh),28743,21664,11930,3595,60.19,3667.74,10414.12,793.29,194.71,-2.87
China,Asia,Solar,2023,Terawatt-hours (TWh),49142,3031,840,18470,18.39,96.16,12333.04,371.97,217.78,6.08
China,Asia,Hydro,2016,Terawatt-hours (TWh),27378,27244,1500,15213,24.5,2105.44,23104.5,1474.28,220.6,-4.2
China,Europe,Nuclear,2024,Terawatt-hours (TWh),22658,23948,9740,13513,14.66,4098.27,18347.74,417.58,338.33,6.67
China,Africa,Oil,2019,Terawatt-hours (TWh),40705,1144,10331,1231,43.64,4384.74,11990.95,402.1,169.65,1.9
China,Africa,Hydro,2018,Terawatt-hours (TWh),43041,20958,1193,240,11.64,1575.94,3568.9,900.04,282.81,5.12
China,Oceania,Nuclear,2021,Terawatt-hours (TWh),3811,21857,6223,16711,35.62,2934.51,24126.42,506.7,100.34,-4.37
China,North America,Natural Gas,2018,Terawatt-hours (TWh),19540,7682,13894,6525,23.21,3821.95,616.37,611.17,328.71,3.93
China,Oceania,Coal,2018,Terawatt-hours (TWh),32216,19589,8676,15468,65.65,3915.64,17917.22,962.4,160.18,7.14
China,South America,Nuclear,2023,Terawatt-hours (TWh),13219,37248,11079,19229,32.73,769.07,23270.54,544.84,276.18,9.1
China,Europe,Wind,2022,Terawatt-hours (TWh),10395,24976,4848,14508,52.82,4255.15,17725.25,348.86,365.53,4.94
China,South America,Oil,2024,Terawatt-hours (TWh),19430,35416,11155,1686,57.14,2513.84,20093.74,1324.66,370.26,3.72
China,North America,Oil,2023,Terawatt-hours (TWh),33660,6850,10459,19934,53.35,1901.28,21832.55,891.09,292.88,-2.61
China,Oceania,Coal,2024,Terawatt-hours (TWh),961,31885,6225,13137,30.25,4619.03,3088.64,49.78,210.63,-3.57
China,North America,Natural Gas,2024,Terawatt-hours (TWh),1855,35936,982,6140,43.06,210.26,24447.77,1121.09,167.32,6.06
China,South America,Solar,2022,Terawatt-hours (TWh),41324,33009,8923,18123,59.74,2858.8,11852.06,1158.28,328.57,5.71
China,South America,Solar,2016,Terawatt-hours (TWh),2237,28168,12061,796,58.63,1643.69,6030.67,1130.75,254.81,0.55
China,Asia,Coal,2020,Terawatt-hours (TWh),12826,5956,11899,17244,10.12,4746.6,1022.89,162.93,115.63,9.18
China,Africa,Natural Gas,2020,Terawatt-hours (TWh),13411,19172,9644,8175,10.58,3324.64,23887.77,465.45,190.87,9.57
China,South America,Natural Gas,2015,Terawatt-hours (TWh),28440,15719,14254,19318,36.66,2816.76,4764.61,1269.54,212.2,-2.44
China,Europe,Natural Gas,2021,Terawatt-hours (TWh),17320,44158,13917,8116,51.22,4854.32,4228.38,1257.43,92.38,7.05
China,Europe,Solar,2019,Terawatt-hours (TWh),41375,51385,6492,12086,56,4662.66,3709.87,676.26,363.66,9.02
China,Asia,Wind,2022,Terawatt-hours (TWh),43289,23220,12534,17738,45.63,2508.01,10825.73,842.53,178.56,4.76
China,North America,Coal,2022,Terawatt-hours (TWh),3733,23070,3648,4075,31.81,4640.46,8561.19,848.31,170.03,-4.48
China,Europe,Natural Gas,2021,Terawatt-hours (TWh),12628,24720,5124,16847,37.83,3635.14,7857.38,1157.03,265.64,-1.08
China,Oceania,Wind,2021,Terawatt-hours (TWh),21855,24267,3642,11147,9.45,1557.67,15498.59,1194.05,345.44,3.22
China,Africa,Hydro,2019,Terawatt-hours (TWh),23729,40831,3655,11311,57.18,4860.3,23584.15,1305.72,240.07,3.8
China,Africa,Oil,2017,Terawatt-hours (TWh),10500,33790,5067,18008,6.38,1405.36,10218.36,1406.09,109.33,1.89
China,Europe,Wind,2023,Terawatt-hours (TWh),45213,48504,9099,5049,48.5,4045.79,17081.98,1181.05,89.86,5.27
China,Asia,Wind,2018,Terawatt-hours (TWh),43236,13999,3463,19031,18.17,2555.01,1922.62,100.36,323.89,1.84
China,Asia,Wind,2017,Terawatt-hours (TWh),5839,38010,13948,18082,42.16,1717.77,18663.92,1219.13,199.61,-0.64
China,Africa,Coal,2024,Terawatt-hours (TWh),49129,9527,10452,4640,25.98,1255.82,11968.65,500.81,262.31,9.33
China,North America,Coal,2018,Terawatt-hours (TWh),24011,3321,2307,18462,33.29,580.25,12990.18,981.89,50.02,2.01
China,Europe,Hydro,2020,Terawatt-hours (TWh),4854,33437,9321,733,62.77,3008.81,15593.6,1005.75,353.87,3.57
China,Asia,Natural Gas,2016,Terawatt-hours (TWh),39478,50888,9370,10952,61.79,1885.77,7089.04,1451.64,193.73,-2.56
China,South America,Oil,2022,Terawatt-hours (TWh),23589,31570,8561,1719,11.84,3711.05,19180.84,1435.45,214.77,3.44
China,Asia,Hydro,2021,Terawatt-hours (TWh),2202,31590,12389,9233,61.19,1174.49,8697.75,1206.41,153.67,-3.69
China,Asia,Wind,2017,Terawatt-hours (TWh),22906,28893,7036,16272,26.64,282.87,2011.4,162.5,196.25,9.03
China,Europe,Natural Gas,2021,Terawatt-hours (TWh),15319,35744,9517,1758,34.68,2482.71,24945.2,471.75,100.01,0.96
China,Europe,Natural Gas,2023,Terawatt-hours (TWh),19197,21841,7307,3810,32.05,166.32,23396.43,1184.5,321.09,2.85
China,Europe,Hydro,2020,Terawatt-hours (TWh),28537,11910,365,555,16.98,1287.62,19842.85,624.15,345.41,0.5
China,South America,Nuclear,2021,Terawatt-hours (TWh),21497,26098,8176,17979,9.31,4176.04,23578.85,955.4,366.89,-2.66
China,Asia,Natural Gas,2024,Terawatt-hours (TWh),45267,33438,4911,15123,53.09,4868.03,21412.75,1449.68,161.51,4.54
China,Oceania,Solar,2023,Terawatt-hours (TWh),36021,13987,10111,8176,63.92,2898.71,11299.7,813.77,295.22,0.22
China,North America,Natural Gas,2016,Terawatt-hours (TWh),30975,21543,6471,15917,17.92,3727.98,24738.71,789.58,244.22,9.35
China,Asia,Wind,2021,Terawatt-hours (TWh),45459,34745,4270,3721,67.25,1912.24,15272.91,938.48,275.02,5.11
China,North America,Solar,2016,Terawatt-hours (TWh),25044,28403,11950,9300,54.59,2416.11,21830.6,483.57,166.36,-3.66
China,Asia,Hydro,2016,Terawatt-hours (TWh),48593,17591,34,14285,13.87,1748.81,15738.7,109.46,115.39,-1.42
China,Europe,Nuclear,2020,Terawatt-hours (TWh),45537,24668,10998,7104,68.04,529.78,15395.12,90.28,264.69,-0.71
China,North America,Natural Gas,2021,Terawatt-hours (TWh),11411,29198,11326,8242,62,1646.14,15647.77,390.03,202.03,2.83
China,North America,Solar,2018,Terawatt-hours (TWh),8036,33895,805,17862,16.36,2562.3,19984.8,552.03,366.18,8.47
China,Oceania,Coal,2021,Terawatt-hours (TWh),20932,17027,3100,2088,15.27,630.38,17818.56,512.86,64.39,-3.73
China,Oceania,Hydro,2023,Terawatt-hours (TWh),45037,11485,8791,13440,22.45,718.78,18787.76,162.26,58.8,-2
China,Oceania,Solar,2015,Terawatt-hours (TWh),24908,20498,14837,19210,52.38,2642.98,777.19,1228.56,329.35,-2.96
China,Oceania,Natural Gas,2018,Terawatt-hours (TWh),7728,27680,3842,17517,37.83,1294.97,18501.41,52.08,236.15,2.99
China,South America,Wind,2022,Terawatt-hours (TWh),48415,21645,12333,3807,57.03,4372.91,14011.54,1009.67,266.71,-2.83
China,North America,Oil,2019,Terawatt-hours (TWh),25678,17659,14124,15375,17.57,1740.99,16137.29,491.54,346.78,-4.95
China,Oceania,Hydro,2015,Terawatt-hours (TWh),6961,49189,8824,16972,46.22,4537.21,20737.36,607.18,212.25,7.41
China,Asia,Coal,2016,Terawatt-hours (TWh),44732,40973,2750,91,67.64,2251.33,6029.61,963.85,394.28,-3.58
China,Asia,Oil,2017,Terawatt-hours (TWh),7832,11611,10071,13432,52.71,4667.61,8620.05,1085.42,248.43,5.32
China,Europe,Solar,2021,Terawatt-hours (TWh),13725,11539,10455,2231,35.41,1172,11906.97,914,339.29,3.57
China,North America,Nuclear,2021,Terawatt-hours (TWh),20220,50560,2263,10411,39.84,1960.32,14377.12,968.98,298.1,1.36
China,Asia,Oil,2017,Terawatt-hours (TWh),3362,7929,8421,8333,36.77,2553.18,19803.19,1167.6,127.36,-4.78
China,Africa,Natural Gas,2019,Terawatt-hours (TWh),12944,40226,4254,15287,19.43,1656.55,12208.88,651.77,254.65,-3.14
China,North America,Wind,2016,Terawatt-hours (TWh),9790,9553,9296,17922,42.61,1106.27,2134.46,115.03,291.3,4.51
China,Europe,Solar,2024,Terawatt-hours (TWh),25198,29988,707,17809,65.01,875.1,18582.08,938.27,235.42,-4.09
China,Africa,Nuclear,2015,Terawatt-hours (TWh),20137,24170,1383,9546,39.91,1367.87,16817.96,1014.96,233.75,2.86
China,South America,Hydro,2020,Terawatt-hours (TWh),24644,15135,9577,14831,19.09,299.67,6941.05,1159.62,368.33,4.24
China,Asia,Natural Gas,2016,Terawatt-hours (TWh),27366,36491,10121,12546,38.61,2992.57,7663.5,512.67,116.92,-2.31
China,South America,Solar,2024,Terawatt-hours (TWh),19639,21259,10459,18419,13.23,1964.11,19786.42,269.5,360.69,-0.19
China,North America,Hydro,2024,Terawatt-hours (TWh),12634,23779,2204,6037,29.37,1737.13,23122,1109.38,154.62,8.15
China,Asia,Hydro,2024,Terawatt-hours (TWh),25020,19820,10845,7960,58.89,512.3,13814.3,1174.41,123.6,-0.76
China,North America,Oil,2019,Terawatt-hours (TWh),20234,33334,14083,3771,22.31,2262.53,16311.78,277.92,298.49,-1.97
China,Europe,Wind,2018,Terawatt-hours (TWh),42204,38577,2794,8476,28.85,4122.05,16483.36,313.37,220.13,3.37
China,Asia,Nuclear,2017,Terawatt-hours (TWh),46525,28327,10199,4141,61.89,2998.66,12988.83,833.47,272.79,1.22
China,South America,Wind,2020,Terawatt-hours (TWh),19523,11329,6762,9377,58.65,2939.11,23114.45,1388.6,363.58,4.79
China,Africa,Nuclear,2017,Terawatt-hours (TWh),46180,11960,1176,8761,48.56,2943.13,24258.81,1066.06,250.34,0.54
China,Oceania,Solar,2020,Terawatt-hours (TWh),6893,7411,1632,969,47.89,135.42,22190.65,461.19,215.78,-1.97
China,Oceania,Solar,2017,Terawatt-hours (TWh),17990,15496,6768,13985,45.87,2254.44,19527.54,617.56,390.75,6.04
China,North America,Hydro,2019,Terawatt-hours (TWh),25498,47018,12019,1442,69.16,2655.07,6380.07,622.58,181.83,8.25
China,Europe,Nuclear,2015,Terawatt-hours (TWh),46009,7104,12399,18292,13.14,189.51,18004.17,1166.79,263.81,-3.14
China,South America,Hydro,2023,Terawatt-hours (TWh),14043,22815,2619,15073,45.99,4646.78,1843.63,1290.87,309.4,0
China,South America,Solar,2024,Terawatt-hours (TWh),9591,43889,2451,9264,61.24,904.37,8644.14,565.17,175.34,7.29
China,South America,Coal,2018,Terawatt-hours (TWh),28319,29282,14027,15258,53.33,4949.18,11528.96,35.08,255.79,-4.94
China,North America,Natural Gas,2021,Terawatt-hours (TWh),42576,16277,14779,11898,61.07,236.54,12736.78,1003.96,379.07,0.08
China,North America,Natural Gas,2021,Terawatt-hours (TWh),49147,34981,12085,4059,66.87,2376.68,18587.08,1073.05,86.84,5.54
China,North America,Hydro,2024,Terawatt-hours (TWh),44461,16048,755,15389,47.89,4561.02,652.04,254.07,212.97,-1.15
China,Oceania,Wind,2024,Terawatt-hours (TWh),28892,8289,4443,18683,30.36,4531.24,20724.35,937.11,275.88,-2.58
China,South America,Natural Gas,2024,Terawatt-hours (TWh),35635,7970,8839,13018,33.14,4980.82,19205.82,627.74,331.78,-2.34
China,Europe,Coal,2021,Terawatt-hours (TWh),1868,5373,7498,16621,8.23,2211.24,7159.45,547.93,380.26,0.94
China,South America,Hydro,2015,Terawatt-hours (TWh),45050,8136,2074,2301,36.56,2568.56,12728.63,365.39,158.28,-0.75
China,Africa,Natural Gas,2016,Terawatt-hours (TWh),3269,48658,6037,16413,52.83,2810.64,3214.45,1245.42,168.62,-3.48
China,Europe,Nuclear,2019,Terawatt-hours (TWh),16033,50422,11288,2631,36.09,2192.26,3891.04,268.92,356.58,6.24
China,Oceania,Natural Gas,2021,Terawatt-hours (TWh),20877,32028,9963,9233,8.32,4253.84,1779.25,337.86,342.85,9.53
China,Africa,Oil,2017,Terawatt-hours (TWh),5793,3414,11648,10378,53.51,4494.41,9615.21,1119.48,61.26,5.5
China,North America,Coal,2019,Terawatt-hours (TWh),14936,19193,1581,15516,14.41,302.51,2510.52,295.5,222.68,6.25
China,Africa,Nuclear,2021,Terawatt-hours (TWh),15423,30146,9797,11365,18.8,2376.82,18370.83,529.51,376.69,8.48
China,Oceania,Hydro,2019,Terawatt-hours (TWh),35058,27596,5731,12281,43.92,449.47,1062.46,358.13,321.83,8.32
China,Africa,Natural Gas,2021,Terawatt-hours (TWh),36367,4030,14667,8526,10.39,4745.88,10207.41,1149.51,372.35,-0.15
China,Oceania,Natural Gas,2017,Terawatt-hours (TWh),40079,11848,7636,8060,45.39,3005.34,21742.07,225.86,393.45,7.9
China,Asia,Solar,2024,Terawatt-hours (TWh),41808,32863,2195,11927,59.34,3089.2,23351.83,154.01,240.43,-2.52
China,North America,Coal,2021,Terawatt-hours (TWh),19110,9205,3682,13555,38.09,4969.72,9994.27,677.84,251.19,1.08
China,North America,Natural Gas,2023,Terawatt-hours (TWh),23726,14039,4652,5984,6.03,4724.5,8922.44,453.91,195.94,-4.4
China,Oceania,Wind,2022,Terawatt-hours (TWh),18244,45341,5413,10626,46.2,4115.34,13765.92,686.4,342.86,1.85
China,Africa,Nuclear,2023,Terawatt-hours (TWh),48501,15084,4103,4037,14.47,2048.96,7582.28,458.51,355.7,5.82
China,Oceania,Nuclear,2022,Terawatt-hours (TWh),49417,47966,782,19633,50.08,4191.83,2979.53,281.35,222.48,6.09
China,Africa,Natural Gas,2016,Terawatt-hours (TWh),41219,11091,8796,15931,38.93,3940.37,24804.79,556.54,249.03,0.08
China,Europe,Oil,2018,Terawatt-hours (TWh),26772,12550,4529,491,6.98,332.44,12318.59,701.87,337.75,2.43
China,Oceania,Wind,2018,Terawatt-hours (TWh),15772,3100,2060,4698,12.3,2358.26,9536.14,1060.83,184.22,-2.39
China,North America,Wind,2019,Terawatt-hours (TWh),21900,38500,1802,1778,17.7,4213.81,12643.53,620.13,123.31,-3.69
China,Asia,Oil,2016,Terawatt-hours (TWh),48362,33347,4713,4263,8.26,1440.82,4775.32,622.28,155.35,2.75
China,Africa,Nuclear,2017,Terawatt-hours (TWh),11211,37702,4045,13364,17.7,1401.45,8411.8,411.1,207.95,-0.25
China,Europe,Wind,2021,Terawatt-hours (TWh),37938,33707,7980,4432,11.16,255.02,6021.88,1185,396.09,4.53
China,Oceania,Wind,2016,Terawatt-hours (TWh),26025,451,1514,1258,64.49,3172.35,7334.83,604.63,175.43,1.28
China,Europe,Hydro,2023,Terawatt-hours (TWh),2446,9016,12567,15860,32.11,562.52,2892.43,859.65,199.77,9.27
China,Oceania,Coal,2020,Terawatt-hours (TWh),30366,1116,3993,15226,36.03,3557.66,3351.86,406.59,294.21,9.24
China,Africa,Natural Gas,2019,Terawatt-hours (TWh),13312,27582,5588,8189,45.53,179.22,10032.6,34.1,390.62,6.94
China,South America,Oil,2024,Terawatt-hours (TWh),2545,12125,4891,6740,45,1432.18,14304.28,693.02,309.26,6.98
China,Europe,Oil,2023,Terawatt-hours (TWh),42298,22689,10649,13153,67.43,3814.22,2282.71,893.5,316.44,9.98
China,Asia,Solar,2020,Terawatt-hours (TWh),21579,18560,7335,7856,10.92,1200.91,22137.86,859.64,134.98,9.08
China,Asia,Nuclear,2022,Terawatt-hours (TWh),28515,5276,6480,7597,51.87,2356.23,7017.74,576.34,293.13,-3.14
China,Europe,Solar,2022,Terawatt-hours (TWh),35669,16519,14010,10384,65.41,2047.14,2114.48,787.43,67.35,0.97
China,Asia,Nuclear,2015,Terawatt-hours (TWh),25411,31758,5730,15342,27.46,2625.96,12478.38,626.56,178.03,1.87
China,South America,Nuclear,2015,Terawatt-hours (TWh),25041,4684,1964,18679,31.34,4379.77,22588.18,571.99,189.27,-0.65
China,Oceania,Oil,2018,Terawatt-hours (TWh),28855,23758,12654,7820,21.28,319.32,16031.19,1196.67,371.33,7.51
China,Europe,Wind,2018,Terawatt-hours (TWh),41285,7223,5163,3893,15.31,2312.99,18798.52,210.3,248.5,-0.06
China,North America,Coal,2019,Terawatt-hours (TWh),34238,28765,4833,11263,24.33,4276.08,23501.05,626.86,394.07,7.66
China,North America,Wind,2019,Terawatt-hours (TWh),47569,35913,12461,10422,24.85,3939.1,8755.15,530.93,106.37,0.3
China,Oceania,Natural Gas,2020,Terawatt-hours (TWh),39430,18002,12438,1277,57.54,1447.59,8272.64,1387.24,293.74,0.45
China,South America,Wind,2022,Terawatt-hours (TWh),30370,41186,3251,10903,40.48,4690.37,21193.33,1029.59,287.4,-4.51
China,Europe,Coal,2019,Terawatt-hours (TWh),40904,10352,5863,14135,27.21,1063.65,1139.11,1174.47,226.76,2.64
China,Europe,Natural Gas,2020,Terawatt-hours (TWh),30658,33305,13536,183,35.29,4445.7,24930.48,677.43,323.1,6.49
China,Oceania,Natural Gas,2017,Terawatt-hours (TWh),45251,40180,2756,18153,68.81,1254.3,8636.79,304,74.86,-4.66
China,North America,Nuclear,2018,Terawatt-hours (TWh),27265,50147,9924,11701,40.05,3662.62,16881.36,152.6,307.11,9.98
China,South America,Hydro,2024,Terawatt-hours (TWh),33489,27414,710,12176,23.7,4021.26,22692.47,1362.75,137.34,1.28
China,South America,Natural Gas,2016,Terawatt-hours (TWh),46040,18479,9773,1839,68.8,1310.94,7900.08,258.21,367.68,9.86
China,North America,Nuclear,2022,Terawatt-hours (TWh),16812,27307,4143,18452,25.77,3801.1,23184.16,822.83,145.92,0.6
China,Africa,Nuclear,2015,Terawatt-hours (TWh),35015,36743,10626,6241,41.34,649.5,14281.86,722.82,241.38,-0.36
China,North America,Hydro,2022,Terawatt-hours (TWh),33476,50489,507,1521,58.53,1650.8,13037.1,283.85,198.55,5.46
China,Oceania,Nuclear,2024,Terawatt-hours (TWh),10791,13414,5723,3262,67.64,1648.31,6393.42,1126.2,78.52,0.65
China,Asia,Solar,2023,Terawatt-hours (TWh),23244,25527,5179,11620,9.52,1353.02,11549.34,49.03,200.38,5.97
China,Oceania,Wind,2024,Terawatt-hours (TWh),22916,45501,11598,940,58.49,3233.16,2582.12,498.36,163.59,1.53
China,Europe,Coal,2015,Terawatt-hours (TWh),39236,8824,6900,3772,60.32,1184.86,19734.05,1252.19,95.2,4.28
China,Oceania,Coal,2015,Terawatt-hours (TWh),10403,21462,3058,15778,60.41,3340.05,23364.99,1055.44,313.45,6.1
China,Asia,Hydro,2016,Terawatt-hours (TWh),26538,18758,7232,13650,65.36,3750.16,22938.67,113.23,74.26,6.5
China,South America,Natural Gas,2019,Terawatt-hours (TWh),11452,45257,819,18134,69.44,3910.36,22960.35,258.55,336.04,5.55
China,Asia,Natural Gas,2023,Terawatt-hours (TWh),18170,43727,4890,11121,62.16,1572.98,1029.14,1220.84,72.62,7.13
China,Europe,Nuclear,2020,Terawatt-hours (TWh),22144,39447,8447,18332,14.77,2839.3,3557.85,215.79,145.06,-2.28
China,Oceania,Wind,2024,Terawatt-hours (TWh),22353,8913,11724,16545,44,407.79,18293.86,343.79,340.01,8.83
China,North America,Wind,2021,Terawatt-hours (TWh),49348,23849,533,19157,20.05,426.5,10997.71,396.22,394.27,-1.27
China,Asia,Natural Gas,2021,Terawatt-hours (TWh),46623,13915,4092,15459,52.81,4110.74,2847.64,1211.04,225.57,8.82
China,Africa,Oil,2017,Terawatt-hours (TWh),34249,7741,11045,9287,12.71,2911.86,968.74,526.12,219.36,-1.32
China,Asia,Hydro,2021,Terawatt-hours (TWh),33880,49972,12703,7166,14.5,4095.56,10428.09,152.45,110.32,1.9
China,Oceania,Hydro,2016,Terawatt-hours (TWh),30011,10673,2661,18701,68.56,696.65,4750.48,1452.59,300.19,2.06
China,Asia,Natural Gas,2020,Terawatt-hours (TWh),30630,49074,4196,17022,57.69,2090.08,8840.29,927.97,135.43,6.53
China,North America,Hydro,2019,Terawatt-hours (TWh),48007,38420,11635,3440,66.76,4487.25,10343.47,996.99,358.39,-4.26
China,Asia,Solar,2019,Terawatt-hours (TWh),4168,20531,897,29,39.87,1220.98,6401.89,940.91,293.93,6.09
China,Africa,Wind,2019,Terawatt-hours (TWh),17183,5659,4953,19642,55.37,1587.36,7955.26,20,239.75,0.14
China,Asia,Hydro,2017,Terawatt-hours (TWh),35753,10861,12064,18645,45.48,2545.98,6486.45,177.89,69.08,6.28
China,South America,Hydro,2022,Terawatt-hours (TWh),41753,3787,12953,10931,25.87,714.1,23879.74,1053.01,212.71,5.46
China,South America,Oil,2019,Terawatt-hours (TWh),23206,43115,14815,16025,67.6,1929.32,18104.93,1392.06,289.49,8.43
China,Africa,Hydro,2022,Terawatt-hours (TWh),18972,29779,6356,16218,42.93,692.31,16215.21,1217.82,147.87,-2.87
China,Europe,Nuclear,2022,Terawatt-hours (TWh),11555,26504,4309,3961,41.74,1052.87,8572.15,702.03,106.23,-0.16
China,North America,Natural Gas,2015,Terawatt-hours (TWh),28006,35060,14806,7385,38.99,1019.71,11929.69,463.77,325.18,4.99
China,South America,Hydro,2015,Terawatt-hours (TWh),42796,22312,1709,6007,67.36,3309.11,9064.68,148.96,152.66,7.28
China,South America,Nuclear,2019,Terawatt-hours (TWh),24980,29990,6099,7344,29.88,1227.2,19454.18,931.47,352.78,4.88
China,Europe,Wind,2022,Terawatt-hours (TWh),31285,2009,10159,14715,37.39,4081.33,13440.49,1432.18,149.76,-0.26
China,Asia,Solar,2022,Terawatt-hours (TWh),29902,29697,12808,6398,21.1,196.05,2137.68,537.82,351.66,3.93
China,Africa,Solar,2018,Terawatt-hours (TWh),3204,34391,9726,15940,51.09,1442.5,12186.97,1444,95.78,5.33
China,Africa,Hydro,2020,Terawatt-hours (TWh),30527,22532,1014,3128,49.85,4263.63,14332.7,1155.42,229.05,1.8
China,Oceania,Nuclear,2024,Terawatt-hours (TWh),19646,1137,3761,14023,24.51,3927.5,20028.58,1274.35,386.75,5.92
China,South America,Hydro,2020,Terawatt-hours (TWh),5560,22582,14676,12509,64.39,3596.25,741.03,663.1,353.77,0.3
China,Asia,Oil,2016,Terawatt-hours (TWh),7132,23842,13619,3781,52.48,1350.16,8903.63,1123.91,205.59,7.67
China,South America,Wind,2015,Terawatt-hours (TWh),23624,18635,4112,8482,62.69,4935.27,6253.36,909.57,230.84,-1.15
China,North America,Oil,2023,Terawatt-hours (TWh),1309,9797,11896,3339,30.75,2291.23,10996.1,75.26,396.43,4.57
China,Africa,Coal,2022,Terawatt-hours (TWh),20862,40037,2134,13187,68.93,1253.4,1888.16,295.52,316.38,-3.08
China,North America,Coal,2017,Terawatt-hours (TWh),19539,19308,3390,3973,50.18,1052.35,13677.8,23.37,101.79,6.53
China,Africa,Oil,2019,Terawatt-hours (TWh),33419,44102,3796,18691,59.93,806.78,15147.77,1197.71,347.63,2.25
China,North America,Solar,2024,Terawatt-hours (TWh),46341,21152,13934,9488,37.83,2734.1,20351.63,673.7,233.34,8.86
China,Oceania,Coal,2020,Terawatt-hours (TWh),40086,41057,4041,15104,62.62,1405.23,2246.52,447.41,125.75,9.09
China,Africa,Coal,2019,Terawatt-hours (TWh),22762,39321,4731,14526,12.17,4076.07,24608.52,598.01,201.5,9.64
China,North America,Wind,2023,Terawatt-hours (TWh),12432,19475,13993,14742,27.88,3130.4,9012.58,1220.45,248.21,5.34
China,Asia,Oil,2019,Terawatt-hours (TWh),27061,41942,4176,11853,17.01,3826.85,5975.59,208.69,140.5,8.8
China,Asia,Natural Gas,2023,Terawatt-hours (TWh),14360,31546,10428,1225,38.31,4542.68,3465.16,715.85,184.67,-0.5
China,Africa,Oil,2023,Terawatt-hours (TWh),49755,10540,946,7453,46.25,2589.69,11709,1273.41,167.6,6.67
China,South America,Wind,2019,Terawatt-hours (TWh),24543,10951,13233,9800,15.61,2305.7,19726.27,376.83,237.81,9.75
China,Asia,Wind,2022,Terawatt-hours (TWh),7926,48872,14972,13445,22.61,2176.06,9142.09,907.91,163.88,-3.35
China,North America,Nuclear,2015,Terawatt-hours (TWh),47382,41093,7207,13713,17.55,3478.9,4480.37,1255.84,219.09,5.06
China,Europe,Natural Gas,2021,Terawatt-hours (TWh),17295,31709,3271,6121,16.62,3353.69,14231.36,637.74,130.67,4.34
China,Europe,Nuclear,2020,Terawatt-hours (TWh),34212,40194,8892,19677,40.87,2547.65,6927.8,1461.76,287.74,1.25
China,South America,Coal,2022,Terawatt-hours (TWh),23765,767,14116,7305,68.7,4283.58,13731.25,860.04,336.96,5.54
China,Oceania,Natural Gas,2015,Terawatt-hours (TWh),48159,18981,14664,7402,49.26,1174.23,57.76,338.32,285.29,7.08
China,Asia,Wind,2022,Terawatt-hours (TWh),33601,44708,8027,11653,14.76,3969.72,18734.95,1292.04,293.44,-3.75
China,Oceania,Hydro,2024,Terawatt-hours (TWh),30443,38348,5057,2167,63.9,2196.45,7863.34,1116.35,107.88,6.15
China,Africa,Wind,2018,Terawatt-hours (TWh),33975,15411,5096,11969,6.93,1268.06,5934.12,19.75,346.78,5.8
China,Asia,Solar,2019,Terawatt-hours (TWh),3083,36624,12188,10450,43.21,2152.86,22774.13,674.93,268.24,-3.59
China,Africa,Natural Gas,2016,Terawatt-hours (TWh),36615,31697,12210,5004,51.05,1243.51,21457.71,1464.36,51.28,-1.09
China,Africa,Natural Gas,2018,Terawatt-hours (TWh),48619,23902,4776,6336,26.26,1258.5,24398.59,174.22,61.56,6.93
China,South America,Coal,2022,Terawatt-hours (TWh),28871,13666,9699,9130,51.38,1410.89,17782.21,544.04,370.93,5.27
China,North America,Hydro,2019,Terawatt-hours (TWh),41795,42753,1116,9664,69.52,536.07,15765.28,409.28,150.96,-0.7
China,South America,Coal,2022,Terawatt-hours (TWh),47143,43716,13816,6172,19.85,3924.97,24237.08,1277.09,325.5,6.25
China,Asia,Solar,2023,Terawatt-hours (TWh),29570,44620,5085,17856,7.09,4077.98,5127.53,1422.63,356.39,7.22
China,South America,Solar,2020,Terawatt-hours (TWh),31345,32892,4599,14373,15.33,2015.56,3624.41,1220.66,226.89,7.14
China,Oceania,Solar,2017,Terawatt-hours (TWh),31671,4087,196,18586,60.59,3231.16,24038.86,1201.11,133.8,6.33
China,Asia,Nuclear,2015,Terawatt-hours (TWh),13637,47089,4690,17653,61.13,3848.6,8721.41,775.71,333.72,8.62
China,Africa,Natural Gas,2023,Terawatt-hours (TWh),18686,46274,5694,6428,55.59,2159.8,10033.46,311.62,242.63,6.37
China,Oceania,Nuclear,2015,Terawatt-hours (TWh),48020,9912,6671,3480,50.53,4887.17,11206.81,1007.61,352.3,6.93
China,Oceania,Oil,2015,Terawatt-hours (TWh),40685,30075,43,10,58.05,1793.42,8070.92,1065.25,371.51,9.94
China,South America,Oil,2023,Terawatt-hours (TWh),12183,37546,14407,5584,20.16,1394.78,10658.12,899.58,120.21,3.08
China,Asia,Solar,2015,Terawatt-hours (TWh),47850,33024,239,3488,9.26,3708.61,17872.14,775.83,51.05,0.04
China,Africa,Oil,2018,Terawatt-hours (TWh),11530,3332,2227,13208,9.88,900.6,21522.66,258.41,176.05,0.02
China,Asia,Wind,2017,Terawatt-hours (TWh),23232,49570,4380,12725,28.84,1836.67,4126.28,131.31,370.11,-2.29
China,Africa,Hydro,2019,Terawatt-hours (TWh),19222,17198,188,9,12.71,924.12,16208.2,1350.02,112.97,-4.61
China,South America,Solar,2023,Terawatt-hours (TWh),28943,32516,10692,4711,9.51,2921.71,20088.2,110.14,363.59,8.18
China,North America,Hydro,2016,Terawatt-hours (TWh),26204,14308,1987,8459,7.13,2234.48,8732.69,1006.69,375.94,-0.11
China,Africa,Coal,2019,Terawatt-hours (TWh),19797,37829,12288,13853,14.28,4432.41,10923.61,512.31,326.16,7.82
China,North America,Oil,2024,Terawatt-hours (TWh),10007,44255,1471,11224,63.28,953.15,20159,587.53,105.73,-0.72
China,North America,Natural Gas,2015,Terawatt-hours (TWh),4675,7975,13415,9404,62.98,3109.88,8671.61,842.58,122.68,1.1
China,South America,Wind,2024,Terawatt-hours (TWh),16493,29798,1549,10069,15.51,2415.55,14825.02,559.4,182.82,1.99
China,Africa,Nuclear,2019,Terawatt-hours (TWh),15423,10046,14736,8571,32.34,3298.57,6440.95,1243.89,371.75,0.48
China,Europe,Solar,2021,Terawatt-hours (TWh),23507,27761,2795,15705,46.63,2606.44,431.85,718.74,333.22,-2.24
China,North America,Wind,2019,Terawatt-hours (TWh),6551,34164,6823,16122,23.63,1869.43,22477.57,705.3,247.63,5.67
China,South America,Wind,2020,Terawatt-hours (TWh),37090,5827,11259,11531,48.27,3762.42,5847.19,624.42,390.42,-2.73
China,Asia,Oil,2017,Terawatt-hours (TWh),27641,9580,2373,5003,49.88,2577.22,17145.48,917.1,374.1,9.01
China,Oceania,Nuclear,2018,Terawatt-hours (TWh),17954,2124,13718,14358,15.94,2590.34,14508.18,79.42,231.53,-3.76
China,Oceania,Coal,2017,Terawatt-hours (TWh),22030,22212,13105,2120,61.23,3708.13,973.1,1192.94,231.79,3.99
China,Africa,Coal,2022,Terawatt-hours (TWh),48264,7995,5830,4677,33.57,2232.48,23029.56,1255.23,207.43,-3.9
China,North America,Oil,2023,Terawatt-hours (TWh),25181,33272,6323,8462,31.49,4434.91,420.19,1001.42,157.75,-1.17
China,Oceania,Hydro,2015,Terawatt-hours (TWh),48877,34519,12887,2817,56.06,3567.57,9901.91,397.98,339.03,9.51
China,Oceania,Oil,2018,Terawatt-hours (TWh),15738,38478,11764,8014,15.4,2426.98,5419.06,1478.84,140.96,6.24
China,North America,Natural Gas,2018,Terawatt-hours (TWh),10560,50826,13583,16020,46.42,574.77,52.61,911.78,133.3,8.71
China,Africa,Natural Gas,2015,Terawatt-hours (TWh),43080,43258,2711,667,63.51,980.09,15190.93,1316.87,213.66,1.27
China,South America,Wind,2023,Terawatt-hours (TWh),38699,34063,9646,4368,45.3,3055.61,24637.28,848,170.88,-1.14
China,Europe,Hydro,2019,Terawatt-hours (TWh),1920,23360,5417,6270,11.14,3767.07,12828.1,639.57,147.38,-3.78
China,Europe,Hydro,2024,Terawatt-hours (TWh),44453,40645,9668,7688,45.26,4796.04,5322.25,611.93,136.36,-4.56
China,Asia,Hydro,2017,Terawatt-hours (TWh),5487,3202,265,4241,12.26,1088.93,9481.84,1340.57,317.06,4.41
China,Europe,Hydro,2016,Terawatt-hours (TWh),33772,22273,10346,1681,19.75,705.15,19172.29,280.11,160.34,3.5
China,Oceania,Nuclear,2024,Terawatt-hours (TWh),43763,7177,6009,12229,69.95,2792.3,14439,1368.11,373.95,8.43
China,North America,Natural Gas,2023,Terawatt-hours (TWh),508,51705,11672,1553,65.96,2504.47,15577.42,879.75,259.38,7.48
China,North America,Oil,2023,Terawatt-hours (TWh),18501,47194,11508,1627,25.75,2316.39,6196.6,1495.2,138.03,7.4
China,Africa,Natural Gas,2021,Terawatt-hours (TWh),6422,6784,5109,13107,69.24,1418.26,11533.53,743.92,112.48,2.72
China,Asia,Hydro,2020,Terawatt-hours (TWh),4879,14851,7627,14414,19.28,3273.26,11628.57,1105.57,176.94,8.21
China,North America,Natural Gas,2020,Terawatt-hours (TWh),8161,6214,2894,10261,57.9,1071.26,8913.43,554.52,343.48,-4.46
China,Africa,Wind,2024,Terawatt-hours (TWh),16174,20782,12674,16226,16.17,4674.64,20841.15,887.65,361.45,2.06
China,Asia,Natural Gas,2018,Terawatt-hours (TWh),45346,41523,14732,1371,46.07,4059.82,6930.95,1473,372.6,7.86
China,Asia,Oil,2015,Terawatt-hours (TWh),37974,19876,5735,63,54.07,4329.6,9706.56,1359.62,362.91,-1.86
China,Oceania,Wind,2024,Terawatt-hours (TWh),49112,42512,9221,3849,44.91,1201.04,3162.18,583.88,398.42,4.15
China,Oceania,Wind,2024,Terawatt-hours (TWh),5231,20100,3779,6236,42.74,4662.27,10804.41,643.27,281.53,5.9
China,South America,Nuclear,2019,Terawatt-hours (TWh),11861,22191,5654,7809,31.1,3448.74,14915.2,711.92,391.73,4.7
China,Africa,Natural Gas,2018,Terawatt-hours (TWh),41771,22879,14349,14582,21.32,768.89,23715.12,1200.42,230.17,-4.73
China,Europe,Coal,2020,Terawatt-hours (TWh),9385,31317,6657,7071,8.37,821.15,6450.6,1227.58,354.67,2.53
China,Africa,Wind,2015,Terawatt-hours (TWh),33661,16551,5255,3916,63.06,4260.68,19827.02,1488.97,372.76,1.12
China,Asia,Oil,2024,Terawatt-hours (TWh),8586,48281,8982,2326,25.32,413.2,22305.96,1360.55,369.94,3.75
China,Asia,Wind,2020,Terawatt-hours (TWh),34173,25883,5180,2801,67.98,4480.23,14589.46,1028.07,363.64,-3.14
China,Africa,Wind,2017,Terawatt-hours (TWh),37886,39449,7978,15297,69.35,2073.28,10746.38,1084.34,270.92,7.38
China,North America,Natural Gas,2020,Terawatt-hours (TWh),24307,20402,7722,18344,42.72,2411.95,19206.21,586.52,329.81,8.52
China,Europe,Natural Gas,2024,Terawatt-hours (TWh),38267,32217,3361,17074,60.69,3702.34,6113.75,643.18,146.52,8.68
China,Asia,Natural Gas,2023,Terawatt-hours (TWh),38465,38526,6104,16169,10.54,225.52,8465.7,244.98,379.46,8.37
China,South America,Solar,2022,Terawatt-hours (TWh),5364,21976,13836,4152,54.32,2842.62,24610.79,999.75,385.5,6.66
China,Africa,Oil,2024,Terawatt-hours (TWh),39213,48738,8387,10826,28.89,2851.55,4907.44,638.78,300.94,7.7
China,North America,Nuclear,2019,Terawatt-hours (TWh),24363,17847,8231,301,65.25,222.51,19464.47,1240.74,213.05,-2.87
China,South America,Wind,2020,Terawatt-hours (TWh),40568,42318,8979,2128,60.47,4464.66,5365.76,714.22,68.42,7.02
China,Europe,Natural Gas,2017,Terawatt-hours (TWh),43534,10886,12213,1881,8.4,2653.7,1737.61,880.8,376.38,-2.51
China,Europe,Nuclear,2023,Terawatt-hours (TWh),45264,45985,10377,9968,34.56,2722.61,17343.98,636.59,244.76,-3.66
China,Africa,Natural Gas,2015,Terawatt-hours (TWh),2978,35538,14441,17073,53.68,196.59,21399.49,909.44,277.77,4.56
China,Oceania,Natural Gas,2016,Terawatt-hours (TWh),32826,51187,4290,13115,22.96,1257.38,16937.97,1425.53,106.61,3.55
China,Oceania,Natural Gas,2017,Terawatt-hours (TWh),42441,11038,4142,8310,37.96,2054.95,16045.24,1192.72,64.66,7.17
China,South America,Wind,2023,Terawatt-hours (TWh),27149,42017,2727,14060,13.98,2330.8,6340.88,80.05,161.91,-2.71
China,North America,Oil,2020,Terawatt-hours (TWh),30873,41883,12688,6999,69.34,3977.27,14298.01,511.59,76.18,4.05
China,Europe,Coal,2023,Terawatt-hours (TWh),31553,12864,4907,4756,28.83,2452.7,2681.51,1336.58,100.9,4.91
China,South America,Oil,2017,Terawatt-hours (TWh),10658,43950,11678,6025,61.29,4655.45,24818.02,93.38,280.04,3.57
China,Asia,Nuclear,2022,Terawatt-hours (TWh),17706,37827,5458,10039,7.77,4687.58,12833.76,960.58,206.75,8.2
China,Oceania,Solar,2023,Terawatt-hours (TWh),35329,35706,9732,6066,24.19,707.13,9002.68,919.05,342.25,8.09
China,Oceania,Coal,2023,Terawatt-hours (TWh),29011,8847,7897,10756,37.69,3831.22,12843.23,1466.34,63.11,9.05
China,Oceania,Natural Gas,2020,Terawatt-hours (TWh),38889,38694,4068,1779,54.22,377.15,2743.14,99.59,219.27,9.93
China,South America,Natural Gas,2023,Terawatt-hours (TWh),33652,3276,10017,8122,9.15,4527.91,9861.18,468.73,381.44,9.29
China,South America,Coal,2022,Terawatt-hours (TWh),16896,20891,14295,4062,27.34,1193.52,62.41,976.72,123.69,6.21
China,Europe,Nuclear,2023,Terawatt-hours (TWh),11488,47372,170,6686,23.13,3629.56,6024.73,127.61,226.4,9.2
China,North America,Hydro,2024,Terawatt-hours (TWh),4356,42352,14593,11225,9.59,2112.1,6787.35,1419.7,220.79,8.23
China,Asia,Hydro,2017,Terawatt-hours (TWh),5834,36302,8715,9223,62.98,2898.26,12238.59,241.73,329.72,-4.29
China,North America,Oil,2019,Terawatt-hours (TWh),23213,28381,11579,3673,35.75,2222.97,22487.17,699.89,358.13,-1.94
China,Asia,Oil,2024,Terawatt-hours (TWh),24963,22521,5542,5116,29.72,2757.28,1852.7,174.96,373.09,-1.18
China,Africa,Coal,2015,Terawatt-hours (TWh),3404,6319,8207,17949,48.29,1709.72,6550.67,900.49,163.89,0.75
China,Asia,Natural Gas,2022,Terawatt-hours (TWh),34391,8197,13891,9997,56.22,1459.47,16650.56,589.5,184.62,4.89
China,Oceania,Wind,2018,Terawatt-hours (TWh),23819,9421,7721,10654,21.87,2331.08,17344.92,1165.51,120.61,3.46
China,North America,Coal,2024,Terawatt-hours (TWh),21200,3458,2157,3589,65.74,3837.89,23476.27,647.21,313.39,2.75
China,Africa,Solar,2016,Terawatt-hours (TWh),1105,18046,12466,19075,66.42,1074.77,11805.83,1437.08,391.2,7.05
China,Europe,Coal,2017,Terawatt-hours (TWh),47493,22022,2273,2339,6.62,2819.16,17229.37,92.76,227.27,-1.52
China,Europe,Solar,2016,Terawatt-hours (TWh),6468,10787,7580,11734,17.7,2511.52,8699.61,632,166.13,4.46
China,South America,Hydro,2017,Terawatt-hours (TWh),30593,18040,942,12759,16.18,592.46,13784.64,1310.81,311.64,1.08
China,Africa,Hydro,2018,Terawatt-hours (TWh),5636,2933,12812,2485,27.28,1823.63,21070.03,488.37,140.46,-3.83
China,Oceania,Solar,2017,Terawatt-hours (TWh),17408,50036,11544,9743,15.58,3381.57,13573.7,557.14,119.39,8.14
China,Europe,Wind,2024,Terawatt-hours (TWh),12328,44134,12637,5502,28.56,1662.84,14661.51,610.04,52.1,-1.78
China,North America,Natural Gas,2022,Terawatt-hours (TWh),10704,34196,7654,17656,28.32,2320.52,7349.44,1181.6,336.77,8.69
China,North America,Natural Gas,2015,Terawatt-hours (TWh),32126,34981,6216,6407,23.7,118.9,2124.3,878.45,397.07,-1.04
China,Oceania,Solar,2024,Terawatt-hours (TWh),24731,24983,6828,6684,52.2,2258.89,15000.97,1375.83,212.05,-4.92
China,Europe,Nuclear,2020,Terawatt-hours (TWh),30560,12277,11858,2094,7.15,4661.32,15723.92,503.34,353.38,7.96
China,South America,Hydro,2024,Terawatt-hours (TWh),42236,22715,5337,8456,43.88,1234.86,14006.62,216.28,179.78,5.82
China,Europe,Nuclear,2024,Terawatt-hours (TWh),13565,25554,12154,16049,40.47,2389.66,17635.77,1455.78,85.43,9.24
China,Oceania,Natural Gas,2020,Terawatt-hours (TWh),18701,27721,1269,608,56.19,2959.19,10981.38,846.11,271.39,-4.78
China,Oceania,Hydro,2023,Terawatt-hours (TWh),7334,1466,14134,14586,33.92,2324.17,22569.81,23.6,312.42,0.73
China,Asia,Hydro,2019,Terawatt-hours (TWh),24374,28554,1627,59,19.38,4111.72,21312.56,1495.37,386.61,5.59
China,Africa,Coal,2022,Terawatt-hours (TWh),41008,46002,6043,14102,26.64,331.01,4460.93,957.35,99.45,7.5
China,Asia,Oil,2021,Terawatt-hours (TWh),44171,11503,8848,11199,38.07,3346.9,9017.64,661.37,397.82,-1.08
China,Europe,Coal,2024,Terawatt-hours (TWh),29995,4194,12222,15535,31.43,2116.4,15070.15,94.04,86.77,2.88
China,South America,Solar,2016,Terawatt-hours (TWh),34652,5451,444,2378,31.38,2319.52,13349.3,799.78,335.47,5.6
China,Europe,Wind,2016,Terawatt-hours (TWh),15790,46323,5559,2269,29.14,3826.36,4926.87,1092.85,245.36,-2.98
China,Africa,Natural Gas,2019,Terawatt-hours (TWh),4167,49642,6771,18867,19.23,4343.66,18429.21,1269.54,282.16,-4.91
China,Africa,Oil,2024,Terawatt-hours (TWh),29112,41382,12381,14686,59.07,2270.64,9370.08,134.96,157.52,8.94
China,Oceania,Solar,2016,Terawatt-hours (TWh),37803,21230,12891,11410,22.48,1881.54,8939.51,1004.54,212.79,2.72
China,Europe,Nuclear,2022,Terawatt-hours (TWh),28153,7808,8669,19240,21.38,2015.98,9568.06,1245.96,192.64,1.59
China,North America,Solar,2015,Terawatt-hours (TWh),34279,48635,5785,18649,38.66,2657.26,23685.85,1049.76,359.68,-1.32
China,North America,Coal,2017,Terawatt-hours (TWh),21585,39953,5445,2760,67.3,3246.46,23575.15,1164.59,54.75,8.72
China,Europe,Wind,2017,Terawatt-hours (TWh),49099,2980,5886,15971,14.47,4651.26,16232.49,1220.47,84.6,4.43
China,Oceania,Coal,2016,Terawatt-hours (TWh),17458,32854,8269,16999,53.59,4802.92,24676.81,1475.48,222.78,7.28
China,Oceania,Solar,2024,Terawatt-hours (TWh),32272,12054,12876,2422,48.78,3258.1,19267.17,167.08,157.51,3.13
China,Africa,Wind,2019,Terawatt-hours (TWh),35512,11160,7231,17678,43.68,2062.63,16787.05,197.52,156.9,1.6
France,Europe,Oil,2021,Terawatt-hours (TWh),26134,15770,13204,3930,10.55,573.86,506.47,316.15,82.55,4.18
France,Oceania,Coal,2018,Terawatt-hours (TWh),10796,18239,13368,6700,24.2,4928.66,3476.2,1330.87,113.42,-0.81
France,North America,Natural Gas,2023,Terawatt-hours (TWh),47410,22505,63,10937,30.45,1582.21,100.29,1054.1,338.42,1
France,North America,Coal,2018,Terawatt-hours (TWh),15128,1083,10752,2713,22.32,1141.37,23164.46,1390.9,216.43,-1.19
France,Oceania,Wind,2020,Terawatt-hours (TWh),45129,42639,7051,8595,30.31,193.69,7979.77,629.53,232.41,-0.88
France,North America,Natural Gas,2020,Terawatt-hours (TWh),24066,19366,9855,1546,10.87,4923.09,20121.5,1294.46,226.31,0.51
France,Asia,Coal,2019,Terawatt-hours (TWh),9278,42243,5973,17646,38.66,2792.86,13742.6,1202.9,167.48,4.03
France,South America,Nuclear,2021,Terawatt-hours (TWh),45869,5491,4766,19492,22.54,3879.54,17129.29,1270.43,233.36,-4
France,Asia,Wind,2017,Terawatt-hours (TWh),25644,8388,9765,5951,10.07,1741.26,7310.86,874.37,61.27,-2.97
France,South America,Coal,2019,Terawatt-hours (TWh),36718,5155,6451,2192,53.47,2524.24,2138.84,369.72,370.18,5.04
France,Europe,Wind,2021,Terawatt-hours (TWh),12936,32014,6749,18460,61.57,889.05,24889.45,616.18,210.71,8.97
France,Europe,Coal,2016,Terawatt-hours (TWh),18481,27168,9410,13198,6.93,4143.28,10399.81,1226.07,127.68,7.29
France,Africa,Wind,2021,Terawatt-hours (TWh),39574,13983,5440,10031,34.52,1477.35,4523.02,943.59,165.5,-3.32
France,North America,Oil,2022,Terawatt-hours (TWh),21234,40597,2939,4868,19.15,4192.01,23086.31,360.72,50.92,3.83
France,South America,Oil,2024,Terawatt-hours (TWh),21092,11209,4860,12361,46.99,4417.71,16745.12,152.25,381.11,3.04
France,Europe,Coal,2015,Terawatt-hours (TWh),13841,27765,3138,15843,68.95,3940.57,16621.35,1125.54,203.24,9.82
France,Oceania,Hydro,2022,Terawatt-hours (TWh),46312,21039,9381,13081,40.37,76.42,3082.97,731.36,105.23,-0.46
France,Oceania,Coal,2019,Terawatt-hours (TWh),43181,13564,9487,10962,54.54,2015.16,10833.57,1207.37,180.69,8.67
France,Africa,Wind,2019,Terawatt-hours (TWh),44834,15290,650,16021,23.57,3049.08,9290.03,695.8,197.66,5.9
France,Asia,Oil,2021,Terawatt-hours (TWh),28672,26628,14533,12099,38.59,2879.44,17165.94,168.24,76.83,6.32
France,Oceania,Natural Gas,2015,Terawatt-hours (TWh),21927,46719,13366,671,8.58,3602.95,15752.05,168.77,341.9,8.6
France,Africa,Hydro,2023,Terawatt-hours (TWh),2697,12601,8360,2461,36.57,3778.76,5006.2,1302.88,163.07,8.25
France,South America,Oil,2015,Terawatt-hours (TWh),8722,42382,3682,18490,5.78,3400.21,24960.36,1384.41,207.13,2.66
France,North America,Nuclear,2023,Terawatt-hours (TWh),25687,31705,14917,1087,12.21,283.3,8716.83,1452.1,345.78,3.37
France,Asia,Wind,2016,Terawatt-hours (TWh),21281,31259,4724,9334,9.14,2417.56,23709.7,1331.65,160.9,8.44
France,South America,Hydro,2021,Terawatt-hours (TWh),45208,4588,12973,10270,55.66,343.91,11975.55,418,59.02,2.2
France,North America,Oil,2015,Terawatt-hours (TWh),13374,13786,4721,374,11.44,296.46,6086.86,1245.39,181.1,0.2
France,South America,Nuclear,2021,Terawatt-hours (TWh),42583,9590,8287,805,40.44,3434.6,3219.98,786.12,217.53,7.96
France,Asia,Hydro,2020,Terawatt-hours (TWh),39640,36583,1142,3449,50.44,3391.42,11443.29,1318.47,310.49,7.11
France,South America,Hydro,2024,Terawatt-hours (TWh),46135,44198,8730,4445,57,1138.61,17896.85,258.71,204.1,6
France,South America,Solar,2015,Terawatt-hours (TWh),17257,35615,14057,6555,65.72,1504.18,7346.2,1357,399.38,4.45
France,Europe,Nuclear,2019,Terawatt-hours (TWh),10957,8097,13211,7900,37.71,1385.66,5047.37,275.13,54.34,9.51
France,North America,Coal,2023,Terawatt-hours (TWh),21328,29135,1950,7235,17.83,152.57,22911.63,1005.72,102.49,7.8
France,Oceania,Oil,2015,Terawatt-hours (TWh),17671,31693,9802,7958,62.78,3777.14,8526.8,321.18,178.61,9.51
France,Oceania,Wind,2022,Terawatt-hours (TWh),35844,1666,8783,14986,39.61,2401.29,21632.47,1302.03,64.7,-0.8
France,North America,Nuclear,2024,Terawatt-hours (TWh),34518,26855,6899,17948,49.83,248.98,13769.97,1081.38,76.96,9
France,South America,Oil,2024,Terawatt-hours (TWh),16052,7194,9539,18185,38.9,3395.35,7358.53,1330.07,289.44,0.25
France,Oceania,Coal,2021,Terawatt-hours (TWh),22391,51924,10045,8998,36.96,4812.46,17883.1,330.88,190.5,6.62
France,Africa,Natural Gas,2022,Terawatt-hours (TWh),47846,6623,3250,9529,46.39,769.37,23309.37,1279.08,321.01,8.46
France,Asia,Hydro,2022,Terawatt-hours (TWh),37960,34912,3196,6818,49.49,3226.39,15854.45,459.09,289.25,6.53
France,Oceania,Hydro,2022,Terawatt-hours (TWh),8772,26444,13531,13227,10.08,3021.77,18227.81,1057.6,267.37,-0.69
France,Africa,Solar,2015,Terawatt-hours (TWh),25879,49821,6141,6300,23.55,4291.87,16736.13,666.71,324.04,-1.4
France,Asia,Nuclear,2019,Terawatt-hours (TWh),24005,14744,13632,3294,48.76,3203.43,6506.07,530.18,246.45,8.73
France,Oceania,Oil,2022,Terawatt-hours (TWh),46954,32665,10127,8352,44.82,2692.52,19689.64,733.38,148.96,-0.42
France,South America,Natural Gas,2020,Terawatt-hours (TWh),33164,2160,6081,16186,51.6,1712.16,10571.74,719.99,230.08,3.22
France,Asia,Solar,2017,Terawatt-hours (TWh),40261,36959,8579,14532,65.84,2735.4,24367.97,978.39,329.6,5.23
France,Oceania,Natural Gas,2023,Terawatt-hours (TWh),23595,42520,12964,12561,33.2,198.45,22067.83,1340.11,333.65,2.76
France,Oceania,Natural Gas,2018,Terawatt-hours (TWh),27157,5735,10650,18436,35.27,1339.39,24301.85,896.74,358.13,-2.74
France,Oceania,Wind,2016,Terawatt-hours (TWh),16906,7712,10843,14501,62.33,4578.2,20757.23,1131.95,167.97,-3.24
France,Europe,Hydro,2019,Terawatt-hours (TWh),15449,48080,10287,10768,14.07,352.79,11163.77,23.49,245.39,7.69
France,Africa,Nuclear,2022,Terawatt-hours (TWh),8423,9934,9836,14922,61.03,2695.22,14133.4,1123.05,54.21,-2.11
France,Africa,Nuclear,2017,Terawatt-hours (TWh),30601,18228,10496,1303,26.72,3315.02,4057,1406.98,380.39,6.83
France,North America,Nuclear,2024,Terawatt-hours (TWh),38452,51739,11657,567,12.55,3808.38,9247.2,658.8,238.54,8.18
France,Africa,Hydro,2017,Terawatt-hours (TWh),11133,5813,14137,4616,17.25,988.51,23865.47,1051.89,100.98,-4.41
France,Europe,Solar,2020,Terawatt-hours (TWh),20501,41983,990,1383,61.67,3748.36,16437.06,1049.92,350.83,-2.81
France,Africa,Coal,2023,Terawatt-hours (TWh),18570,11468,7973,8804,55.95,330.8,6970.03,249.15,198.3,7.07
France,Asia,Oil,2021,Terawatt-hours (TWh),4600,47659,2824,7098,58.18,4769.26,7500.97,643.51,187.81,-2
France,Europe,Wind,2024,Terawatt-hours (TWh),38633,49578,11149,15805,64.97,3809.02,16145.6,1043.86,80.39,8.61
France,Asia,Wind,2015,Terawatt-hours (TWh),3050,5561,11479,17107,41.22,4539.28,12996.75,755.96,329.57,5.26
France,South America,Coal,2015,Terawatt-hours (TWh),23016,3347,8990,6846,46.76,1888.99,4971,160.79,116.31,9.94
France,South America,Hydro,2018,Terawatt-hours (TWh),29792,9363,10473,8013,13.15,3789.76,8867.53,926.94,189.97,7.39
France,South America,Hydro,2020,Terawatt-hours (TWh),27234,33128,3111,3754,38.09,709.35,8281.81,21.52,208.28,-4.22
France,Africa,Natural Gas,2020,Terawatt-hours (TWh),45596,32147,1969,15687,12.19,2438.01,15971.46,318.68,292.64,3.87
France,South America,Nuclear,2022,Terawatt-hours (TWh),4209,8412,3811,4263,64.17,1491.38,24287.85,958.51,131.52,0.81
France,Asia,Solar,2016,Terawatt-hours (TWh),8673,45452,1401,11703,64.38,2396.43,20639.42,924.69,83.82,-1.18
France,Africa,Oil,2021,Terawatt-hours (TWh),5885,2106,3523,19305,36.44,3375.44,20243.09,47.71,370.08,6.32
France,Oceania,Hydro,2022,Terawatt-hours (TWh),19994,41734,14202,101,32.89,2562.36,10443.4,372.77,163.18,9.85
France,Oceania,Wind,2020,Terawatt-hours (TWh),35238,33067,1144,14505,34.24,264.47,2566.87,1071.29,169.55,6.46
France,Asia,Hydro,2024,Terawatt-hours (TWh),13126,50040,2546,15939,31.23,2168.51,21807.59,335.27,341.42,8.02
France,Europe,Hydro,2015,Terawatt-hours (TWh),19235,29428,14330,96,41.28,2564.84,10721.46,77.39,344.57,-2.14
France,Asia,Solar,2015,Terawatt-hours (TWh),7154,18409,6169,18151,12.67,738.84,17028.54,1269.69,298.18,0.61
France,Oceania,Coal,2022,Terawatt-hours (TWh),45160,49286,5659,218,57.11,3590.48,12834.06,504.21,134.2,2.7
France,Oceania,Natural Gas,2024,Terawatt-hours (TWh),5504,46742,9901,11334,55.26,3006.16,15175.03,124.35,347.52,8.4
France,North America,Coal,2016,Terawatt-hours (TWh),6580,49030,12953,18506,21.79,2692.71,17256.26,24.36,171.81,6.29
France,Europe,Natural Gas,2020,Terawatt-hours (TWh),18252,26108,8867,19789,14.01,2808.27,10455.07,1051.57,204.03,-4.78
France,Europe,Hydro,2020,Terawatt-hours (TWh),4300,45576,12263,7695,40.99,3039.33,13484.12,177.71,330.04,0.07
France,Africa,Oil,2016,Terawatt-hours (TWh),1537,20354,9087,7707,64.74,1832.85,8875.51,1348.06,285.14,1.43
France,Oceania,Solar,2019,Terawatt-hours (TWh),31780,22005,10721,19973,57.1,4161.01,21839.56,678.2,229.03,2.4
France,South America,Hydro,2016,Terawatt-hours (TWh),28634,13428,4987,4250,55.76,2450.56,13493.79,46.58,273.99,4.52
France,Europe,Oil,2022,Terawatt-hours (TWh),43014,51942,13570,3371,17.87,2944,22506.45,1369.1,113.38,-4.06
France,North America,Coal,2021,Terawatt-hours (TWh),10074,37962,6580,3318,56.76,1172.36,17212.52,569.44,93.67,5.95
France,South America,Coal,2017,Terawatt-hours (TWh),23724,18581,9125,5973,19.36,4670.78,3258.07,1045.63,333.87,0.04
France,North America,Wind,2023,Terawatt-hours (TWh),25266,2973,14560,2910,13.06,4187.86,15648.12,1316.6,227.11,-2.13
France,Europe,Natural Gas,2021,Terawatt-hours (TWh),29258,2290,5915,9776,47.06,4830.08,5205.44,975.77,99.53,1.58
France,Oceania,Natural Gas,2021,Terawatt-hours (TWh),32157,9509,13744,7945,63.1,2695.91,5978.16,549.49,93.68,5.1
France,Oceania,Nuclear,2015,Terawatt-hours (TWh),16421,10442,14150,11225,27.73,95.29,17858.42,611.83,197.54,2.58
France,Oceania,Solar,2017,Terawatt-hours (TWh),11617,34766,2900,3895,24.2,994.05,15145.83,1155.29,85.02,1.24
France,South America,Nuclear,2024,Terawatt-hours (TWh),4054,31931,6349,3091,14.12,898.14,24647.98,705.18,374.83,-2.27
France,Africa,Natural Gas,2022,Terawatt-hours (TWh),17801,21568,3020,2546,62.11,4784.55,23170.89,710.52,256.99,6.78
France,Asia,Natural Gas,2019,Terawatt-hours (TWh),23607,1118,3292,4929,6.98,2140.31,19351.75,1235.95,125.1,5.82
France,Asia,Coal,2015,Terawatt-hours (TWh),30768,48009,2948,19187,18.28,2468.99,11360.95,393.24,316.38,-0.18
France,South America,Oil,2022,Terawatt-hours (TWh),24959,23965,4262,10423,39.71,2634.4,6383.29,417.94,399.01,-4.77
France,North America,Nuclear,2019,Terawatt-hours (TWh),4270,15320,11135,16913,10.12,2065.3,3235.88,565.88,358.85,-3.46
France,Europe,Nuclear,2021,Terawatt-hours (TWh),27768,647,998,14806,52.11,958.78,2253.01,13.04,282.99,1.6
France,South America,Natural Gas,2024,Terawatt-hours (TWh),45429,2030,6908,17280,9.55,3342.68,21795.77,1444.49,193.52,-2.8
France,Oceania,Solar,2023,Terawatt-hours (TWh),32331,33528,9466,6345,35.95,3163.91,666.61,375.22,331.24,-2.64
France,Africa,Nuclear,2021,Terawatt-hours (TWh),17124,41853,9990,14928,65.66,1319.1,11417.67,432.03,59.64,5.87
France,Europe,Natural Gas,2020,Terawatt-hours (TWh),41383,30010,13688,14480,51.94,3949.93,16321.69,1268.49,333.51,-3.16
France,Oceania,Solar,2018,Terawatt-hours (TWh),35235,21615,4667,15789,67.91,3278.8,4106.74,532.63,399.85,4.72
France,South America,Wind,2017,Terawatt-hours (TWh),40435,51816,586,15014,15.51,1590.08,7985.6,1054.76,319.43,3.64
France,Africa,Natural Gas,2024,Terawatt-hours (TWh),35063,2197,6634,7239,6.5,3553.58,15524.87,1159.21,212.94,5.44
France,Europe,Natural Gas,2015,Terawatt-hours (TWh),14281,5353,4542,5147,47.92,4357.49,10714.71,1115.26,78.54,5.68
France,Asia,Hydro,2022,Terawatt-hours (TWh),5289,13648,1177,1321,37.75,1278.05,6819.29,1291.7,290.41,3.99
France,South America,Hydro,2021,Terawatt-hours (TWh),12759,15539,6364,12704,65.63,4303.38,1501.31,505.2,189.45,-4.83
France,Asia,Coal,2022,Terawatt-hours (TWh),39685,13702,3839,10216,49.35,1631.12,15420.19,1344.05,166.13,-2.07
France,Europe,Hydro,2022,Terawatt-hours (TWh),18446,36827,7581,4593,60.89,69.3,5812.49,19.52,118.9,2.03
France,Asia,Nuclear,2020,Terawatt-hours (TWh),33125,972,8935,12124,16,932.3,10676.11,1318.64,364.38,6.99
France,Oceania,Nuclear,2018,Terawatt-hours (TWh),42959,29950,14058,6865,12.04,2487.36,7947.03,1141.01,389.44,2.85
France,Asia,Hydro,2022,Terawatt-hours (TWh),26094,38838,4876,3282,59.46,2023.37,13221.73,258.2,241.5,6.48
France,Oceania,Solar,2016,Terawatt-hours (TWh),49539,37559,5634,7464,50.48,3043.5,19865.31,323.07,213.27,-1.62
France,Asia,Oil,2021,Terawatt-hours (TWh),42812,16456,12097,2819,30.35,2555.28,20685.19,1466.47,86.38,9.88
France,South America,Solar,2020,Terawatt-hours (TWh),45647,25374,2836,9875,31.12,56.41,11936.76,546.82,127.59,9.38
France,Europe,Coal,2018,Terawatt-hours (TWh),49968,33847,12558,5357,27.53,1947.96,20560.53,933.59,360.27,-4.99
France,North America,Solar,2021,Terawatt-hours (TWh),16477,17531,12249,17794,69.62,4836.82,5742.2,1070.78,287.66,-0.98
France,Europe,Oil,2022,Terawatt-hours (TWh),17648,29176,7589,1813,8.28,1449.8,1600.96,1171.63,247.86,9.64
France,Oceania,Nuclear,2017,Terawatt-hours (TWh),44437,37713,11007,7087,12.81,4168.63,24564.64,1058.34,94.14,1.59
France,North America,Nuclear,2019,Terawatt-hours (TWh),2866,4885,8132,8579,15.62,164.85,14640.14,1265.94,112.62,-3.11
France,Africa,Nuclear,2019,Terawatt-hours (TWh),10732,24439,10333,15314,38.52,4960.3,23433.54,1404.82,252.82,8.71
France,North America,Natural Gas,2018,Terawatt-hours (TWh),8169,47644,164,716,38.82,2805.15,21952.04,1269.35,169.2,-4.93
France,Europe,Solar,2017,Terawatt-hours (TWh),13809,41343,7594,10543,15.17,1563.83,13479.05,1118.4,326.54,-1.83
France,South America,Hydro,2016,Terawatt-hours (TWh),37581,47097,2751,19389,5.18,1362.9,19873.57,1362.47,301.51,-0.2
France,Africa,Hydro,2021,Terawatt-hours (TWh),9361,20128,820,5221,7.65,4643.85,17198.31,1477.58,333.99,1.39
France,North America,Solar,2022,Terawatt-hours (TWh),18321,29467,5140,15471,7.81,1232.05,19519.96,103.1,398.9,7.69
France,Europe,Solar,2018,Terawatt-hours (TWh),2547,13982,6652,838,33.47,1277.04,6276.16,697.66,396.4,-2.74
France,Oceania,Wind,2022,Terawatt-hours (TWh),27633,46222,4010,12675,11.87,1384.72,8435.02,805.22,252.06,0.4
France,Oceania,Hydro,2021,Terawatt-hours (TWh),25240,3905,12277,6521,17.88,116.59,3426.76,1491.02,233.04,0.89
France,South America,Hydro,2023,Terawatt-hours (TWh),35493,45648,14793,15323,60.99,708.9,1217.37,1305.49,61.47,2.96
France,South America,Hydro,2024,Terawatt-hours (TWh),30636,45703,1280,5581,11.67,1646.9,22360.51,1408.6,91.46,-4.79
France,North America,Oil,2024,Terawatt-hours (TWh),7418,35115,11969,18799,38.94,1043.47,15322.75,775.1,319,1.51
France,Asia,Nuclear,2022,Terawatt-hours (TWh),37959,34832,9029,16564,40.13,2454.14,16746.95,621.07,221.68,-1.71
France,Africa,Nuclear,2022,Terawatt-hours (TWh),33797,17990,5748,17730,40.11,500.85,21285.98,603.13,208.04,5.06
France,North America,Coal,2018,Terawatt-hours (TWh),6995,25191,13349,4132,48.78,1514.66,6039.62,405.3,252.53,5.54
France,Europe,Solar,2015,Terawatt-hours (TWh),537,43255,4019,16098,61.14,4470.89,16370.3,1434.9,197.4,-4.32
France,Africa,Nuclear,2022,Terawatt-hours (TWh),11124,3928,12412,18007,56.46,2150.03,501.29,526.26,182.21,-1.06
France,Asia,Solar,2018,Terawatt-hours (TWh),15370,36105,5481,17379,40.64,4343.62,5144.07,897.54,82.84,2.73
France,South America,Oil,2017,Terawatt-hours (TWh),9528,44486,12510,2669,17.65,4383.6,17242.59,590.57,134.19,3.54
France,Africa,Hydro,2021,Terawatt-hours (TWh),27716,20402,11957,11244,40.42,3801.95,21379.22,592.71,244.38,7.82
France,Africa,Coal,2020,Terawatt-hours (TWh),32641,18740,13209,2983,28.31,4145.46,6355.95,1334.65,165.33,7.13
France,Africa,Solar,2016,Terawatt-hours (TWh),30095,45056,1251,14739,25.24,3353.92,832.19,798.56,325.13,-3.37
France,Africa,Wind,2015,Terawatt-hours (TWh),42948,34183,14217,10286,51.3,1160.08,16980.27,1294.03,111.71,0.35
France,Oceania,Natural Gas,2021,Terawatt-hours (TWh),13151,6692,4870,17697,35.07,2993.21,3378.33,187.99,57.85,8.5
France,Asia,Natural Gas,2016,Terawatt-hours (TWh),7418,25951,2847,7934,30.49,1308.31,16407.71,741.2,154.54,-3.89
France,Asia,Coal,2017,Terawatt-hours (TWh),3701,51023,121,7210,13.11,1671.48,1206.59,939.86,189.02,8.76
France,Asia,Nuclear,2016,Terawatt-hours (TWh),39088,41412,11578,17734,26.74,848.94,12808.16,413.73,137.98,2.03
France,North America,Wind,2016,Terawatt-hours (TWh),43481,23116,4263,8541,54.38,675.48,4968.09,990.29,396.89,-0.09
France,Asia,Oil,2016,Terawatt-hours (TWh),25215,6860,12467,11286,42.35,2788.04,18641.23,239.09,170.14,-1.12
France,Africa,Wind,2019,Terawatt-hours (TWh),5450,39913,3722,17326,40.84,1342.3,22274.85,360.02,207.77,3.19
France,Asia,Hydro,2018,Terawatt-hours (TWh),13235,39428,7577,10594,51.21,1536.37,8031.15,905.81,70.05,6.23
France,Africa,Wind,2017,Terawatt-hours (TWh),22915,15345,13849,18531,41.72,3195.4,7934.26,194.58,161.77,-0.24
France,Europe,Solar,2020,Terawatt-hours (TWh),25147,32840,9419,7768,42.83,77.03,5481.9,470.66,174.73,-4.3
France,Africa,Nuclear,2023,Terawatt-hours (TWh),48048,16952,6175,3447,56.27,1700.6,7854.39,654.07,132.22,9.34
France,Asia,Oil,2017,Terawatt-hours (TWh),32294,19400,7872,5123,37.47,2344.45,3308.97,1454.85,287.84,-4.07
France,Asia,Natural Gas,2019,Terawatt-hours (TWh),16622,25328,3980,5916,37.28,505.48,18241.26,1032.25,360.71,-2.39
France,Asia,Wind,2015,Terawatt-hours (TWh),44699,49310,6325,4546,40.13,4827.82,137.53,1004.8,340.3,-1.71
France,North America,Solar,2021,Terawatt-hours (TWh),3899,45436,10362,10405,17.7,3541.65,12124.55,1187.99,302.98,7.23
France,North America,Hydro,2021,Terawatt-hours (TWh),11457,24997,13260,7740,57.56,4274.67,18105.37,1370.83,64.15,-2.02
France,Africa,Natural Gas,2016,Terawatt-hours (TWh),6853,37752,11260,5292,57.96,1151.56,8740.65,1126.2,267.26,2.22
France,North America,Nuclear,2018,Terawatt-hours (TWh),36475,23014,14197,11243,44.46,906.02,6788.24,1048.59,200.07,7.37
France,Oceania,Wind,2015,Terawatt-hours (TWh),40365,47773,13991,2162,46.02,1178.18,530.84,1286,323.38,2.11
France,South America,Coal,2015,Terawatt-hours (TWh),13665,25930,7675,5167,11.31,4544.76,24673.25,252.68,162.76,6.11
France,North America,Oil,2023,Terawatt-hours (TWh),12319,35768,2086,6797,15.83,3027.71,2163.02,556.59,228.31,-4.13
France,Asia,Oil,2017,Terawatt-hours (TWh),11871,27558,8471,576,41.38,2004.75,19389.33,507.63,364,1.04
France,Europe,Natural Gas,2023,Terawatt-hours (TWh),28785,21850,9949,15447,64.99,2239.25,8883.46,276.58,73.92,3.43
France,Oceania,Oil,2018,Terawatt-hours (TWh),15479,49229,14793,19830,13.19,432.6,6909.72,623.03,269.76,9.24
France,Africa,Hydro,2022,Terawatt-hours (TWh),49785,9647,10006,16157,24.14,2286.05,18176.88,1056.92,247.84,2.98
France,Asia,Hydro,2024,Terawatt-hours (TWh),9982,12636,11892,16353,64.46,2638.35,11073.92,896.82,208.51,-0.27
France,Oceania,Natural Gas,2024,Terawatt-hours (TWh),32188,16347,8072,16023,31.61,3547.29,1044.63,237.05,243.27,9.27
France,Europe,Coal,2016,Terawatt-hours (TWh),43370,6849,11919,8545,56.68,2157.99,17961.79,612.02,360.95,7.42
France,North America,Solar,2022,Terawatt-hours (TWh),44135,24431,5490,16773,31.3,66.66,22009.41,644.94,399.98,-2.74
France,Asia,Nuclear,2021,Terawatt-hours (TWh),23729,19668,8830,1205,58.53,1195.98,20362.69,231.76,230.77,7.38
France,Africa,Natural Gas,2020,Terawatt-hours (TWh),38972,43451,5884,2157,8.9,2729.42,9283.8,599.26,120.17,4.86
France,Oceania,Coal,2024,Terawatt-hours (TWh),16432,50823,10371,3664,42.9,232.78,15737.07,712.16,180.31,2.24
France,South America,Oil,2023,Terawatt-hours (TWh),33860,23050,14396,12850,56.93,2410.55,13734.23,1128.14,129.49,-2.78
France,Asia,Solar,2018,Terawatt-hours (TWh),23865,27546,14313,11433,25.36,4424.67,186.58,163.69,321.27,3.36
France,Africa,Hydro,2016,Terawatt-hours (TWh),5409,43593,9785,1111,31.75,4926.38,5779.36,1460.5,121.49,-1.83
France,South America,Oil,2020,Terawatt-hours (TWh),15366,43563,3655,11408,33.66,2297.9,23488.64,306.65,116.82,4.74
France,Europe,Wind,2020,Terawatt-hours (TWh),4933,22245,13726,6290,57.46,4816.14,15721.77,1270.43,347.57,1.72
France,South America,Solar,2020,Terawatt-hours (TWh),15788,28800,9907,3979,42.52,3136.96,23525.41,134.43,149.94,9.2
France,South America,Oil,2020,Terawatt-hours (TWh),14727,12985,13934,739,5.8,3615.63,11246.03,439.81,160.72,7.17
France,Europe,Wind,2015,Terawatt-hours (TWh),9868,7276,7084,19558,25.39,1799.07,7804.97,97.29,180.63,4.28
France,South America,Wind,2021,Terawatt-hours (TWh),8271,21088,2896,12572,24.16,3083.45,21747.13,165.03,104.6,7.35
France,Africa,Wind,2024,Terawatt-hours (TWh),17191,5535,5928,11849,31.03,3472.25,7705.53,685.24,74.03,-1.86
France,Asia,Hydro,2024,Terawatt-hours (TWh),46733,51349,2944,18740,41.23,2918.44,4489.16,1096.53,137.08,9.35
France,Africa,Natural Gas,2018,Terawatt-hours (TWh),25832,4895,13037,741,64.95,3078.7,210.76,110.56,267.82,-0.81
France,Asia,Nuclear,2017,Terawatt-hours (TWh),30311,15903,9164,14022,13.93,4731.69,19179.58,1323.2,268.92,0.61
France,Oceania,Coal,2017,Terawatt-hours (TWh),27120,37135,7241,254,14.71,97.29,11090.71,1059.48,166.52,-2.7
France,Africa,Hydro,2024,Terawatt-hours (TWh),13163,38119,2987,8526,62.14,2392.33,6737.8,138.76,125.92,-0.94
France,Africa,Solar,2021,Terawatt-hours (TWh),21669,33853,9340,18903,36.31,196.82,5690.47,1467.27,76.05,-1.54
France,South America,Natural Gas,2024,Terawatt-hours (TWh),30873,20672,14373,961,31.58,1217.28,13968.84,1374.09,342.93,5.97
France,Africa,Hydro,2018,Terawatt-hours (TWh),7134,2433,4405,4565,11.86,692.41,18182.08,577.99,291.52,8.49
France,Asia,Wind,2019,Terawatt-hours (TWh),40206,41320,3470,14931,36.18,1852.11,16731.43,1440,255.42,4.48
France,Oceania,Natural Gas,2024,Terawatt-hours (TWh),19748,27819,446,2845,7.35,877.82,17120.05,207.42,248.89,7.54
France,Africa,Coal,2020,Terawatt-hours (TWh),5200,30135,2655,2628,47.02,2217.59,3058.27,949.1,125,1.34
France,Africa,Solar,2019,Terawatt-hours (TWh),28494,35788,8203,4268,46.01,3916.29,16448.18,430.28,371.52,9.68
France,North America,Nuclear,2015,Terawatt-hours (TWh),20017,41036,14310,3592,22.8,1231.19,9679.19,1423.16,129.03,-4.53
France,Oceania,Natural Gas,2019,Terawatt-hours (TWh),15827,7964,4169,2747,44.71,1046,12023.02,985.63,330.87,-0.71
France,Africa,Wind,2018,Terawatt-hours (TWh),12966,28559,10055,16820,66.94,348.65,7842.65,233.28,72.27,8.73
France,South America,Coal,2019,Terawatt-hours (TWh),18786,5914,4019,17807,62.23,1285.56,4147.49,1188.18,120.23,-2.33
France,Africa,Solar,2024,Terawatt-hours (TWh),11311,5711,12784,13929,27.1,1616.65,5548.38,388.19,338.3,3.54
France,South America,Solar,2020,Terawatt-hours (TWh),37987,40676,12164,4122,65.2,1021.81,12033.96,133.21,220.72,-0.41
France,Africa,Hydro,2016,Terawatt-hours (TWh),47443,46940,13148,387,32.14,4290.53,19006.56,1194.19,268.71,5.3
France,South America,Natural Gas,2021,Terawatt-hours (TWh),23312,37157,10001,14456,8.94,1258.9,20443.87,1368.75,363.82,3.2
France,North America,Hydro,2021,Terawatt-hours (TWh),1221,33698,14891,301,50.97,3395.65,7526.41,410.39,224.08,-0.64
France,Africa,Nuclear,2016,Terawatt-hours (TWh),14846,30367,2970,16178,56.56,688.72,5647.79,682.81,342.07,7.28
France,South America,Hydro,2019,Terawatt-hours (TWh),47625,27875,2811,2415,64.35,3693.07,23616.27,1197.94,373.93,9.56
France,North America,Nuclear,2019,Terawatt-hours (TWh),6437,32847,11454,10637,8.88,2227.54,3729.27,1132.03,181.59,7.88
France,North America,Oil,2023,Terawatt-hours (TWh),30931,14520,8866,6516,5.07,4458.72,5819.86,909.52,85.55,-4.36
France,Europe,Solar,2016,Terawatt-hours (TWh),45328,14420,10286,6301,10.43,869.88,3347.54,796.92,345.08,2.92
France,Africa,Oil,2016,Terawatt-hours (TWh),8767,40520,7806,4627,11.36,3025.46,23478.88,569.41,396.53,1.57
France,South America,Coal,2024,Terawatt-hours (TWh),827,16028,8698,19505,9.05,2334.93,7908.32,332.12,282.96,-3.61
France,Africa,Hydro,2022,Terawatt-hours (TWh),7538,17912,9781,7952,36.79,1427.67,228.32,831.59,359.64,4.88
France,North America,Wind,2024,Terawatt-hours (TWh),45971,48808,13156,9984,29.54,2821.48,22188.92,677.26,214.47,3.87
France,South America,Oil,2019,Terawatt-hours (TWh),27634,48878,13954,89,10.66,2619.54,24172.15,378.66,342.24,-2.11
France,Africa,Nuclear,2023,Terawatt-hours (TWh),5974,9695,13969,13341,52.86,1858.97,17653.15,91.85,162.22,-1.06
France,South America,Coal,2021,Terawatt-hours (TWh),25723,30297,14771,11463,19.3,4028.89,22710.5,1105.14,66.03,9.11
France,Europe,Hydro,2018,Terawatt-hours (TWh),41101,21678,6620,19834,63.56,3470.58,23576.03,307.96,385.66,2.76
France,South America,Oil,2020,Terawatt-hours (TWh),29580,33267,12159,19510,20.27,190.89,19686.2,333.49,292.37,8.27
France,Asia,Wind,2016,Terawatt-hours (TWh),5387,31011,13957,7660,55.93,790.65,7387.98,97.31,321.51,-3.34
France,North America,Hydro,2021,Terawatt-hours (TWh),17293,3743,6716,19896,14.56,3818.86,19060.67,153.32,323.84,2.67
France,North America,Wind,2019,Terawatt-hours (TWh),12003,15719,14118,14379,18.15,565.59,19256.65,1424.35,158.83,4.61
France,Europe,Coal,2017,Terawatt-hours (TWh),33564,42147,13576,19156,26.68,4787.93,13996.13,905.34,141.52,-1.33
France,Africa,Oil,2023,Terawatt-hours (TWh),38462,10756,11884,17357,48.97,3245.24,10472.82,1363.34,368.59,-1.92
France,Oceania,Oil,2015,Terawatt-hours (TWh),15816,17638,12648,722,23.43,763.2,9115.13,970.4,178.45,-3.31
France,South America,Solar,2022,Terawatt-hours (TWh),48336,45661,11995,14413,23.84,3952.35,4613.33,934.9,284.74,3.24
France,Oceania,Oil,2015,Terawatt-hours (TWh),26738,20798,4747,9123,67.71,516.91,11550.49,1180.94,179.04,3.42
France,Europe,Coal,2023,Terawatt-hours (TWh),39591,30461,12922,6988,69.95,2723.72,23234.36,139.76,103.81,6.12
France,Africa,Nuclear,2022,Terawatt-hours (TWh),12185,19491,14089,15936,53.52,2769.78,14478.51,957.97,333.28,-2.13
France,South America,Coal,2021,Terawatt-hours (TWh),20545,41759,1598,19058,68.92,4283.43,3841.07,732.17,85.13,1.67
France,Oceania,Natural Gas,2021,Terawatt-hours (TWh),20148,34973,5551,17776,24.01,4080.2,3630.08,222.36,294.21,3.36
France,Asia,Oil,2019,Terawatt-hours (TWh),25759,47885,6368,8801,41.59,2686.83,3181.34,900.79,134.51,4.01
France,Oceania,Oil,2020,Terawatt-hours (TWh),41236,29394,9948,6868,12.51,3627.39,1411.92,757.72,130.95,1.66
France,Africa,Coal,2020,Terawatt-hours (TWh),34327,50618,6306,10427,31.01,4678.41,9014.8,623.53,123.32,-4.57
France,Asia,Nuclear,2018,Terawatt-hours (TWh),24326,44598,8378,3552,62.1,2252.01,18960.86,1499.48,379.19,9.07
France,Europe,Oil,2022,Terawatt-hours (TWh),41774,36837,9578,1464,8.99,2962.41,5929.6,1020.96,110.53,-3.95
France,Europe,Hydro,2017,Terawatt-hours (TWh),32853,22853,14137,6245,30.83,4738.54,19763.83,710.39,140.92,-3.62
France,Europe,Natural Gas,2018,Terawatt-hours (TWh),30901,12493,8240,8124,16.58,1153.4,3614.97,296.81,325.27,-1.2
France,South America,Nuclear,2015,Terawatt-hours (TWh),9825,36481,14171,17748,47.34,1437.86,20354.31,813.2,235.22,-3.04
France,Africa,Nuclear,2016,Terawatt-hours (TWh),40378,37626,5618,8149,13.08,396.76,9186.6,901.77,166.47,-3.09
France,Oceania,Natural Gas,2015,Terawatt-hours (TWh),39708,50680,7207,1636,30.01,1592.09,2895.55,1133.05,244.17,-2.52
France,Africa,Coal,2017,Terawatt-hours (TWh),43135,6899,14838,15223,36.05,1477.61,17717.49,1134.72,208.39,1.76
France,Asia,Hydro,2017,Terawatt-hours (TWh),22912,31692,10017,2604,11.41,4502.42,4601.28,719.8,267.46,-4.04
France,Africa,Coal,2019,Terawatt-hours (TWh),20880,25612,13596,2461,22.9,659.69,15635.47,1330.6,109.89,4.4
France,North America,Wind,2015,Terawatt-hours (TWh),1056,36141,2272,7945,23.11,826.14,2453.54,434.58,309.85,3.64
France,North America,Coal,2024,Terawatt-hours (TWh),43755,20216,3286,5661,8.66,377.21,8128.93,291.48,288.18,-1.65
France,Asia,Wind,2018,Terawatt-hours (TWh),18729,20336,14652,1116,46.6,4633.61,3251.91,856.03,273.68,9.66
France,Europe,Coal,2017,Terawatt-hours (TWh),13811,44988,7502,6962,60.43,2781.28,501.58,773.49,215.67,-4.79
France,Oceania,Coal,2021,Terawatt-hours (TWh),5293,24202,6358,16753,45.34,2785.89,9573.38,1047.86,385.4,-3.51
France,North America,Wind,2017,Terawatt-hours (TWh),47142,13457,703,15975,62.57,2040.36,7605.6,758.76,317.14,0.73
France,North America,Hydro,2017,Terawatt-hours (TWh),14982,35713,8497,6885,61.14,3349.59,18242.56,802.56,121.33,-2.46
France,North America,Coal,2023,Terawatt-hours (TWh),8428,37755,6911,17721,45.11,2190.61,16055.35,432.26,99.02,5.69
France,South America,Wind,2024,Terawatt-hours (TWh),35063,43769,4003,7099,6.18,2323.33,19411.37,810.15,217.38,-3.94
France,North America,Coal,2016,Terawatt-hours (TWh),35877,31593,5634,6761,29.45,1469.69,21754.21,341.34,398.97,8.97
France,North America,Hydro,2024,Terawatt-hours (TWh),14122,25664,2683,391,41.21,2092.71,24748.85,1123.39,325.27,-3.11
France,Europe,Natural Gas,2016,Terawatt-hours (TWh),29375,9489,4562,4819,62.43,1035.39,18389.16,1368.27,285.16,3.75
France,Europe,Nuclear,2017,Terawatt-hours (TWh),23934,21528,5600,12512,18.7,4189.42,24677.85,220.51,160.48,-2.67
France,Asia,Nuclear,2015,Terawatt-hours (TWh),1407,15620,11909,13850,33.15,1751.35,9801.47,520.96,399.13,0.1
France,Oceania,Hydro,2015,Terawatt-hours (TWh),8890,47064,2054,7211,45.39,737.32,17648.57,1365.93,128.51,3.88
France,Africa,Nuclear,2016,Terawatt-hours (TWh),11527,47777,3699,18789,42.9,368.62,7027.05,516.72,159.48,-2.88
France,Africa,Coal,2019,Terawatt-hours (TWh),12667,46498,11825,9094,49.04,3047.55,11787.02,279.53,196.04,-1.55
France,Asia,Nuclear,2019,Terawatt-hours (TWh),20871,25202,3623,19071,49.74,849.41,2870.49,446.33,360.06,-1.09
France,Oceania,Solar,2017,Terawatt-hours (TWh),5838,45913,10004,2237,38.55,4359.47,22121.05,445.71,72.11,-3.37
France,North America,Coal,2023,Terawatt-hours (TWh),46629,15262,3004,14577,21.72,4484.17,7520.27,1171.71,364.79,1.58
France,Europe,Nuclear,2016,Terawatt-hours (TWh),48076,49080,4994,4201,66.56,1499.33,24062.93,879.18,317.65,-1.36
France,Europe,Solar,2021,Terawatt-hours (TWh),41416,48635,10188,5351,55.19,1234.12,21052.62,298.68,236.48,-2.18
France,Asia,Wind,2017,Terawatt-hours (TWh),10015,1406,5624,15018,53.03,3902.74,7308.47,913.5,197.87,0.88
France,Asia,Solar,2017,Terawatt-hours (TWh),1973,42388,7979,7034,66.29,433.92,10453.89,288.81,145.43,9.98
France,Asia,Wind,2019,Terawatt-hours (TWh),29072,25218,8608,12047,66.11,99.26,16834.59,1298.16,348.17,-1.76
France,South America,Coal,2019,Terawatt-hours (TWh),45151,24067,12219,165,30.71,4988.74,21538.19,1005.87,327.94,0.37
France,Europe,Oil,2023,Terawatt-hours (TWh),47643,18567,4777,14078,29.82,4476.09,3062.02,1094.24,277.43,6
France,South America,Hydro,2015,Terawatt-hours (TWh),36173,40796,4137,11431,47.39,1414.24,13844.18,1296.6,50.77,-2.83
France,North America,Oil,2019,Terawatt-hours (TWh),24013,6676,10957,12501,24.89,4842.49,3240.32,143.18,165.82,2.87
France,North America,Solar,2015,Terawatt-hours (TWh),22543,5728,11237,19849,31.59,2332.52,13494.54,631.07,376.4,-1.27
France,Asia,Oil,2015,Terawatt-hours (TWh),29915,49180,11293,13079,12.43,479.28,2416.25,614.4,391.49,9.6
France,Africa,Oil,2017,Terawatt-hours (TWh),2670,17051,8166,19849,9.75,2776.12,7070.72,936.62,64.41,9.34
France,South America,Solar,2024,Terawatt-hours (TWh),38386,3212,12637,14608,38.73,4397.48,21659.68,1399.93,188.09,3.75
France,Asia,Coal,2018,Terawatt-hours (TWh),9243,47304,3027,11036,37.87,439.11,10239.55,820.54,226.4,6.69
France,Europe,Nuclear,2019,Terawatt-hours (TWh),34860,37673,326,17734,25.76,2518.29,3124.74,298.7,304.68,4.45
France,Asia,Natural Gas,2019,Terawatt-hours (TWh),43894,14869,7088,7482,66.19,3532.86,8133.62,205.39,396.74,7.71
France,South America,Oil,2022,Terawatt-hours (TWh),26045,9050,6711,1664,39.17,2377.33,8568.63,140.72,75.11,4.74
France,Asia,Nuclear,2023,Terawatt-hours (TWh),4432,16990,8613,13733,24.16,788.3,11137.56,1163.44,63.31,4.54
France,South America,Natural Gas,2017,Terawatt-hours (TWh),39068,11387,2083,3614,34.86,3305,3799.83,207.66,194.19,-4.89
France,South America,Natural Gas,2017,Terawatt-hours (TWh),14908,48167,11870,3616,11.55,191.35,22602.09,159.76,118.81,-3.92
France,Oceania,Hydro,2017,Terawatt-hours (TWh),17388,40904,639,14392,49.7,1723.81,22817.37,1043.18,399.46,-3.94
France,North America,Solar,2015,Terawatt-hours (TWh),45758,36858,9766,7341,48.71,105.47,18371.68,430.92,120.03,3.96
France,Asia,Wind,2023,Terawatt-hours (TWh),35027,29001,11420,16709,66.79,4935.54,2313.04,841.99,135.36,3.66
France,Africa,Nuclear,2022,Terawatt-hours (TWh),4294,3039,13705,16003,37.62,2729.3,14236.54,549.49,394.16,5.31
France,Oceania,Solar,2022,Terawatt-hours (TWh),27688,14960,4404,11353,19.23,1813.21,6522.76,457.46,148.9,-3.92
France,North America,Wind,2024,Terawatt-hours (TWh),41411,19448,10005,1839,36.91,2557.31,4412.88,657.7,304.6,6.83
France,South America,Nuclear,2024,Terawatt-hours (TWh),12629,11460,5085,12395,66.96,1020.7,24585.29,359.49,207.96,3.01
France,South America,Natural Gas,2018,Terawatt-hours (TWh),20154,4776,1092,11223,19.28,2247.05,7134.77,1343.54,165.07,6.89
France,Asia,Wind,2022,Terawatt-hours (TWh),4493,14378,12023,1771,40.14,2114.67,23866.6,1009.59,361.17,-3.51
France,Europe,Natural Gas,2018,Terawatt-hours (TWh),27776,24569,13959,18372,11.57,240.76,15545.34,1487.26,320.65,-3.43
France,Europe,Coal,2024,Terawatt-hours (TWh),27498,34573,14886,9600,44.16,3111.89,8964.25,965.04,291.7,7.3
France,South America,Hydro,2023,Terawatt-hours (TWh),19035,6691,7039,16515,24.3,1931.92,14009.18,1044.88,54.87,-4.06
France,Africa,Solar,2024,Terawatt-hours (TWh),41240,8088,5061,4270,67.88,4740.53,14823.9,17.5,142.47,-3.08
France,Oceania,Natural Gas,2018,Terawatt-hours (TWh),49409,15012,2480,1806,55.19,4731.6,19882.5,524.49,204.03,2.01
France,Oceania,Coal,2016,Terawatt-hours (TWh),31780,50628,11958,11674,44.03,1619.71,15755.75,380.93,117.37,9.51
France,North America,Nuclear,2015,Terawatt-hours (TWh),5961,33518,8571,350,49.53,501.58,23902.47,1440.22,119.79,5.68
France,Oceania,Solar,2018,Terawatt-hours (TWh),33617,17028,9498,15223,35.63,2289.29,18047.48,1263.83,244.98,-4.4
France,Oceania,Solar,2018,Terawatt-hours (TWh),42882,7043,8602,10249,57.63,4501.45,1009.45,42.31,338.93,2.86
France,Oceania,Solar,2022,Terawatt-hours (TWh),18614,36756,3343,14608,10.14,1739.69,21738.95,843.3,308.84,2.4
France,Asia,Hydro,2024,Terawatt-hours (TWh),3035,10811,5292,1,21.91,4075.49,5499.84,429.41,291.11,-4.17
France,Africa,Oil,2023,Terawatt-hours (TWh),43207,5336,6131,13347,21.58,2511.28,9348.15,286.46,239.37,9.78
France,Africa,Nuclear,2017,Terawatt-hours (TWh),19436,8335,6813,16775,38.29,4400.81,8384.16,468.16,316.88,-1.83
France,Africa,Hydro,2015,Terawatt-hours (TWh),19065,35708,6510,1238,38.42,4197.86,22372.44,1219.13,289.45,8.07
France,South America,Nuclear,2015,Terawatt-hours (TWh),37760,29459,8608,12324,37.1,2437.21,9737.49,1283.89,149.83,2.88
France,Asia,Hydro,2020,Terawatt-hours (TWh),43081,17618,1237,9727,61.08,3109.15,18051.16,882.4,162.34,6.56
France,South America,Oil,2019,Terawatt-hours (TWh),37665,10552,8841,10223,33.1,3629.74,1420.39,633.71,189.78,7.86
France,South America,Wind,2021,Terawatt-hours (TWh),10962,2814,6298,6081,7.96,3861.52,7880.07,670.73,258.4,9.83
France,Oceania,Coal,2024,Terawatt-hours (TWh),40406,27957,2552,299,46.01,3293.56,15400.14,64.28,331.39,-3.51
France,Europe,Wind,2017,Terawatt-hours (TWh),27144,6795,675,7861,12.66,3766.4,17468.08,23.45,245.4,-4.56
France,Europe,Oil,2019,Terawatt-hours (TWh),7786,43211,6168,4373,14.93,1490.66,1165.47,1133.76,304.92,-0.58
France,South America,Hydro,2018,Terawatt-hours (TWh),10568,18892,9902,8146,28.58,3845.99,21648.91,831.83,256.79,-1.96
France,North America,Oil,2023,Terawatt-hours (TWh),21672,22866,541,17812,60.39,3781.46,6733.71,1003.56,133.48,4.83
France,Africa,Hydro,2019,Terawatt-hours (TWh),29254,21916,14216,17793,60.47,3266.28,16025.33,606.62,220.27,2.92
France,North America,Hydro,2024,Terawatt-hours (TWh),18790,31993,4380,8932,67.72,2780.03,9036.01,1365.93,301.59,-2.19
France,Oceania,Coal,2017,Terawatt-hours (TWh),28834,43230,11658,2821,61.43,3472.41,17986.85,234.24,227.45,5.71
France,Oceania,Nuclear,2018,Terawatt-hours (TWh),23344,13772,1728,7986,65.37,790.98,23283.01,932.21,213.34,1.64
France,Oceania,Nuclear,2023,Terawatt-hours (TWh),9712,16703,4879,11611,28.66,2382.58,13504.66,299.53,132.88,6.28
France,North America,Nuclear,2019,Terawatt-hours (TWh),6178,10390,7714,8298,46.77,2909.55,4064.34,49.53,256.55,-1.99
France,Asia,Coal,2019,Terawatt-hours (TWh),6497,51309,8166,9876,41.14,338.56,12598.66,1100.88,162.36,1.67
France,Asia,Coal,2022,Terawatt-hours (TWh),13267,18015,241,5085,60.75,4871.78,23711.61,853.61,196.65,-2.72
France,Europe,Natural Gas,2023,Terawatt-hours (TWh),21981,45428,2363,11297,14.41,4339.16,9873.34,1120.01,234.18,6.94
France,North America,Coal,2022,Terawatt-hours (TWh),29227,43311,10678,18421,52.48,3937.5,22877.05,1213.4,66.02,6.37
France,Africa,Oil,2019,Terawatt-hours (TWh),6089,18154,9742,9224,66.54,447.66,1889.49,676.65,79.38,4.95
France,Africa,Nuclear,2024,Terawatt-hours (TWh),19652,46199,10168,10217,38.53,1231.14,10777.02,659.11,330.67,-1.27
France,Africa,Nuclear,2021,Terawatt-hours (TWh),32902,36480,8611,16585,44.35,2406.98,23042.25,179.7,208.77,8.05
France,Oceania,Wind,2016,Terawatt-hours (TWh),28887,38187,11330,13334,44.7,4421.6,19111.98,11.83,354.8,-2.36
France,Asia,Oil,2022,Terawatt-hours (TWh),25530,3616,14583,7943,41.2,1500.33,1663.75,1195.67,344.1,1.68
France,Oceania,Wind,2019,Terawatt-hours (TWh),46775,29981,14328,6521,41.69,3061.81,19304.97,1207.96,221.26,0.62
France,South America,Coal,2018,Terawatt-hours (TWh),32089,20028,12441,16004,8.84,4746.35,18894.29,1402.33,165.74,-1.91
France,Asia,Solar,2022,Terawatt-hours (TWh),24725,15078,13207,8513,19.75,4311.55,18237.45,1296.9,284.27,-1.09
France,Europe,Coal,2024,Terawatt-hours (TWh),42499,47087,11390,11117,37.39,3434.54,16191.1,1377.82,347.44,-0.07
France,North America,Coal,2015,Terawatt-hours (TWh),7109,48393,7475,18448,9.63,1604.58,9113.47,77.33,181.43,4.27
France,South America,Oil,2018,Terawatt-hours (TWh),15393,16444,3216,9445,63.48,2412.31,7001.86,986.99,303.56,2.49
France,Oceania,Oil,2016,Terawatt-hours (TWh),7645,12021,11942,8049,44.12,4757.76,17300.49,564.09,368.08,0.02
France,Africa,Solar,2021,Terawatt-hours (TWh),27465,660,13116,18834,51.42,1463.69,17440.38,607.12,136.74,2.43
France,South America,Nuclear,2024,Terawatt-hours (TWh),43085,42859,12298,9361,7.86,1853.25,14281.84,942.91,71.7,-3.31
France,Europe,Coal,2016,Terawatt-hours (TWh),17423,21710,5667,14478,38.19,4114.84,4876.02,1207.75,99.9,6.61
France,Africa,Coal,2016,Terawatt-hours (TWh),29250,14990,5637,3563,25.52,3464.92,9361.04,780.1,170.21,-3.69
France,Africa,Coal,2015,Terawatt-hours (TWh),4786,48583,7676,3196,19.42,3329.37,19860.12,980.96,318.48,-3.33
France,Europe,Nuclear,2021,Terawatt-hours (TWh),33280,26073,8754,8482,32.21,4009.07,16028.78,338.46,323.63,4.51
France,Africa,Oil,2018,Terawatt-hours (TWh),43852,37824,8429,10558,12.77,1988.45,15798.03,1132.89,127.73,4.09
France,Oceania,Coal,2021,Terawatt-hours (TWh),18306,1578,5041,14776,36.44,3615.92,13013.82,41.69,156.09,7.72
France,Africa,Coal,2016,Terawatt-hours (TWh),13771,46714,6870,17241,21.07,1573.86,689.49,324.05,255.49,5.19
France,North America,Natural Gas,2017,Terawatt-hours (TWh),37991,36057,554,6122,51.61,2465.18,5891.31,797.77,287.24,8.41
France,Oceania,Coal,2015,Terawatt-hours (TWh),38471,21006,10764,17465,42.53,394.49,8975.06,1065.53,318.85,7.41
France,South America,Coal,2015,Terawatt-hours (TWh),47970,43376,948,16539,36.35,1628.7,12302.33,1291.87,337.7,0.81
France,North America,Nuclear,2020,Terawatt-hours (TWh),6986,9064,8295,3069,34.53,501.26,11482.53,144.83,102.42,-4.57
France,Africa,Nuclear,2024,Terawatt-hours (TWh),39758,43248,7809,18347,56.2,4419.44,3950.96,1245.06,369.17,-4.21
France,South America,Oil,2023,Terawatt-hours (TWh),6473,4712,4026,6142,31.62,2012.69,12225.95,540.24,354.51,1.29
France,Africa,Nuclear,2019,Terawatt-hours (TWh),33514,36664,5678,10936,61.8,747.77,5616.87,909.88,298.66,9.1
France,Africa,Natural Gas,2022,Terawatt-hours (TWh),15138,2871,5259,8358,37.91,2039.36,1122,800.12,130.27,6.18
France,North America,Hydro,2021,Terawatt-hours (TWh),38552,41477,13200,975,23.05,4443.22,11314.25,695.47,287.83,-1.33
France,Oceania,Natural Gas,2017,Terawatt-hours (TWh),42512,3774,6399,209,53.34,4449.43,13037.05,292.15,119.86,3.15
France,South America,Coal,2024,Terawatt-hours (TWh),24672,32747,4856,18216,33.6,1952.23,9963.23,1464.88,130.72,9.42
France,Asia,Solar,2017,Terawatt-hours (TWh),3184,31654,3655,13345,68.72,4489.72,7151.74,1348.64,133.83,-3.2
France,North America,Wind,2017,Terawatt-hours (TWh),7301,46333,3245,2052,11.93,279.27,21905.47,228.33,235.94,4.49
France,South America,Wind,2022,Terawatt-hours (TWh),11923,37733,8160,10491,35.87,4142.69,3744.19,440.36,212.54,1.19
France,Asia,Nuclear,2016,Terawatt-hours (TWh),30448,8913,13195,9160,41.43,590.07,19065.72,275.24,198.4,-0.21
France,South America,Solar,2021,Terawatt-hours (TWh),33567,25100,5021,7252,21.62,393.53,13612.11,1185.46,125.75,4.34
France,Europe,Hydro,2019,Terawatt-hours (TWh),45858,8766,4330,99,15.95,281.49,3219.91,17.27,137.33,3.69
France,Africa,Nuclear,2016,Terawatt-hours (TWh),4195,20539,11501,11441,64.85,1586.43,9194.4,1012.42,289.11,-2.56
France,South America,Coal,2023,Terawatt-hours (TWh),20501,2060,5612,17749,65.57,3528.64,18360.38,546.75,351.59,-0.67
France,North America,Coal,2021,Terawatt-hours (TWh),16334,13608,9913,9702,28.19,4987.78,23330.21,274.81,252.26,-3.07
France,Oceania,Wind,2019,Terawatt-hours (TWh),49367,45768,2129,19453,25.06,1585.74,4105.24,1325.58,104.66,-2.82
France,North America,Coal,2020,Terawatt-hours (TWh),23297,44053,10892,4651,24.87,3339.18,18787,815.67,324.53,-3.97
France,Oceania,Natural Gas,2020,Terawatt-hours (TWh),26512,8331,3481,17647,13.93,2017.8,3309.83,1403.21,248.41,2.39
France,Africa,Wind,2015,Terawatt-hours (TWh),8819,14489,10,3096,11.13,4202.09,15299.53,655.03,228.03,5.52
France,Europe,Natural Gas,2022,Terawatt-hours (TWh),23085,21915,598,10798,22.02,4529.2,5388.96,994.48,140.3,5.1
France,Oceania,Hydro,2017,Terawatt-hours (TWh),19330,37851,10137,19220,50.33,4341.35,12435.45,993.38,270.21,8.92
France,North America,Natural Gas,2021,Terawatt-hours (TWh),11557,28018,11885,17885,18.35,3175.82,1196.83,499.87,162.68,-3.52
France,Europe,Nuclear,2015,Terawatt-hours (TWh),26927,28316,7278,7905,7.29,3402.87,9177.85,1029.57,74.91,2.68
France,North America,Oil,2016,Terawatt-hours (TWh),48574,2243,9114,10135,22.76,3040.43,4698.16,1195.16,303.06,-4.69
France,Europe,Nuclear,2021,Terawatt-hours (TWh),5956,32550,9023,10964,13.95,849.28,21111.6,308.55,59.65,6.88
France,Africa,Hydro,2016,Terawatt-hours (TWh),47869,10178,13938,1844,20.45,2524.86,18706.5,722.84,80.99,-4.17
France,North America,Solar,2019,Terawatt-hours (TWh),25730,2989,7059,10086,32.31,607.29,21779.04,1358.31,322.17,1.79
France,Asia,Oil,2022,Terawatt-hours (TWh),38834,50274,14036,13700,37.05,424.34,2819.42,903.54,333.18,-3.51
France,Africa,Solar,2022,Terawatt-hours (TWh),14179,49558,1429,12839,63.46,2193.33,19155.05,521.7,88.46,8.7
France,Europe,Coal,2016,Terawatt-hours (TWh),25232,49070,10969,15256,61.02,2554.26,885.48,306.08,60.55,0.31
France,North America,Coal,2017,Terawatt-hours (TWh),6726,26575,6707,2835,25.23,4450.6,6903.98,1399.37,316.88,0.4
France,Asia,Solar,2021,Terawatt-hours (TWh),26224,8587,8003,18391,9.41,3539.32,10580.22,706.85,52.3,4.99
France,South America,Hydro,2024,Terawatt-hours (TWh),40523,29222,7162,10582,16.32,1756.38,16816.21,147.18,208.75,0.06
France,North America,Oil,2015,Terawatt-hours (TWh),48209,48923,14741,18139,11.89,2678.67,24243.97,1258,301.34,3.64
France,South America,Hydro,2021,Terawatt-hours (TWh),46978,49474,10191,12094,38.72,3869.92,10113.69,926.59,328.56,6.41
France,Africa,Natural Gas,2015,Terawatt-hours (TWh),18550,48420,11185,18841,50.43,2192.02,9544.78,100.76,326.84,5.86
France,South America,Coal,2024,Terawatt-hours (TWh),32076,30983,4328,3155,49.69,2078.1,10475.31,1014.16,180.06,6.93
France,North America,Hydro,2016,Terawatt-hours (TWh),19524,21993,3116,12463,54.19,1053.48,24777.11,211.31,96.74,3.36
France,Oceania,Wind,2015,Terawatt-hours (TWh),43875,2718,1459,1829,21.26,3095.74,6468.93,890.84,101.12,7.7
France,Asia,Coal,2015,Terawatt-hours (TWh),29736,18285,10921,13332,15.6,3249.04,12607.8,223.44,389.04,4.6
France,Africa,Coal,2016,Terawatt-hours (TWh),8062,23958,14464,19440,44.32,1430.13,11814.87,762.6,172.82,1.81
France,Asia,Solar,2021,Terawatt-hours (TWh),26588,21056,13233,12356,38.49,3899.06,10154.78,1477.85,383.04,1.51
France,Asia,Coal,2024,Terawatt-hours (TWh),22947,26782,14692,6984,44.4,2640.81,5148.07,1125.66,243.39,-3.37
France,North America,Natural Gas,2023,Terawatt-hours (TWh),20922,18763,3718,6570,10.54,2175.79,5233.53,153.7,301.38,-4.71
France,Africa,Coal,2023,Terawatt-hours (TWh),5933,30089,8522,9413,23.32,740.25,19168.12,341.28,362.34,8.48
France,Africa,Oil,2020,Terawatt-hours (TWh),5060,44187,10628,12094,18.91,2689.28,15327.35,240.06,219.54,-0.16
France,Africa,Nuclear,2022,Terawatt-hours (TWh),24410,1135,9210,2934,53.53,1035.26,18862.8,916.82,363.21,7.57
France,Asia,Coal,2017,Terawatt-hours (TWh),10129,17860,6173,13406,62.76,2426.12,7240.76,431.24,255.86,0.39
France,South America,Oil,2020,Terawatt-hours (TWh),39758,7096,5529,17161,11.84,4828.51,16102.83,1174.9,322.25,2.54
France,North America,Solar,2018,Terawatt-hours (TWh),26562,36290,8219,8926,10.75,3804.91,10827.48,1342.91,277.34,8.17
France,Europe,Solar,2024,Terawatt-hours (TWh),20362,43865,3777,8491,53.77,4609.98,19024.31,104.67,181.37,-4.39
France,Asia,Coal,2020,Terawatt-hours (TWh),14266,41405,12723,521,18.65,4254.63,16645.26,143.55,193.14,5.67
France,Africa,Coal,2020,Terawatt-hours (TWh),25747,50952,5398,9814,36.53,3289.11,6588.67,1033.36,100.14,4.79
France,Europe,Oil,2020,Terawatt-hours (TWh),26337,17349,3048,3706,43.63,3816.42,11650.44,244.84,314.47,6.94
France,Asia,Oil,2015,Terawatt-hours (TWh),8984,8051,6502,16147,69.36,1688.49,1352.06,152.17,117.66,9.52
France,Europe,Natural Gas,2016,Terawatt-hours (TWh),13869,24707,11391,11640,44.49,4742.42,19411.54,1337.21,253.42,-3.13
France,Asia,Coal,2015,Terawatt-hours (TWh),7761,8093,5157,694,56.8,659.81,18214.35,248.78,370.73,-0.61
France,Europe,Solar,2015,Terawatt-hours (TWh),18564,24276,10404,15201,28.86,1898.16,15309.18,1231.12,141.13,3.58
France,Asia,Hydro,2018,Terawatt-hours (TWh),14192,47449,4191,76,36.19,4557.44,13693.85,1199.6,108.37,-1.14
France,Africa,Solar,2016,Terawatt-hours (TWh),34303,13321,1719,12556,62.11,539.27,17759.6,1299.49,185.52,-4.97
France,Europe,Nuclear,2015,Terawatt-hours (TWh),7222,3482,4014,11523,25.49,1839.76,13948.54,542.29,63.94,4.16
France,Asia,Hydro,2019,Terawatt-hours (TWh),20600,7474,13265,1074,12.1,4747.91,21079.25,775.53,183.09,4.28
France,Oceania,Nuclear,2024,Terawatt-hours (TWh),14098,24520,2053,8681,61.09,192.25,3263.69,466.74,320.51,6.47
France,Oceania,Natural Gas,2022,Terawatt-hours (TWh),23439,27350,13232,14585,17.81,689.47,10586.19,848.89,188.97,5.17
France,Africa,Wind,2021,Terawatt-hours (TWh),30370,7922,248,7323,44.59,4644.65,4691.49,13.34,381.35,7.54
France,Europe,Wind,2023,Terawatt-hours (TWh),13848,35280,2780,5160,13.65,148.06,16410.49,440.15,164.22,1.97
France,North America,Hydro,2022,Terawatt-hours (TWh),19287,35484,12172,987,62.28,1800.55,449,315.95,78.85,-0.32
France,North America,Hydro,2022,Terawatt-hours (TWh),34555,6743,4635,13740,52.05,329.28,12121.4,179.95,188.76,-3.24
France,North America,Oil,2021,Terawatt-hours (TWh),19040,1098,7849,17899,63.3,773.37,19695.08,644.87,344.04,6.43
France,Europe,Natural Gas,2015,Terawatt-hours (TWh),6479,28843,2711,8771,38.78,1519.97,21892.04,1448.13,255.43,-3.24
France,North America,Oil,2022,Terawatt-hours (TWh),49355,7633,12374,11958,46.34,4982.28,22463.91,756.56,126.96,0.66
France,Europe,Nuclear,2023,Terawatt-hours (TWh),36598,39813,10685,19795,57.24,985.42,21639.98,181.12,162.32,0.48
France,North America,Wind,2022,Terawatt-hours (TWh),14055,38084,11030,10373,62.2,579.56,10867.42,477.91,199.53,-3.91
France,Asia,Nuclear,2024,Terawatt-hours (TWh),4241,21078,5800,555,57.26,3333.51,19825.57,1419.55,81.51,-1.73
France,South America,Natural Gas,2022,Terawatt-hours (TWh),3505,37240,5591,1912,13.23,3512.14,14253.29,1135.43,389.99,-4.16
France,North America,Solar,2020,Terawatt-hours (TWh),17527,48354,13918,6463,64.53,1324.24,12260.8,502.21,167.93,8.87
France,South America,Wind,2022,Terawatt-hours (TWh),40281,24025,10899,17407,53.45,407.54,9425.29,258.14,293.44,-1.85
France,Africa,Coal,2024,Terawatt-hours (TWh),43684,33641,9362,10533,43.53,1690.99,6016.93,1473.13,136.92,3.08
France,Europe,Wind,2023,Terawatt-hours (TWh),47142,41808,7472,5166,36.89,1018.83,15021.75,974.43,171.46,-2.91
France,Europe,Oil,2024,Terawatt-hours (TWh),47943,31984,9949,12888,13.25,2443.93,5099.29,829.81,72.79,0.65
France,Asia,Hydro,2015,Terawatt-hours (TWh),4409,31645,9027,9691,61.12,3170.44,7848.96,238.36,266.05,-3.09
France,South America,Coal,2022,Terawatt-hours (TWh),11356,10898,5982,19131,43.83,1333.67,10276.16,533.16,173.01,6.96
France,South America,Wind,2022,Terawatt-hours (TWh),26828,38346,10691,5883,48.36,4039.96,5209.23,75.25,281.26,4.56
France,South America,Nuclear,2023,Terawatt-hours (TWh),36889,36676,13019,8828,45.98,793.72,2649.8,1339.97,375.89,1.97
France,Africa,Coal,2022,Terawatt-hours (TWh),4706,24089,12726,19712,62.56,3950.15,18272.02,988.29,339.93,0.26
France,Asia,Hydro,2020,Terawatt-hours (TWh),40266,1115,6227,768,46.08,706.82,17361.34,761.39,87.55,-4.99
France,Africa,Wind,2022,Terawatt-hours (TWh),15403,28096,6914,10220,53.58,4195.89,15548.85,826.56,250.42,3.67
France,South America,Natural Gas,2020,Terawatt-hours (TWh),40083,14466,13268,16872,13.61,631.27,16108.49,640.96,171.64,7.83
France,Africa,Wind,2022,Terawatt-hours (TWh),34893,6732,4097,6738,43.82,3920.22,1202.48,710.69,120.9,6.94
France,North America,Coal,2016,Terawatt-hours (TWh),47321,3576,13064,19005,54.69,2082.92,448.76,178.21,167,-4.22
France,South America,Wind,2024,Terawatt-hours (TWh),15454,1930,6186,6950,66.05,4712.01,12675.76,336.56,172.96,-4.75
France,Europe,Natural Gas,2022,Terawatt-hours (TWh),41706,7717,4202,16915,33.99,675.8,15184.18,435.34,148.76,-3.45
France,South America,Nuclear,2015,Terawatt-hours (TWh),48646,18715,12614,6885,24.72,3326.47,13339.98,1019.27,383.21,8.3
France,North America,Wind,2017,Terawatt-hours (TWh),6564,27766,12795,2524,19.1,2165.34,9148.43,399.46,230.25,1.82
France,North America,Oil,2023,Terawatt-hours (TWh),7139,47370,11997,12607,41.04,4122.19,22867.5,1112.9,179.42,-2.1
France,Africa,Solar,2022,Terawatt-hours (TWh),14883,32623,5698,496,18.89,4623.78,20103.92,425.13,331.48,-3.47
France,Europe,Coal,2023,Terawatt-hours (TWh),43711,4341,11509,5530,6.84,2020.06,12170.14,1231.16,171.8,7.75
France,Africa,Hydro,2023,Terawatt-hours (TWh),33063,18036,12484,18639,68.16,4195.17,13088.68,108.24,197.25,-1.7
France,North America,Wind,2015,Terawatt-hours (TWh),9465,13677,8165,6743,14.67,1483.47,21744.7,370.31,216.19,3.9
France,Africa,Coal,2023,Terawatt-hours (TWh),18453,33253,9514,16604,17,1170.64,4813.1,760.08,265.25,2.17
France,Africa,Wind,2019,Terawatt-hours (TWh),22059,25992,11128,5684,65.54,472.4,559.31,1247.44,254.76,0.03
France,Asia,Oil,2021,Terawatt-hours (TWh),3053,38159,4122,8071,34.87,3299.87,8878.13,100.22,208.21,1.59
France,North America,Hydro,2016,Terawatt-hours (TWh),17928,35099,2469,19216,35.85,687.25,15721.18,321.62,178.89,0.83
France,South America,Oil,2017,Terawatt-hours (TWh),5078,18345,10564,3675,21.96,4030.38,20275.33,614.77,141.62,9.07
France,Asia,Natural Gas,2022,Terawatt-hours (TWh),19134,24665,9304,12982,57.91,881.72,3400.94,575.66,149.78,3.92
France,North America,Wind,2017,Terawatt-hours (TWh),20138,51578,5869,14418,12.35,3943.8,19493.77,53.24,268.91,-0.94
France,Africa,Wind,2022,Terawatt-hours (TWh),12193,11676,1515,12380,50.46,2135.09,1790.66,1445.17,203.78,0.6
France,Oceania,Wind,2017,Terawatt-hours (TWh),7336,48491,3907,1259,43.82,128.28,8897.33,1472.41,286.26,2.13
France,North America,Natural Gas,2016,Terawatt-hours (TWh),35517,35065,9880,17907,37.52,1140.86,20167.21,504.8,129.14,3.82
France,Asia,Natural Gas,2020,Terawatt-hours (TWh),35819,23536,10920,6744,32.62,2054.46,11844.68,1355.57,316.73,1.74
France,North America,Oil,2016,Terawatt-hours (TWh),27149,2959,9357,1940,59.49,4790.83,5036.81,753.65,303.08,0.91
France,North America,Nuclear,2018,Terawatt-hours (TWh),28341,51436,4918,13616,54.77,57.14,17600.98,193.51,223.26,1.03
France,Africa,Nuclear,2024,Terawatt-hours (TWh),12781,18406,10450,18390,26.92,1542.56,15321.15,221.5,62.64,-3.27
France,North America,Coal,2022,Terawatt-hours (TWh),40098,16775,4339,9422,39.3,138.23,9286.41,135.84,137.59,-3.78
France,Africa,Wind,2022,Terawatt-hours (TWh),36900,18039,6330,3092,24.27,1305.25,23969.64,1233.31,232.12,5.61
France,Europe,Solar,2020,Terawatt-hours (TWh),16146,15154,4117,13729,31.08,846.17,24067.15,390.59,296.23,-2.11
France,North America,Solar,2024,Terawatt-hours (TWh),10822,4623,10780,14992,51.06,2331.82,3078.54,1194.17,195.8,8.82
France,North America,Nuclear,2021,Terawatt-hours (TWh),44760,37492,7663,13258,37.43,241.11,928.96,35.69,146.05,-1.55
France,Africa,Solar,2016,Terawatt-hours (TWh),43815,45488,11344,3217,9.22,126.9,24876.48,1385.04,100.2,9.34
France,Europe,Natural Gas,2021,Terawatt-hours (TWh),9879,33495,8852,11608,13.94,4775.84,17528.71,369.37,307.12,-4.82
France,South America,Wind,2019,Terawatt-hours (TWh),36995,27835,3447,18011,68.62,4759.64,5805.92,420.35,257.82,-3.63
France,Europe,Nuclear,2015,Terawatt-hours (TWh),28068,10685,9689,14425,38.94,3194.54,8070.05,169.92,358.29,7.18
France,Asia,Solar,2018,Terawatt-hours (TWh),23696,5691,2142,5072,52.75,309.86,16711.3,280.43,83.57,9.16
France,Europe,Solar,2017,Terawatt-hours (TWh),39773,7521,4020,18644,18.57,3165.75,21197.07,1179.29,133.59,7.66
France,South America,Hydro,2023,Terawatt-hours (TWh),11791,12281,13858,5316,62.95,4824.45,17317.67,842.85,348.97,7.31
France,Africa,Oil,2023,Terawatt-hours (TWh),3110,51209,345,18164,35.69,3755.14,15467.28,45.6,69.09,-2.97
France,Oceania,Hydro,2018,Terawatt-hours (TWh),10727,4732,2138,3286,57.15,4320.51,20339.35,522.81,389.11,-0.83
France,Asia,Natural Gas,2019,Terawatt-hours (TWh),15617,50179,9575,1268,32.2,4898.23,9376.71,186.69,175.89,5.38
France,Oceania,Natural Gas,2016,Terawatt-hours (TWh),46710,45478,455,7125,54.47,3459.81,21341.72,981.5,159.34,7.73
France,Asia,Hydro,2019,Terawatt-hours (TWh),49141,18436,6134,6080,67.96,2285.96,24104.44,218.88,236.62,-4.42
France,Africa,Solar,2015,Terawatt-hours (TWh),24962,39761,2807,7008,32.64,2027.98,4587.04,602.03,302.19,1.53
France,North America,Coal,2023,Terawatt-hours (TWh),6085,4853,3163,2675,45.4,449.79,7702.82,822,293.01,3.93
France,Oceania,Natural Gas,2024,Terawatt-hours (TWh),37305,5378,8095,16939,26.22,57.15,20092.22,597.24,239.42,-2.26
France,Africa,Wind,2019,Terawatt-hours (TWh),3039,13962,7069,3520,8.95,2020.59,24542.15,1316.79,190.94,-1.8
France,South America,Hydro,2016,Terawatt-hours (TWh),41737,49714,1840,11770,7.62,1004.29,11246.81,830.13,292.18,5.51
France,North America,Oil,2020,Terawatt-hours (TWh),5594,49504,5340,500,23.28,2040.57,11600.63,539.87,101.21,8
France,North America,Oil,2024,Terawatt-hours (TWh),2517,37535,13894,19569,44.79,2740.66,1036.03,1168.76,276.47,9.36
France,Europe,Wind,2019,Terawatt-hours (TWh),44523,37560,8493,9846,21.26,238.78,16132.6,1489.49,232.53,-4.97
France,Africa,Oil,2015,Terawatt-hours (TWh),37188,46076,5030,13558,8.17,2366.68,17080.15,411.51,148.88,-1.68
France,Europe,Nuclear,2017,Terawatt-hours (TWh),4736,26630,12032,3818,69.41,3021.42,312.14,949.59,390.53,1.12
France,Asia,Natural Gas,2019,Terawatt-hours (TWh),28052,39662,10454,1047,36.43,1776.62,13091.6,1296.03,94.75,2.59
France,Europe,Coal,2024,Terawatt-hours (TWh),40073,24228,14355,19044,30.88,4057.22,18060.39,223.81,160.82,7.96
France,South America,Coal,2015,Terawatt-hours (TWh),12494,34455,3793,15994,6.63,621.92,6377.76,544.35,279.25,4.09
France,Africa,Solar,2024,Terawatt-hours (TWh),36313,29100,980,6266,33.34,2385.05,3261.74,1254.66,243.05,-3.49
France,South America,Coal,2020,Terawatt-hours (TWh),48622,11570,8490,16926,56.33,780.62,17310.58,478.04,149.86,-3.95
France,Oceania,Natural Gas,2016,Terawatt-hours (TWh),40268,41212,10759,19319,16.36,2488.74,3359.7,866.38,56.08,-3.29
France,North America,Oil,2021,Terawatt-hours (TWh),21973,29635,14133,9949,5.09,2199.58,24716.83,231.37,238.72,5.93
France,Oceania,Wind,2020,Terawatt-hours (TWh),45830,40962,9615,4774,42.67,2639.36,11727.44,127.48,154.55,9.18
France,North America,Natural Gas,2020,Terawatt-hours (TWh),35100,30894,6472,2800,55.79,1100.45,11335.41,645.28,113.6,-3.04
France,Europe,Natural Gas,2015,Terawatt-hours (TWh),10144,25959,2768,14684,11.92,3482.83,14704.96,605.57,213.74,3.42
France,South America,Wind,2016,Terawatt-hours (TWh),37710,23022,3219,15332,48.14,4443.6,12388.2,1477.08,378.21,1.5
France,Europe,Nuclear,2019,Terawatt-hours (TWh),9638,29646,13466,908,44.83,1490.21,16967.06,854.48,232.24,7.62
France,South America,Natural Gas,2020,Terawatt-hours (TWh),12613,859,11903,7112,6.87,2028.03,15210.64,724.34,91.76,7.98
France,North America,Oil,2018,Terawatt-hours (TWh),12913,32164,5450,17199,21.37,1485.18,15515.54,1090.1,76.03,1.47
France,North America,Nuclear,2024,Terawatt-hours (TWh),5464,18159,4710,346,8.69,1342.53,17531.58,1307.81,287.48,7.03
France,North America,Oil,2017,Terawatt-hours (TWh),8249,4069,12011,12346,39.88,1835.09,19244.1,1159.96,339.06,2.8
France,Africa,Oil,2022,Terawatt-hours (TWh),13890,15836,1441,10750,38.58,4715.78,13939.63,1180.03,383.67,-1.65
France,Europe,Coal,2018,Terawatt-hours (TWh),15376,5038,2156,18638,66.09,2364.91,17773.86,853.31,250.89,4.7
France,Europe,Wind,2020,Terawatt-hours (TWh),5789,49610,8359,17504,61.04,2454.65,15812.27,946.82,164.45,-4.08
France,Asia,Nuclear,2018,Terawatt-hours (TWh),47184,46801,11090,370,46.82,3966.05,10045.64,936.72,295.89,-1.78
France,Africa,Hydro,2021,Terawatt-hours (TWh),6377,14770,14628,13541,23.98,4337.57,2612.43,1334.33,360.14,4.54
France,Asia,Natural Gas,2019,Terawatt-hours (TWh),35402,710,5804,2222,58.16,1792.75,5421.39,953.75,56.75,0.44
France,Europe,Coal,2017,Terawatt-hours (TWh),44961,33396,12177,13262,55.37,549.5,10131.08,451.37,333.77,7.73
Germany,Africa,Natural Gas,2017,Terawatt-hours (TWh),49631,2660,89,10038,19.18,1325.95,20945.16,1423.2,239.98,-3.45
Germany,Oceania,Nuclear,2017,Terawatt-hours (TWh),16973,16302,2391,3483,58.05,517.84,12489.63,1443.46,301.49,-4.94
Germany,Africa,Oil,2024,Terawatt-hours (TWh),19148,44990,10934,8086,6.93,1972.96,13091.41,503.04,278.56,-1.94
Germany,Asia,Natural Gas,2018,Terawatt-hours (TWh),36341,16810,4936,16650,19.48,2424.68,6004.55,387.6,155.23,9.51
Germany,Europe,Hydro,2023,Terawatt-hours (TWh),14905,2418,3713,8064,10.88,4048.15,13223.19,166.07,137.57,6.86
Germany,South America,Oil,2020,Terawatt-hours (TWh),20229,2122,13782,18109,44.38,4120.57,7553.64,1184.22,66.24,4.75
Germany,Asia,Coal,2015,Terawatt-hours (TWh),37872,22006,13408,17677,20.08,2083.66,23236.06,1070.48,218.44,8.17
Germany,Europe,Solar,2024,Terawatt-hours (TWh),30631,47105,11183,12164,48.68,1657.1,20065.93,346.58,381.1,3.06
Germany,South America,Nuclear,2021,Terawatt-hours (TWh),26825,51223,2044,14627,52.59,2552.54,1291.78,77.37,122.14,6.65
Germany,Europe,Wind,2023,Terawatt-hours (TWh),10085,51206,11764,4786,60.53,691,13054.99,348.8,71.24,-4.01
Germany,South America,Oil,2023,Terawatt-hours (TWh),27760,43261,10067,3681,60.77,4348.4,12195.46,1210.23,387.9,4.48
Germany,North America,Coal,2018,Terawatt-hours (TWh),19231,40002,2346,12693,34.51,2686.45,19824.49,229.54,366.54,-3.55
Germany,Oceania,Solar,2023,Terawatt-hours (TWh),27185,10909,2302,19006,40.48,4991.26,18012.74,493.06,373.15,4.98
Germany,South America,Hydro,2018,Terawatt-hours (TWh),34031,25636,8025,8544,49.6,1497.38,3988.49,1189.16,138.4,-4.03
Germany,Oceania,Coal,2023,Terawatt-hours (TWh),48620,22174,8412,11291,10.17,2112.93,10499.13,611.7,261.31,9.02
Germany,Oceania,Oil,2019,Terawatt-hours (TWh),41848,15183,1971,4114,37.1,4647.35,7784.56,281.01,148.45,9.98
Germany,South America,Nuclear,2015,Terawatt-hours (TWh),18239,17413,10008,8906,56.33,1903.85,13306.37,896.64,114.21,-4.34
Germany,Africa,Nuclear,2023,Terawatt-hours (TWh),6586,33119,5725,2505,19.21,360.86,3134.24,604.16,315.45,7.32
Germany,Africa,Solar,2021,Terawatt-hours (TWh),48937,41624,837,15785,60.92,3273.38,20769.4,16.38,289.33,8.08
Germany,Europe,Nuclear,2018,Terawatt-hours (TWh),49223,29870,12043,1076,42.58,3280.03,20197.85,637.09,226.41,5.7
Germany,Asia,Natural Gas,2017,Terawatt-hours (TWh),1840,20753,14601,3527,22.56,2083.57,12634.33,890.51,58.45,7.61
Germany,North America,Oil,2018,Terawatt-hours (TWh),26513,33775,5206,12292,69.5,664.2,10869.73,1323.05,163.39,9.47
Germany,South America,Oil,2015,Terawatt-hours (TWh),14329,1293,10809,207,59.25,501.94,4913.18,894.88,205.89,-4.17
Germany,Africa,Natural Gas,2023,Terawatt-hours (TWh),11351,42389,9369,16501,54.94,3535,11683.83,957.87,321.61,-0.04
Germany,Asia,Coal,2023,Terawatt-hours (TWh),14320,39121,12718,4183,35.95,706.58,5276.86,668.88,314.82,4.6
Germany,Europe,Solar,2023,Terawatt-hours (TWh),35966,5123,2414,13796,19.7,4810.34,10053.62,1499.1,331,-1.97
Germany,North America,Natural Gas,2022,Terawatt-hours (TWh),47323,7113,4915,5402,23.7,2596.66,15222.57,1006.36,79.95,-3.68
Germany,Oceania,Wind,2015,Terawatt-hours (TWh),15102,49903,2529,5183,9.29,3806.21,1061.61,1308.3,256.74,7.02
Germany,Europe,Nuclear,2020,Terawatt-hours (TWh),23636,44582,4964,16696,6.83,4204.08,739.91,1459.06,342.28,-4.55
Germany,Oceania,Coal,2016,Terawatt-hours (TWh),8473,6869,3006,12580,37.87,4305,21511.1,474.73,358.23,3.26
Germany,North America,Hydro,2019,Terawatt-hours (TWh),27118,39787,5129,4594,45.83,559.18,14199.53,431.86,203.76,7.75
Germany,South America,Oil,2023,Terawatt-hours (TWh),45954,17951,3207,15301,69.57,945.68,8371.12,413.84,303.21,-0.89
Germany,North America,Natural Gas,2016,Terawatt-hours (TWh),48931,19287,9863,19902,54.93,1522.69,9956.5,1360.75,184.78,9.08
Germany,Asia,Wind,2015,Terawatt-hours (TWh),8050,18677,7209,11979,29.43,694.9,20250.52,1035.98,67.67,7.09
Germany,Asia,Oil,2015,Terawatt-hours (TWh),18457,31760,14386,13465,67.46,815.69,10735.91,974.8,225.86,4.73
Germany,Europe,Natural Gas,2015,Terawatt-hours (TWh),13836,13703,7735,7769,29.25,1560.59,15062.24,575.68,322.71,-0.55
Germany,North America,Natural Gas,2021,Terawatt-hours (TWh),23453,33646,12311,1427,68.51,532.82,18202.84,770.07,78.17,-1.7
Germany,Africa,Nuclear,2017,Terawatt-hours (TWh),17467,31627,13801,8820,12.91,3145.05,5135.59,1224.23,275.97,7.93
Germany,Africa,Coal,2023,Terawatt-hours (TWh),28518,9470,9668,14576,51.56,2483.24,9699.52,1209.11,366.3,7.34
Germany,Africa,Wind,2022,Terawatt-hours (TWh),21148,51067,11998,15290,29.7,2194.11,13399.7,174.87,340.97,8.26
Germany,South America,Nuclear,2018,Terawatt-hours (TWh),39057,9787,7663,15440,40.62,3476.46,7678.42,93.51,188.92,8.27
Germany,South America,Oil,2022,Terawatt-hours (TWh),22598,27302,5087,4497,19.06,2594.51,21500.2,837.1,151.07,3.31
Germany,Africa,Oil,2015,Terawatt-hours (TWh),8617,29051,11559,5652,58.75,4986.74,7861.6,374.24,102.33,8.78
Germany,South America,Nuclear,2019,Terawatt-hours (TWh),33866,41177,4547,15561,30.9,4037.2,18078.86,936.69,184.82,9.85
Germany,Europe,Oil,2021,Terawatt-hours (TWh),8083,30813,413,3871,46.55,1556.51,5479.31,1338.22,375.73,4.41
Germany,Oceania,Natural Gas,2018,Terawatt-hours (TWh),40476,36589,6148,12546,13.14,2762.83,10736.26,365.75,134,3.54
Germany,Africa,Natural Gas,2024,Terawatt-hours (TWh),4222,20934,919,18654,54.25,3172.96,19582.84,1217.3,132.62,0.79
Germany,Europe,Solar,2020,Terawatt-hours (TWh),36402,37124,792,4717,17.63,1498.71,4649.11,1346.84,331.26,4.13
Germany,South America,Oil,2015,Terawatt-hours (TWh),43951,18820,11167,15386,45.58,3303.31,20194.33,159.3,239.62,8.32
Germany,North America,Coal,2017,Terawatt-hours (TWh),18518,1577,3315,9037,50.22,1010.71,5144.8,1250.22,90.31,-3.97
Germany,Oceania,Natural Gas,2024,Terawatt-hours (TWh),22483,28833,11829,5176,47.58,2570.33,11783.78,1107.6,326.44,-4.19
Germany,North America,Nuclear,2018,Terawatt-hours (TWh),40858,40392,4734,7046,67.92,2182.89,9016.2,325.86,118.1,-1.66
Germany,Africa,Nuclear,2022,Terawatt-hours (TWh),21783,3501,13349,9238,29.25,1623.12,2176.7,1188.59,262.82,9.86
Germany,North America,Wind,2018,Terawatt-hours (TWh),33271,6270,7265,16720,7.77,3585.16,15502.5,947.1,191.35,7.58
Germany,Africa,Oil,2022,Terawatt-hours (TWh),7756,39111,3801,4642,57.24,2994.85,4719.83,1333.63,338.77,-3.49
Germany,Asia,Natural Gas,2018,Terawatt-hours (TWh),43827,50026,7057,3886,42.26,3087.16,22999.6,1344.29,338.18,3.34
Germany,South America,Coal,2022,Terawatt-hours (TWh),18754,11007,6996,16026,9.21,2100.7,8179.38,1075.79,157.75,-0.92
Germany,Africa,Wind,2024,Terawatt-hours (TWh),30346,42741,3119,357,27.86,4859.64,7631.38,1210.36,327.92,8.88
Germany,Oceania,Solar,2015,Terawatt-hours (TWh),28863,44181,2691,8942,68.19,4028.48,6354.88,330.59,284.19,3.45
Germany,Asia,Natural Gas,2016,Terawatt-hours (TWh),34951,40105,11319,5829,53.26,781.6,23335.44,469.53,374.17,-4
Germany,Africa,Natural Gas,2022,Terawatt-hours (TWh),46351,31640,13653,17261,18.85,4344.07,9231.17,80.65,130.77,9.61
Germany,Oceania,Solar,2021,Terawatt-hours (TWh),43090,18305,11903,8439,38.07,3480.89,18736.45,572.63,63.42,-0.98
Germany,South America,Wind,2020,Terawatt-hours (TWh),23082,8432,11850,13582,42.61,3020.58,12021.97,739.21,267.61,4.62
Germany,Africa,Nuclear,2018,Terawatt-hours (TWh),39684,39307,91,13389,46.9,4322.03,19673.62,827.63,61.46,9.38
Germany,Africa,Nuclear,2019,Terawatt-hours (TWh),15829,1485,6263,17946,29.57,3708.41,4444.41,191.03,330.91,5.02
Germany,Africa,Natural Gas,2018,Terawatt-hours (TWh),30479,12408,5162,17125,47.15,3041.54,19789.74,534.01,214.63,5.81
Germany,South America,Solar,2019,Terawatt-hours (TWh),11833,48678,545,19569,50.49,2917.73,6782.8,1033.05,256.99,1.02
Germany,Africa,Natural Gas,2015,Terawatt-hours (TWh),41084,45689,2009,12573,59.84,4625.51,23928.71,60.65,81.36,1.74
Germany,North America,Oil,2020,Terawatt-hours (TWh),43952,17421,11763,6153,50.93,847.44,18817.78,1346.91,176.83,9.72
Germany,South America,Hydro,2022,Terawatt-hours (TWh),10332,36510,5764,2254,39.59,1425.4,18022.34,1210.01,154.03,6.92
Germany,Europe,Nuclear,2019,Terawatt-hours (TWh),24662,1716,14649,11595,65.57,1460.12,3951.86,1004.02,356.2,7.3
Germany,Oceania,Nuclear,2024,Terawatt-hours (TWh),30479,31472,11044,13721,41.29,2337.68,21018.33,1063.15,116.2,2.3
Germany,Africa,Solar,2019,Terawatt-hours (TWh),9709,36946,2936,17654,61.68,2988.23,18235.99,98.51,207.38,-4.02
Germany,South America,Wind,2017,Terawatt-hours (TWh),14801,30366,3158,16068,52.83,2762.29,5040.7,1127.8,308.15,8.94
Germany,South America,Hydro,2022,Terawatt-hours (TWh),27366,31035,13887,3047,26.02,150.64,15510.78,1093.05,333.17,-3.35
Germany,Asia,Wind,2017,Terawatt-hours (TWh),35333,2719,1794,5434,13.06,1287.84,18434.04,1476.28,160.93,5.56
Germany,Asia,Oil,2023,Terawatt-hours (TWh),44878,5234,5686,11635,58.4,3610.53,10992.76,142.66,162.46,7.86
Germany,Asia,Natural Gas,2015,Terawatt-hours (TWh),30762,4362,13083,14834,5.79,4866.16,21511.63,1444.82,125.97,1.09
Germany,Africa,Wind,2017,Terawatt-hours (TWh),25215,19373,5437,11401,54.56,2237.13,13500.14,810.83,56.2,7.49
Germany,Asia,Oil,2015,Terawatt-hours (TWh),12702,43159,14898,17309,53.88,1705.5,19669.89,670.99,105.42,-0.65
Germany,Africa,Coal,2019,Terawatt-hours (TWh),36240,21201,12277,14265,69.27,1504.21,12099.4,708.9,321.63,-3.15
Germany,North America,Solar,2015,Terawatt-hours (TWh),15599,31705,14703,9958,64.12,2235.93,1528.22,691.17,147.7,4.91
Germany,North America,Wind,2020,Terawatt-hours (TWh),43023,36930,1815,2786,28.56,2835.77,12423.38,434.43,59.54,-4.04
Germany,South America,Nuclear,2022,Terawatt-hours (TWh),47227,29020,14756,15784,50.83,2311.53,251.48,1095.63,203.34,-2.12
Germany,Asia,Oil,2018,Terawatt-hours (TWh),35050,42084,14219,1702,64.53,3265.49,21837.22,375.12,168.87,0.41
Germany,Asia,Hydro,2021,Terawatt-hours (TWh),47810,14577,3496,14537,64.77,3521.28,272.62,1325.43,340.86,-3.28
Germany,Asia,Hydro,2021,Terawatt-hours (TWh),44764,35764,5142,13,35.09,2566.75,22473.8,1248.22,385.37,3.53
Germany,North America,Nuclear,2015,Terawatt-hours (TWh),33243,20959,13653,11760,62.79,3729.77,5276.55,1257.12,156.13,-4.95
Germany,South America,Solar,2017,Terawatt-hours (TWh),529,31246,8751,14065,47.94,4892.2,14760.94,1151.45,207.97,9.92
Germany,Europe,Oil,2015,Terawatt-hours (TWh),9458,17765,3501,2190,30.27,3280.61,20948.42,474.09,132.85,0.79
Germany,Europe,Nuclear,2019,Terawatt-hours (TWh),9696,51693,4328,5628,69.59,1941.02,18833.24,24.73,140.85,-4.29
Germany,Europe,Natural Gas,2017,Terawatt-hours (TWh),37327,7934,9112,3389,69.04,4439.25,14598.35,262.53,229.39,1.75
Germany,Oceania,Natural Gas,2020,Terawatt-hours (TWh),11785,2235,7004,10298,61.98,3699.39,4653.38,470.77,355.29,-3.93
Germany,Oceania,Nuclear,2018,Terawatt-hours (TWh),18854,43935,2661,11145,49.71,2611.32,17814.69,1097.25,330.72,-0.53
Germany,Europe,Wind,2017,Terawatt-hours (TWh),26285,34223,12250,15413,48.81,2405.56,8561.24,1300,293.26,-4.86
Germany,Europe,Wind,2019,Terawatt-hours (TWh),32364,32407,14490,7865,9.57,4249.17,22015.83,577.86,134.92,1.77
Germany,Africa,Nuclear,2018,Terawatt-hours (TWh),49789,11907,4473,18009,21.78,1940.29,11068.36,836.95,398.86,-3.91
Germany,Asia,Nuclear,2016,Terawatt-hours (TWh),39442,48498,1525,17157,11.56,3646.9,10898.28,1130.93,353.14,-0.17
Germany,Europe,Wind,2016,Terawatt-hours (TWh),833,28166,7420,19445,25.48,3162.98,169.97,372.26,140.03,-0.77
Germany,North America,Natural Gas,2023,Terawatt-hours (TWh),1593,22416,14071,13595,26.06,2355.06,7206.45,1261.77,229.39,-1.72
Germany,North America,Nuclear,2019,Terawatt-hours (TWh),30622,6845,2310,12406,15.04,2956.79,6814.43,364.65,189.74,0.72
Germany,Africa,Nuclear,2018,Terawatt-hours (TWh),22857,46534,7617,17710,41.85,1479.74,11869.15,993.14,69.75,5.33
Germany,North America,Coal,2016,Terawatt-hours (TWh),46503,20789,9753,18080,20.98,2691.93,7989.12,973.65,338.91,-1.5
Germany,Asia,Solar,2024,Terawatt-hours (TWh),18712,25332,4345,11488,6.45,4575.25,18692.75,386.76,224.03,-3.46
Germany,North America,Wind,2023,Terawatt-hours (TWh),16303,22039,10149,11883,55.11,141.17,23545.49,1147.09,122.22,6.64
Germany,Asia,Hydro,2018,Terawatt-hours (TWh),14647,10187,9797,10863,12.7,3773.65,6347.74,762.86,342.71,7.79
Germany,Asia,Wind,2020,Terawatt-hours (TWh),19446,463,4126,9132,49.98,4100.61,20348.88,171.95,95.38,8.54
Germany,North America,Wind,2023,Terawatt-hours (TWh),12362,28324,4197,3226,25.83,603.4,9751.12,1364.14,308.52,-0.18
Germany,Africa,Wind,2018,Terawatt-hours (TWh),8299,8031,1390,15907,19.13,3185.52,16055.26,589.25,210.6,-4.21
Germany,North America,Nuclear,2020,Terawatt-hours (TWh),42034,18105,6597,14589,45.76,3451.51,15096.71,142.96,317.6,9.62
Germany,Oceania,Nuclear,2023,Terawatt-hours (TWh),935,5406,8127,1526,5.68,3281.1,21579.15,1312.95,221.98,4.17
Germany,North America,Natural Gas,2017,Terawatt-hours (TWh),33543,30168,4480,16359,36.18,2537.78,19579.4,885.24,166.27,-3.08
Germany,Oceania,Nuclear,2022,Terawatt-hours (TWh),1294,42484,3404,11959,39.63,1262.66,5595.05,105.91,185.3,-3.83
Germany,South America,Hydro,2020,Terawatt-hours (TWh),18777,39932,9671,11984,58.55,4641.36,17659.4,244.56,298.65,-1.2
Germany,Europe,Oil,2018,Terawatt-hours (TWh),24403,9921,2369,5164,57.18,1248.68,12636.9,369.13,98.04,-3.96
Germany,South America,Hydro,2024,Terawatt-hours (TWh),17210,25780,11322,284,37.97,1545.27,22552.63,1037.07,183.02,7.1
Germany,Europe,Solar,2016,Terawatt-hours (TWh),39953,42249,453,1375,43.28,1842.89,24077.3,358.14,107.78,1.28
Germany,Asia,Oil,2019,Terawatt-hours (TWh),24081,32977,12381,13550,62.74,4238.14,14360.98,170.87,362.32,-0.69
Germany,Oceania,Wind,2018,Terawatt-hours (TWh),1945,29777,12798,13532,29,3333.13,16669.15,1436.77,264.83,5.26
Germany,Asia,Hydro,2017,Terawatt-hours (TWh),40421,35267,4805,11590,47.53,670.05,16039.11,89.45,334.19,5.75
Germany,North America,Coal,2024,Terawatt-hours (TWh),27301,11272,10270,7235,8.68,299.35,21224.68,1171.99,347,-2.37
Germany,Europe,Wind,2023,Terawatt-hours (TWh),27587,11479,5768,10081,55.59,1320.18,15578.84,821.98,368.35,0.46
Germany,Africa,Coal,2023,Terawatt-hours (TWh),43436,51675,741,11935,52.8,3061.79,2615.59,196.49,163.77,5.79
Germany,Asia,Oil,2017,Terawatt-hours (TWh),39999,3242,14102,2519,17.94,4928.16,2314.78,457.83,384.53,2.64
Germany,Africa,Nuclear,2016,Terawatt-hours (TWh),28487,14586,2219,8846,47.7,675.35,16267.49,1382.18,240.64,-1.12
Germany,South America,Wind,2017,Terawatt-hours (TWh),1135,12257,9358,16632,31.53,191.1,17127.02,1005.39,88.33,-3.98
Germany,Asia,Natural Gas,2019,Terawatt-hours (TWh),31576,30767,14968,15816,60.6,401.09,7010.87,1184.18,175.49,-1.31
Germany,Africa,Hydro,2022,Terawatt-hours (TWh),14563,31436,6661,1006,55.29,2267.1,13118.89,574.55,280.46,3.43
Germany,North America,Coal,2019,Terawatt-hours (TWh),28228,48428,2854,3686,56.63,3149.11,15917.24,1339.76,104.93,9
Germany,North America,Solar,2017,Terawatt-hours (TWh),7631,39789,5340,15087,34.21,965.8,22764.41,1069.31,204.86,1.39
Germany,North America,Natural Gas,2024,Terawatt-hours (TWh),43882,50334,6889,14598,32.58,1678.32,9545.06,1076.05,241.61,9.08
Germany,Africa,Wind,2015,Terawatt-hours (TWh),26697,25930,13384,10616,21.89,723.5,5380.13,512.15,61.39,9.18
Germany,Asia,Natural Gas,2023,Terawatt-hours (TWh),22457,50271,12382,470,17.12,4926.99,19305.14,1264.63,199.21,-2.11
Germany,South America,Hydro,2021,Terawatt-hours (TWh),11713,49562,7215,17782,67.24,3850.72,13844.88,18.47,339.89,4.97
Germany,Africa,Nuclear,2016,Terawatt-hours (TWh),22711,9705,9692,18741,7.77,1707.28,6498.79,936.07,178.83,2.56
Germany,South America,Solar,2021,Terawatt-hours (TWh),28785,21412,4271,3410,67.32,2867.95,7382.45,88.68,263.09,3.08
Germany,South America,Solar,2015,Terawatt-hours (TWh),25757,44984,13548,4576,66.82,1560.65,22819.89,697.5,62.38,-1.9
Germany,Africa,Oil,2015,Terawatt-hours (TWh),30284,51186,2172,7898,56.91,4926.97,13741.22,644.56,351.62,4.72
Germany,Asia,Oil,2023,Terawatt-hours (TWh),668,41052,12852,12953,39.89,519.35,10813.85,1421.82,378.97,-4.69
Germany,Oceania,Wind,2023,Terawatt-hours (TWh),44621,4927,2921,15188,61.9,1934.19,16645.66,1433.15,258.17,-2.44
Germany,Africa,Natural Gas,2023,Terawatt-hours (TWh),26246,43639,14063,9778,29.91,2353.41,12735.39,1432.82,246.04,5.53
Germany,Africa,Nuclear,2020,Terawatt-hours (TWh),41579,16393,12484,10601,36.56,1153.03,5241.39,271.16,366.21,6.7
Germany,South America,Wind,2020,Terawatt-hours (TWh),4357,26358,11383,17144,67.96,366.28,23450.33,951.99,133.16,1.96
Germany,Oceania,Nuclear,2024,Terawatt-hours (TWh),41416,34285,468,3359,31.81,2227.5,24711.45,1308.9,395.01,8.36
Germany,North America,Hydro,2018,Terawatt-hours (TWh),6334,13676,6185,4307,37.64,3875.3,21948.98,517.95,208.22,-3.15
Germany,Africa,Solar,2023,Terawatt-hours (TWh),48138,39012,8121,3589,45.05,4785.59,13643.59,1305.1,100.29,1.41
Germany,South America,Natural Gas,2020,Terawatt-hours (TWh),33284,5999,11654,15481,30.44,4842.09,19063.74,181.24,352.17,-3.75
Germany,Oceania,Oil,2017,Terawatt-hours (TWh),32101,25852,14651,14542,32.98,4858.33,8500.81,778.13,280.42,4.24
Germany,North America,Natural Gas,2024,Terawatt-hours (TWh),15591,27392,2589,3110,28.4,3109.52,2430.88,101.94,271.59,-2.23
Germany,Asia,Nuclear,2021,Terawatt-hours (TWh),29511,1756,7775,7806,9.94,1294.83,11676.89,1040.26,265.99,6.97
Germany,South America,Hydro,2019,Terawatt-hours (TWh),18378,8749,5371,5001,8.52,1554,20232.4,1267.06,380.17,4.13
Germany,Africa,Hydro,2021,Terawatt-hours (TWh),43448,38874,7948,12886,26.41,2073.39,6186.62,1101.95,64.63,-3.98
Germany,Africa,Solar,2018,Terawatt-hours (TWh),17092,10221,8814,753,47.42,2103.17,15247.76,432.95,356,9.36
Germany,Africa,Solar,2021,Terawatt-hours (TWh),6350,40119,7091,3578,13.59,4979.65,760,1140.57,74.39,9.37
Germany,South America,Natural Gas,2022,Terawatt-hours (TWh),22277,44830,8216,2938,64.15,1646.6,15824.61,651.2,206.55,-0.78
Germany,North America,Hydro,2018,Terawatt-hours (TWh),6621,30764,1517,8810,52.8,2746.94,4649.67,258.4,173.37,3.28
Germany,Africa,Coal,2022,Terawatt-hours (TWh),25207,33527,1343,16205,16.12,283.3,8676.52,324.22,92.61,3.27
Germany,Africa,Nuclear,2017,Terawatt-hours (TWh),2285,29092,12889,14545,46.79,1674.37,7656.49,417.31,237.23,-0.36
Germany,Europe,Wind,2022,Terawatt-hours (TWh),23162,13887,12019,6958,31.72,1975.48,9893.96,539.98,147.56,7.34
Germany,Oceania,Coal,2019,Terawatt-hours (TWh),23288,18541,12312,18180,13.7,661.44,15040.75,1112.67,284.82,9.98
Germany,North America,Natural Gas,2018,Terawatt-hours (TWh),38380,48288,6558,9551,54.08,2990.27,18754.28,1245.62,304.18,1.26
Germany,South America,Solar,2021,Terawatt-hours (TWh),14720,9328,6655,14094,12.71,2689.76,7288.64,808.34,375.58,7.73
Germany,North America,Nuclear,2024,Terawatt-hours (TWh),8256,4152,8355,8600,7.38,3089.04,709.24,1072.53,70.05,5.6
Germany,Africa,Nuclear,2016,Terawatt-hours (TWh),9296,51850,1700,1369,35.24,2162.15,13130.05,865.23,157.47,-0.62
Germany,Europe,Nuclear,2023,Terawatt-hours (TWh),17852,48745,9655,8890,5.08,89.51,17471.06,437.76,288.66,7.79
Germany,North America,Natural Gas,2021,Terawatt-hours (TWh),3801,45752,7448,15058,5.17,3687.94,23912.33,1052.38,205.95,-2.33
Germany,North America,Hydro,2015,Terawatt-hours (TWh),24263,30987,2015,9560,19.63,1056.3,18146.51,1281.5,234.71,-0.52
Germany,Asia,Oil,2023,Terawatt-hours (TWh),3774,11375,7123,13575,14.75,773.02,24271.53,247.29,252.26,-4.69
Germany,Africa,Wind,2024,Terawatt-hours (TWh),6655,577,9188,1338,52.92,2688.22,1409.16,1467.8,107.03,-4.77
Germany,Africa,Solar,2015,Terawatt-hours (TWh),38476,19188,6280,9674,59.66,4219.41,1138.98,1455.7,189.46,9.12
Germany,North America,Coal,2015,Terawatt-hours (TWh),9837,34321,14025,11908,62.67,3208.37,6199.37,1227.02,157.53,2.26
Germany,Oceania,Wind,2022,Terawatt-hours (TWh),29816,25382,104,6894,9.87,4540.15,688.41,225.81,170.5,6.66
Germany,Africa,Natural Gas,2021,Terawatt-hours (TWh),22014,29020,7571,11946,12.47,244.34,21409.16,879.45,174.38,-0.28
Germany,Europe,Solar,2022,Terawatt-hours (TWh),13437,12331,8716,13674,10.26,1214.86,3419.58,95.06,151.4,4.29
Germany,Oceania,Natural Gas,2020,Terawatt-hours (TWh),34098,38219,8855,5844,22.75,4103.44,23528.67,37.56,382.18,-4.22
Germany,South America,Natural Gas,2018,Terawatt-hours (TWh),33741,12200,2769,12161,7.74,4627.84,22749.56,1233.48,141.62,4.54
Germany,Africa,Natural Gas,2020,Terawatt-hours (TWh),44892,13817,6085,12323,24.74,2570.34,23809.23,1077.07,124.93,3.04
Germany,Europe,Hydro,2017,Terawatt-hours (TWh),49921,25705,6486,5749,48.81,3292.71,14086.84,110.85,336.44,6.23
Germany,Oceania,Wind,2022,Terawatt-hours (TWh),9657,38754,3262,5029,57.08,4496.72,24020.59,497.25,325.88,7.58
Germany,North America,Nuclear,2024,Terawatt-hours (TWh),7932,47770,8392,15855,49.82,1913.77,4301.18,794.61,131.51,3.46
Germany,Europe,Solar,2024,Terawatt-hours (TWh),7904,37277,11563,9363,6.58,3673.13,5572.44,76.12,306.4,-1.01
Germany,Asia,Wind,2016,Terawatt-hours (TWh),14878,45094,645,11422,61.31,731.86,21513.63,16.89,244.83,7.28
Germany,Oceania,Wind,2017,Terawatt-hours (TWh),23097,16139,3584,18932,35.92,2309.63,22861.68,385.34,184.16,9.05
Germany,Oceania,Hydro,2015,Terawatt-hours (TWh),29993,47783,14911,3772,67.35,2994.78,564.85,1189.92,219.6,-0.56
Germany,Asia,Wind,2020,Terawatt-hours (TWh),28793,43328,14418,11739,20.63,4751.05,10882.85,1433.58,92.34,9.52
Germany,Africa,Hydro,2018,Terawatt-hours (TWh),47542,21308,13682,15084,37.52,2725.17,6441.82,231.27,190.11,0.75
Germany,Oceania,Solar,2021,Terawatt-hours (TWh),49622,15806,5476,18376,25.15,262.03,19252.31,203.92,389.52,3.67
Germany,North America,Oil,2021,Terawatt-hours (TWh),32234,41874,8056,7868,50.89,2153.59,21509.22,377.05,328.62,-0.43
Germany,North America,Oil,2024,Terawatt-hours (TWh),17219,2868,5365,7037,7.4,4325.11,11512.69,298.39,180.25,1.26
Germany,Asia,Nuclear,2016,Terawatt-hours (TWh),4037,14533,14472,9051,45.46,1297.21,12291.84,83.62,193.09,5.4
Germany,Europe,Wind,2022,Terawatt-hours (TWh),40383,26195,4908,18216,22.54,4648.15,8371.12,1267.27,380.54,2.87
Germany,Asia,Coal,2023,Terawatt-hours (TWh),759,43126,14137,7496,11.39,3548.85,18014.83,424.66,226.27,-2.1
Germany,Asia,Oil,2019,Terawatt-hours (TWh),35627,21923,5626,6856,22.12,1467.72,13339.28,1307.91,75.54,-2.65
Germany,South America,Wind,2019,Terawatt-hours (TWh),32705,50389,626,8735,28.07,1869.47,856.94,425.7,384,-2.07
Germany,Africa,Solar,2024,Terawatt-hours (TWh),13503,2920,1386,19673,36.72,2845.67,19944.73,762.34,203.77,3.29
Germany,North America,Hydro,2024,Terawatt-hours (TWh),11420,26111,11684,468,7.3,3903.29,20563.99,887.67,319.28,6.79
Germany,North America,Nuclear,2022,Terawatt-hours (TWh),18365,42512,2422,3883,57.3,1388.28,4985.87,565.12,343.86,5.24
Germany,Africa,Solar,2023,Terawatt-hours (TWh),5739,46108,942,10231,23.78,1190.06,21016.17,208.81,158.25,2.87
Germany,Asia,Nuclear,2022,Terawatt-hours (TWh),8548,21345,1462,9595,15.28,3927.37,3700.36,201,181.43,6.99
Germany,Asia,Solar,2020,Terawatt-hours (TWh),14031,18010,8618,13112,39.08,423.68,8639.79,834.05,178.11,-1.24
Germany,Africa,Hydro,2022,Terawatt-hours (TWh),10030,29352,9258,19699,45.5,3949.35,22275.27,1412.38,289.88,7.97
Germany,South America,Coal,2022,Terawatt-hours (TWh),13972,12402,7227,17926,12.25,4114.7,13248.94,677.79,60.06,-3.89
Germany,Asia,Wind,2017,Terawatt-hours (TWh),24060,36955,357,12377,61.82,1154.29,19256.01,104.39,67.31,3.87
Germany,Asia,Solar,2020,Terawatt-hours (TWh),46757,42299,5404,10780,30.49,4446.97,7204.12,722.84,144.26,5.74
Germany,South America,Natural Gas,2019,Terawatt-hours (TWh),35420,40131,12929,18531,25.76,2473.86,2625.61,536.05,299.99,4.13
Germany,Africa,Oil,2021,Terawatt-hours (TWh),9238,22477,3955,9657,7.02,3094.52,20948.84,1047.73,300.36,0.36
Germany,Oceania,Solar,2023,Terawatt-hours (TWh),8388,44497,1593,4520,45.98,4151.77,20467.04,771.57,157.82,6.12
Germany,North America,Solar,2022,Terawatt-hours (TWh),32330,45585,13945,1210,29.87,486.19,6302.12,257.41,163.76,5.34
Germany,Asia,Wind,2024,Terawatt-hours (TWh),4554,18403,3679,19592,69.83,2536.89,13899.03,848.01,316.92,7.34
Germany,North America,Hydro,2017,Terawatt-hours (TWh),17108,24779,7548,11864,29.54,3774.44,527.75,946.57,197.09,4.82
Germany,South America,Oil,2023,Terawatt-hours (TWh),45612,16295,3955,4512,30.27,2458.78,6908.49,1430.39,250.58,9.22
Germany,North America,Coal,2019,Terawatt-hours (TWh),12388,15612,5713,13169,36.83,3938.78,12926.93,231.45,321.17,-1.29
Germany,Oceania,Nuclear,2020,Terawatt-hours (TWh),31818,16148,9051,15094,23.94,2227.48,6227.53,1291.67,138.3,-3.1
Germany,Europe,Oil,2016,Terawatt-hours (TWh),48317,33066,683,4423,30.4,2106.45,20136.02,631.3,184.93,-3.16
Germany,Oceania,Wind,2016,Terawatt-hours (TWh),14784,50752,7211,7639,19.3,284.5,9954.2,873.97,61.59,6.58
Germany,Asia,Hydro,2016,Terawatt-hours (TWh),29077,34284,2602,13206,69.11,3500.28,4254.84,389.78,193.19,0.53
Germany,Asia,Oil,2022,Terawatt-hours (TWh),39593,29033,11961,15601,17.86,943.65,9097.69,708.58,117.14,7.48
Germany,South America,Wind,2023,Terawatt-hours (TWh),13054,5262,3613,14688,57.68,2400.05,11741.53,359.7,224.87,7.31
Germany,Europe,Natural Gas,2023,Terawatt-hours (TWh),45182,8832,321,2489,24.11,3376.54,20426.35,1312.16,228.23,8.35
Germany,Oceania,Oil,2022,Terawatt-hours (TWh),4705,44678,403,768,48.88,3754.27,6351.71,1493.97,243.5,-2.55
Germany,South America,Hydro,2022,Terawatt-hours (TWh),4141,34002,10033,9178,51.66,1201.45,17945.86,384.85,336.12,-0.08
Germany,Africa,Oil,2020,Terawatt-hours (TWh),11133,8216,5327,11741,32.07,2707.07,1822,864.41,278.52,-4.25
Germany,North America,Wind,2016,Terawatt-hours (TWh),25960,27307,11366,4216,7.53,3969.46,7848.23,914.48,233.14,-0.01
Germany,Oceania,Coal,2015,Terawatt-hours (TWh),17131,45852,8511,8326,19.24,3836.93,11096.27,142.28,364.71,4.43
Germany,Africa,Oil,2019,Terawatt-hours (TWh),20387,41677,4607,13606,14.33,1108.43,18966.76,167.4,141.58,8.45
Germany,Europe,Hydro,2022,Terawatt-hours (TWh),36880,47517,5635,1158,68.93,391.01,22711.52,884.54,317.91,3.91
Germany,North America,Hydro,2024,Terawatt-hours (TWh),31096,13702,10321,5534,15.25,4150.95,8489.93,466,50.89,-2.18
Germany,South America,Oil,2015,Terawatt-hours (TWh),35461,3634,12768,5286,50.03,2182.61,9183.77,1444.68,349.73,0.84
Germany,Asia,Wind,2019,Terawatt-hours (TWh),27503,6894,3964,1613,58.35,2881.18,2682.98,517.36,288.65,6.96
Germany,Europe,Coal,2022,Terawatt-hours (TWh),27887,9134,14190,10228,29.54,3387.63,8782.94,383.24,109.37,-2.51
Germany,South America,Solar,2021,Terawatt-hours (TWh),7130,21283,10780,7566,48.8,4586.37,11612.92,1279.93,145.33,3.88
Germany,Europe,Natural Gas,2021,Terawatt-hours (TWh),23570,13570,4641,9555,55.44,4736.75,6287.08,16.86,330.25,6.41
Germany,Europe,Natural Gas,2016,Terawatt-hours (TWh),41221,26467,2023,11886,44.68,1822.62,1521.96,444.24,229.07,-1.83
Germany,South America,Solar,2016,Terawatt-hours (TWh),36569,3572,9272,19168,31.33,4785.07,10605.96,148.08,166.18,6.56
Germany,Oceania,Wind,2023,Terawatt-hours (TWh),19621,29672,11502,13147,67.49,2977.41,3859.89,1330.93,326.21,-0.57
Germany,Asia,Hydro,2024,Terawatt-hours (TWh),44763,41352,9285,10433,64.1,2329.37,9605.37,1484.09,282.93,9.31
Germany,Asia,Nuclear,2021,Terawatt-hours (TWh),44633,5938,13893,263,51.88,3974.08,4859.22,464.31,305.15,-4.42
Germany,Europe,Natural Gas,2015,Terawatt-hours (TWh),39046,45247,12737,10581,69.77,4756.36,276.54,1236.42,80.96,2.19
Germany,Oceania,Solar,2016,Terawatt-hours (TWh),49297,18068,2383,17482,52.91,1366.28,2385.35,800.81,269.3,5.29
Germany,Asia,Nuclear,2015,Terawatt-hours (TWh),39283,13470,9390,9854,19.97,2892.66,11567.58,1374.78,239.29,9.9
Germany,North America,Solar,2016,Terawatt-hours (TWh),20763,45850,13240,1905,67.59,3284.62,9734.99,300.26,125.64,3.93
Germany,Europe,Solar,2023,Terawatt-hours (TWh),7545,14547,10812,3309,61.71,4012.3,17947.26,83.81,286.35,8.76
Germany,North America,Solar,2020,Terawatt-hours (TWh),43577,2029,14228,3838,29.52,1568.86,4198.19,1345.31,363.51,3.14
Germany,North America,Nuclear,2024,Terawatt-hours (TWh),13311,41821,10813,15195,51.53,2190.42,14464.36,653,319.03,3.66
Germany,Asia,Hydro,2019,Terawatt-hours (TWh),7760,46558,466,19053,58.84,3604.97,24080.2,928.49,392.45,-1.7
Germany,Africa,Hydro,2017,Terawatt-hours (TWh),2415,46865,14026,17787,37.97,4603.64,24088.48,432.89,219.62,-1
Germany,Africa,Oil,2016,Terawatt-hours (TWh),38159,33810,7636,4796,28.51,2576.69,18960.71,904.72,109.22,-3.34
Germany,South America,Hydro,2021,Terawatt-hours (TWh),42989,34754,9065,12841,42.48,2559.25,19055.72,1295.99,290.16,8.33
Germany,Oceania,Solar,2023,Terawatt-hours (TWh),22736,47795,1685,11882,22.17,874.55,13194.73,1489.9,88.77,0.94
Germany,Africa,Solar,2015,Terawatt-hours (TWh),45713,10524,13455,19061,57.96,3533.15,4751.86,309.07,73.48,-1.47
Germany,Asia,Coal,2020,Terawatt-hours (TWh),10964,31610,6662,7661,41.45,1188.99,5506.13,986.49,122.92,-0.66
Germany,North America,Coal,2019,Terawatt-hours (TWh),29054,45566,1320,8380,64.79,2909.33,17855.31,1092.76,155.97,2.98
Germany,Asia,Coal,2016,Terawatt-hours (TWh),6451,36023,7849,7557,5.7,3903.9,23111.19,389.04,267.2,6.29
Germany,Asia,Coal,2015,Terawatt-hours (TWh),15675,4364,4417,2718,11.98,4768.52,12785.8,1048.63,180.34,2.46
Germany,Africa,Solar,2020,Terawatt-hours (TWh),9269,35560,6562,8532,18.03,2159.26,22319.59,507.99,301.19,7.98
Germany,South America,Solar,2016,Terawatt-hours (TWh),26109,30484,2278,10622,65.37,3489.06,24811.84,622.6,88.7,6.74
Germany,South America,Oil,2021,Terawatt-hours (TWh),19624,49474,714,6596,48.25,2325.14,11938.3,702.26,60.06,-3.7
Germany,Oceania,Nuclear,2022,Terawatt-hours (TWh),1515,31343,1258,3225,8.62,4838.41,16589,1017.52,200.96,5.21
Germany,Africa,Hydro,2018,Terawatt-hours (TWh),6886,15515,7015,16606,46.8,997.34,3135.31,203.99,217.4,7.64
Germany,South America,Hydro,2022,Terawatt-hours (TWh),10033,3119,14089,3470,34.61,1914.53,23731.8,388.77,70.11,6.53
Germany,Asia,Oil,2018,Terawatt-hours (TWh),30766,15035,13286,5352,63.08,251.68,6748.43,864.26,210.1,1.2
Germany,Europe,Coal,2024,Terawatt-hours (TWh),3716,35853,3247,4854,60.52,885.25,19012.65,538.24,212.79,5.11
Germany,Europe,Nuclear,2016,Terawatt-hours (TWh),516,6306,6092,5557,20.12,2263,820.94,654.41,338.65,8.67
Germany,Africa,Wind,2023,Terawatt-hours (TWh),14950,30798,9449,977,55.45,814.75,16130.45,1214.89,368.62,-3.2
Germany,Asia,Hydro,2017,Terawatt-hours (TWh),24246,22334,4880,8694,41.43,101.07,19472.76,991.96,350.56,0.67
Germany,North America,Coal,2024,Terawatt-hours (TWh),38465,50969,1913,11859,32.65,316.5,23365.62,1052.41,390.38,2.53
Germany,Africa,Hydro,2019,Terawatt-hours (TWh),12738,1411,7729,7731,52.49,564.3,16755.66,155.08,122.05,8.79
Germany,Oceania,Hydro,2021,Terawatt-hours (TWh),20150,20428,3252,4702,51.75,3293.03,10569.42,1151.64,181.7,-1.12
Germany,Asia,Oil,2020,Terawatt-hours (TWh),2922,20529,12585,18862,27.57,3536.59,12278.08,1421.38,196.06,6.34
Germany,Africa,Hydro,2024,Terawatt-hours (TWh),40494,51148,2192,16688,36.84,1434.07,4116.71,643.64,328.69,-2.46
Germany,Europe,Coal,2018,Terawatt-hours (TWh),16185,26604,14520,14036,14.33,1040.76,5776.23,536.61,75.27,6.54
Germany,Asia,Coal,2016,Terawatt-hours (TWh),6535,17853,7856,1757,12.1,2603.93,18357.71,295.7,354.64,-4.41
Germany,North America,Coal,2021,Terawatt-hours (TWh),24948,29501,4375,6679,22.53,2977.47,15535.3,490.32,372.1,4.37
Germany,Oceania,Wind,2024,Terawatt-hours (TWh),14596,19759,9603,8538,43.24,3368.12,14206.98,1297.31,393.58,5.44
Germany,South America,Nuclear,2021,Terawatt-hours (TWh),9855,8361,1753,10972,40.53,2634.4,22947.24,29.74,332.35,7.71
Germany,South America,Wind,2019,Terawatt-hours (TWh),26317,46470,3285,6377,60.18,1544.53,23857.85,1038.27,76.96,7
Germany,Africa,Hydro,2017,Terawatt-hours (TWh),15716,24718,1350,19985,64.11,926.86,23109.77,486.01,153.01,4.37
Germany,Asia,Hydro,2024,Terawatt-hours (TWh),13925,41155,11075,19590,56.93,1430.67,19993.45,306.17,315.92,-2.66
Germany,Asia,Wind,2015,Terawatt-hours (TWh),25218,40910,2905,30,24.44,1777.58,12422.1,605.39,59.2,8.09
Germany,North America,Nuclear,2020,Terawatt-hours (TWh),39445,32474,5494,16588,5.46,4308.1,16609.24,113.31,303.59,-1.21
Germany,Europe,Solar,2024,Terawatt-hours (TWh),49701,37980,6544,19045,9.25,778.98,19047.5,1242.48,392.24,2.39
Germany,North America,Hydro,2017,Terawatt-hours (TWh),26555,28292,6992,18951,36.78,136.01,16945.92,937.84,105.44,-2.11
Germany,North America,Wind,2023,Terawatt-hours (TWh),4067,12188,5362,19624,17.6,2131.14,3854.63,740.34,81.39,5.33
Germany,Oceania,Oil,2017,Terawatt-hours (TWh),27127,26915,2452,14250,55.11,3111.47,2246.33,285.99,221.52,3.9
Germany,Europe,Wind,2021,Terawatt-hours (TWh),19851,15745,10226,18362,64.54,154.99,12514.37,587.67,367.54,2.26
Germany,South America,Solar,2021,Terawatt-hours (TWh),12329,38157,7554,7089,59.48,1985.72,15352.54,1423.58,207.53,6.11
Germany,Africa,Oil,2020,Terawatt-hours (TWh),13278,28834,2184,7911,16.31,1581.91,20358.85,730.39,387.02,0.85
Germany,Africa,Hydro,2023,Terawatt-hours (TWh),22621,42084,3051,16902,44.54,874.37,12507.26,872.72,238.16,-1.87
Germany,Oceania,Nuclear,2016,Terawatt-hours (TWh),46721,30889,3771,7815,28.04,3662.85,16817.52,224.57,104.09,5.66
Germany,Europe,Coal,2024,Terawatt-hours (TWh),25890,30815,14668,13562,32.47,367.55,19155.74,1461.75,221.07,-1.65
Germany,South America,Natural Gas,2022,Terawatt-hours (TWh),10852,18476,2594,14903,13.42,830.87,3467.39,1288.89,94.52,3.32
Germany,Africa,Wind,2018,Terawatt-hours (TWh),8732,35895,3729,16153,5.36,1380.66,13851.52,357.39,287.38,1.44
Germany,Asia,Nuclear,2015,Terawatt-hours (TWh),21662,39668,4655,8389,55.63,2149.36,20535.22,655.72,148.82,8.88
Germany,Asia,Wind,2020,Terawatt-hours (TWh),7000,6547,9263,18098,51.9,4657,14619.87,1017.24,373.12,-1.06
Germany,North America,Nuclear,2020,Terawatt-hours (TWh),41658,9230,14830,9109,39.6,4781.37,22705.56,1444.12,289.28,0.33
Germany,Africa,Nuclear,2022,Terawatt-hours (TWh),37987,745,11472,7787,63.97,4247.45,21524.54,804.08,343.29,6.5
Germany,South America,Solar,2021,Terawatt-hours (TWh),5258,4170,9486,7738,12.61,2387.55,24636.29,596.52,206.76,8.93
Germany,Europe,Nuclear,2019,Terawatt-hours (TWh),27470,15973,13025,11287,12.57,2401.05,8497.93,1443.87,175.52,5.24
Germany,South America,Coal,2016,Terawatt-hours (TWh),49725,13669,11315,19304,7.67,3892.15,6641.53,846,178.3,6.28
Germany,Oceania,Natural Gas,2020,Terawatt-hours (TWh),20064,603,9682,11140,42.66,3851.85,12015.9,1011.53,244.52,0.89
Germany,North America,Oil,2022,Terawatt-hours (TWh),33303,35704,2486,18361,44.31,3925.77,23331.04,390.99,377.57,6.3
Germany,North America,Wind,2024,Terawatt-hours (TWh),46088,37481,7459,4462,19.58,1838.49,22564.38,702.14,387.65,2.03
Germany,Oceania,Nuclear,2017,Terawatt-hours (TWh),22950,31913,2487,5178,27.17,4019.24,5766,817.7,326.82,2.91
Germany,South America,Coal,2023,Terawatt-hours (TWh),8801,16483,12385,4211,7.65,3201.24,19028.2,1177.33,329.21,-2.85
Germany,North America,Natural Gas,2023,Terawatt-hours (TWh),39220,6885,12310,15038,17.78,90.45,17951,1388.75,180.42,5.52
Germany,North America,Nuclear,2024,Terawatt-hours (TWh),32906,35430,6481,6022,33.86,4350.31,5579.17,1453.1,77,0.89
Germany,Africa,Solar,2024,Terawatt-hours (TWh),42674,12712,8585,17639,6.59,440.12,22133.76,429.66,280.7,-0.45
Germany,Europe,Oil,2018,Terawatt-hours (TWh),17805,25856,3834,15265,42.21,1983.4,14975,1420.48,280.91,8.8
Germany,North America,Coal,2020,Terawatt-hours (TWh),5906,19341,5617,6552,16.97,3139.19,24049.09,680.78,86.61,8.02
Germany,South America,Natural Gas,2016,Terawatt-hours (TWh),15447,40958,13015,5032,35.64,1133.87,7239.26,1354.7,129.5,8.27
Germany,Asia,Oil,2019,Terawatt-hours (TWh),40215,1467,10878,17330,44.43,2853.54,8459.55,989.05,232.99,4.36
Germany,Oceania,Hydro,2022,Terawatt-hours (TWh),11244,5596,14974,9663,57.49,4769.72,7520.03,496.19,248.65,-2.1
Germany,Africa,Wind,2019,Terawatt-hours (TWh),47080,29120,11207,3568,65.05,2528.01,4290.02,521.65,313.74,7.19
Germany,North America,Oil,2021,Terawatt-hours (TWh),1882,13178,1733,201,56,2072.06,8636.51,835.95,178.22,-3.56
Germany,Africa,Hydro,2015,Terawatt-hours (TWh),22280,40540,490,7956,12.49,1251.37,10739.34,53.05,204.34,2.45
Germany,North America,Oil,2023,Terawatt-hours (TWh),40382,27198,6711,1408,24.17,2024.34,16482.7,944.25,106.27,7.36
Germany,Asia,Hydro,2021,Terawatt-hours (TWh),22947,17006,10903,14440,15.12,1786.94,889.9,190.67,180.72,-2.48
Germany,North America,Natural Gas,2015,Terawatt-hours (TWh),46110,33412,10960,16025,41.68,394.38,21253.6,1442.02,323.09,0.58
Germany,Africa,Nuclear,2016,Terawatt-hours (TWh),11433,47287,4406,13365,9.58,3811.7,10415.84,488.6,73.81,-3.78
Germany,Europe,Solar,2023,Terawatt-hours (TWh),29172,15775,13202,4025,58.98,2188.43,9258.7,102.48,195.78,9.06
Germany,Asia,Nuclear,2021,Terawatt-hours (TWh),23418,50541,14542,9002,22.31,3867.37,18884.5,1353.14,186.09,-1.78
Germany,South America,Solar,2021,Terawatt-hours (TWh),46483,30055,779,3654,29.59,3272.96,2662.73,374.74,301.16,8.61
Germany,Oceania,Nuclear,2024,Terawatt-hours (TWh),11903,20453,8398,3356,34.47,4030.97,20561.21,966.81,319.81,7.08
Germany,Africa,Natural Gas,2019,Terawatt-hours (TWh),13083,13740,14884,11333,55.52,3232.37,21106.86,50.85,163.65,2.26
Germany,Asia,Coal,2023,Terawatt-hours (TWh),29652,26877,951,16563,53.8,3670.26,1464.3,670.93,379.58,2.81
Germany,Oceania,Wind,2016,Terawatt-hours (TWh),33867,7456,14318,16233,62.57,1491.22,3947.03,1388.49,119.04,5.89
Germany,Africa,Wind,2015,Terawatt-hours (TWh),35138,45733,10687,7057,67.92,826.29,4874.3,1265.76,236.14,0.6
Germany,Oceania,Oil,2021,Terawatt-hours (TWh),22378,31247,4473,9656,40.04,2360.22,7966.83,74.95,334.4,-3.47
Germany,Oceania,Nuclear,2017,Terawatt-hours (TWh),7702,17839,8764,17872,27.87,1899.37,24123.48,785.93,299.24,4.31
Germany,North America,Nuclear,2022,Terawatt-hours (TWh),34484,30639,2129,8794,56.7,2039.26,21280.05,262.97,221.3,6.23
Germany,Africa,Wind,2016,Terawatt-hours (TWh),31974,46183,991,8614,41.22,492.58,22203.82,994.76,192.24,1.48
Germany,Africa,Coal,2021,Terawatt-hours (TWh),45504,5556,9385,10245,60.57,3002.18,17481.32,850.42,310.3,-4.71
Germany,Africa,Nuclear,2017,Terawatt-hours (TWh),23934,970,8558,18378,8.32,135.3,21515.21,75.5,155.73,4.82
Germany,Asia,Natural Gas,2022,Terawatt-hours (TWh),26399,4055,1569,11513,36.05,2733.78,1917.47,339.24,69.44,3.22
Germany,Oceania,Nuclear,2023,Terawatt-hours (TWh),35559,48411,10414,19658,65.46,2837.55,9435.17,298.97,279.52,7.95
Germany,Africa,Oil,2015,Terawatt-hours (TWh),32578,42066,8989,5533,58.51,2533.71,1965.46,653.71,85.73,5.7
Germany,Europe,Natural Gas,2017,Terawatt-hours (TWh),30996,51731,10738,3093,68.84,4108.84,12983.17,382.91,194.64,6.72
Germany,South America,Wind,2016,Terawatt-hours (TWh),28482,24640,8327,4556,31.15,4569.68,13041.39,1412.23,391.81,5.1
Germany,South America,Oil,2015,Terawatt-hours (TWh),32706,19930,10785,2717,6.5,4701.4,12921.45,462.02,339.62,8.29
Germany,North America,Solar,2017,Terawatt-hours (TWh),23726,27859,3188,1844,60.97,73.62,17171.42,1274.92,153.67,6.38
Germany,Asia,Hydro,2018,Terawatt-hours (TWh),11416,7173,9181,13055,50.54,4036.45,24690.1,104.61,359.11,7.11
Germany,Oceania,Oil,2015,Terawatt-hours (TWh),21664,15078,5982,2377,36.05,3398.49,24436.09,1216.77,232.95,7.41
Germany,Asia,Solar,2021,Terawatt-hours (TWh),38203,31320,7386,15485,13.57,1469.3,531.37,1032.01,398.65,-3.29
Germany,Oceania,Hydro,2018,Terawatt-hours (TWh),6680,8781,13696,8337,5.91,2433.41,13530.96,897.6,150.4,2.63
Germany,Oceania,Solar,2015,Terawatt-hours (TWh),45547,37280,12163,14279,36.79,3115.13,9059.42,1045.19,248.55,3
Germany,North America,Coal,2021,Terawatt-hours (TWh),14915,10967,5777,7235,34.94,2877.29,23416.45,151.22,284.08,5.83
Germany,Europe,Natural Gas,2022,Terawatt-hours (TWh),47552,37206,1643,9319,12.2,3470.05,4182.36,1209.17,291.81,-0.81
Germany,North America,Natural Gas,2018,Terawatt-hours (TWh),22045,29893,11849,6524,24.83,196.51,4285.6,443.79,345.96,1.58
Germany,Asia,Nuclear,2024,Terawatt-hours (TWh),18704,7057,2340,17409,59.86,4914.86,8262.32,521.41,59.23,5.17
Germany,Africa,Natural Gas,2023,Terawatt-hours (TWh),19347,6640,2090,4098,27.4,246.98,10121.31,741.18,362.24,7.99
Germany,Asia,Solar,2022,Terawatt-hours (TWh),28936,42742,10932,8095,40.12,3549.16,20021.97,60.43,206.72,-3.34
Germany,Europe,Coal,2024,Terawatt-hours (TWh),3288,30251,5334,14617,34.9,2293.22,6605.97,909.71,255.94,-4.77
Germany,Asia,Natural Gas,2018,Terawatt-hours (TWh),42948,41235,6996,12972,47.61,2101.79,20737.8,937.54,226.73,8.45
Germany,Oceania,Nuclear,2015,Terawatt-hours (TWh),2458,38184,7735,12968,30.38,125.47,14632.11,723.8,183.64,1.49
Germany,Asia,Coal,2018,Terawatt-hours (TWh),2683,45775,3530,2754,60.61,4334.81,21648.93,14.81,185.43,-2.9
Germany,Oceania,Wind,2022,Terawatt-hours (TWh),4274,23236,8995,17490,67.69,2147.19,15602.45,1087.26,277.47,6.26
Germany,Oceania,Wind,2019,Terawatt-hours (TWh),11453,36215,11323,2988,38.69,587.81,3746.29,536.55,229.1,-3.09
Germany,Africa,Nuclear,2016,Terawatt-hours (TWh),22629,35614,2725,746,9.16,507.64,2770.37,6.96,344.12,6.6
Germany,Europe,Nuclear,2017,Terawatt-hours (TWh),3173,23079,11523,3064,7.01,4416.15,24577.23,1244.02,206.92,0.41
Germany,Oceania,Solar,2015,Terawatt-hours (TWh),35108,14234,5279,1789,39.3,4541.19,666.72,435.17,251.99,1.41
Germany,Oceania,Solar,2022,Terawatt-hours (TWh),32559,41287,7001,16711,35.33,3083.61,19117.61,499.75,189.01,3.37
Germany,Asia,Coal,2019,Terawatt-hours (TWh),3200,27551,7210,11354,15.3,901.05,8958.35,683.91,326.01,3.44
Germany,Africa,Hydro,2019,Terawatt-hours (TWh),30043,46177,7796,6407,66.87,3439.07,2737.13,692.35,283.4,-0.52
Germany,Africa,Wind,2020,Terawatt-hours (TWh),49478,10901,10042,290,33.16,4284.36,1361.93,55.01,100.88,8.87
Germany,Europe,Oil,2020,Terawatt-hours (TWh),28901,37425,11131,16720,47.81,4764.62,19935.85,665.01,254.88,9.04
Germany,North America,Coal,2017,Terawatt-hours (TWh),32728,49099,10846,19367,40.45,2971.51,3880.59,316.07,174.76,-0.56
Germany,Oceania,Solar,2017,Terawatt-hours (TWh),33326,47876,7086,16862,11.7,4938.18,2768.02,137.08,303.31,3.9
Germany,Asia,Solar,2023,Terawatt-hours (TWh),42482,12081,10462,3603,17.34,2811.47,19682.26,970.15,146.3,-2.43
Germany,Oceania,Nuclear,2022,Terawatt-hours (TWh),44590,16920,3457,289,8.99,4682.4,15474.45,901.19,167.77,-3.91
Germany,Oceania,Hydro,2024,Terawatt-hours (TWh),28710,8725,13108,16734,41.21,251.52,3294.67,570.26,112.01,0.77
Germany,Africa,Hydro,2019,Terawatt-hours (TWh),44588,18845,7517,19970,7.35,737.24,24745.67,1064.53,351.99,5.4
Germany,Europe,Solar,2024,Terawatt-hours (TWh),29637,39290,8362,12159,22.6,1481.88,5594.55,1484.8,225.7,7.6
Germany,Asia,Nuclear,2021,Terawatt-hours (TWh),39664,4126,6454,2908,42.77,724.41,21219.68,1093.8,115.99,3.44
Germany,North America,Coal,2017,Terawatt-hours (TWh),35208,12550,13100,16391,22.58,671.65,24042.06,798.76,314.22,9.88
Germany,Asia,Hydro,2019,Terawatt-hours (TWh),30072,3771,13867,12451,12.94,1425.28,13021.59,263.56,314.46,4.32
Germany,Europe,Hydro,2016,Terawatt-hours (TWh),16994,8955,14013,15987,23.24,1432.08,7026.32,1153.82,165.54,3.1
Germany,Asia,Oil,2018,Terawatt-hours (TWh),32448,45621,6271,12053,52.24,1679.09,228.41,989.07,166.2,4.48
Germany,North America,Nuclear,2017,Terawatt-hours (TWh),10828,38798,9901,7364,17.9,438.37,19002.66,909.19,392.5,4.87
Germany,Europe,Wind,2020,Terawatt-hours (TWh),38519,43026,11496,13239,21.59,990.08,12492.86,1209.54,105.23,-3.22
Germany,South America,Natural Gas,2020,Terawatt-hours (TWh),3462,39146,976,10487,24.1,790.52,22027.33,255.27,56.28,-3.48
Germany,Asia,Solar,2015,Terawatt-hours (TWh),15360,49423,6399,6332,5.3,2446.73,8459.19,1491.73,165.13,-2.9
Germany,Europe,Coal,2022,Terawatt-hours (TWh),40657,24407,13926,3450,36.6,2185.18,9210.93,1289.29,148.44,8.26
Germany,Asia,Solar,2017,Terawatt-hours (TWh),35468,50707,2934,1807,40.4,2424.98,9567.82,1200.14,197.87,-1.15
Germany,Oceania,Wind,2016,Terawatt-hours (TWh),9580,25714,7331,12611,7.76,3835.65,18639.89,927.75,310.86,0.33
Germany,Africa,Wind,2023,Terawatt-hours (TWh),8838,37771,4090,13236,9.77,354.99,10518.16,560.15,190,4.69
Germany,Europe,Hydro,2016,Terawatt-hours (TWh),7639,30918,11020,9198,65.39,3997.94,4642.43,916.12,333.39,6.59
Germany,South America,Oil,2016,Terawatt-hours (TWh),49711,48641,5098,17373,6.78,2212.29,11806.05,655.83,229.05,4.3
Germany,Africa,Wind,2023,Terawatt-hours (TWh),46823,17219,2925,18761,68.72,3283.11,13645.06,207.34,266.39,1.19
Germany,South America,Nuclear,2021,Terawatt-hours (TWh),13833,38097,738,12926,30.48,1501.02,13602.66,318.94,319.65,-0.12
Germany,Europe,Wind,2024,Terawatt-hours (TWh),16256,41605,5081,2870,29.74,3752.51,10849.9,18.99,370.42,-2.13
Germany,Oceania,Wind,2016,Terawatt-hours (TWh),7788,684,10815,3112,39.55,2405.06,16019.75,1113.84,386.15,-0.31
Germany,South America,Oil,2020,Terawatt-hours (TWh),8548,19012,1997,5139,41.6,1690.24,704.75,620.26,126.15,1.82
Germany,Africa,Nuclear,2023,Terawatt-hours (TWh),17291,35164,6513,3692,18.17,1662.13,910.32,1066.48,79,-0.47
Germany,Asia,Coal,2021,Terawatt-hours (TWh),18322,32004,10136,11641,27.26,914.96,1337.85,1086.98,54.4,5.27
Germany,Africa,Nuclear,2015,Terawatt-hours (TWh),17122,20057,7655,13115,30.88,1063.65,17272.81,1147.31,177.94,-3.19
Germany,Asia,Coal,2019,Terawatt-hours (TWh),25808,35488,4974,9340,21.47,757.57,12489.29,329.73,216.28,-0.69
Germany,North America,Coal,2020,Terawatt-hours (TWh),8823,4806,6195,11776,55.09,1950.64,6235.72,1457.69,72.79,1.61
Germany,South America,Solar,2024,Terawatt-hours (TWh),42661,10114,8626,13397,38.5,2933.67,15857.41,577.76,114.49,7.57
Germany,North America,Hydro,2021,Terawatt-hours (TWh),16736,25008,11996,1912,45.25,1784.83,1618.73,256.81,116.47,7.32
Germany,Oceania,Nuclear,2022,Terawatt-hours (TWh),10538,34894,10467,266,51.88,4389.52,3895.34,666.81,306.48,0.3
Germany,North America,Coal,2018,Terawatt-hours (TWh),19398,31408,7541,317,18.85,234.86,21708.46,137.18,293.35,2.14
Germany,Asia,Nuclear,2023,Terawatt-hours (TWh),5883,11506,13405,11752,47.37,1731.25,15805.89,720.39,270.04,6.76
Germany,Europe,Wind,2017,Terawatt-hours (TWh),17472,26924,6517,13241,48.94,1681.42,11389.33,1253.46,280.47,1.35
Germany,Africa,Natural Gas,2022,Terawatt-hours (TWh),6199,32779,13383,13747,37.29,4355.95,19295.53,575.28,77.37,-0.3
Germany,Oceania,Oil,2020,Terawatt-hours (TWh),34373,22523,12191,2158,61.89,1954.02,12463.47,404.84,272.98,-4.96
Germany,Asia,Oil,2021,Terawatt-hours (TWh),2979,20275,3344,11961,27.99,4596.12,18500.86,79.45,104.03,9.54
Germany,Oceania,Oil,2022,Terawatt-hours (TWh),36440,2291,9072,3105,52.66,1708.46,16331.64,986.34,340.25,1.46
Germany,Asia,Nuclear,2020,Terawatt-hours (TWh),22574,834,2229,14587,69.78,2677.33,18664.64,976.99,353.14,2.11
Germany,Oceania,Oil,2016,Terawatt-hours (TWh),42605,11755,9741,14646,11.59,2174.97,6100.99,943.54,251.18,-0.34
Germany,Europe,Solar,2019,Terawatt-hours (TWh),42449,40881,4697,5007,5.95,3757.28,15120.25,733.19,228.91,9.04
Germany,Oceania,Solar,2020,Terawatt-hours (TWh),28164,33692,11822,19856,16.09,1015.36,15078.27,126.95,129.15,4.98
Germany,Europe,Solar,2016,Terawatt-hours (TWh),21262,3901,8860,16961,11.88,4489.59,3211.92,345.41,146.32,1.21
Germany,Oceania,Wind,2016,Terawatt-hours (TWh),47319,44820,1235,12171,40.12,4858.77,2227.41,684.31,365.75,-0.13
Germany,Europe,Nuclear,2022,Terawatt-hours (TWh),29795,44573,5368,4943,9.39,1099.42,23426.12,236.76,362.89,-4.88
Germany,Oceania,Natural Gas,2023,Terawatt-hours (TWh),20343,43342,14036,4798,59.44,1110.21,6787.21,1058.17,278.57,-3.38
Germany,Oceania,Oil,2022,Terawatt-hours (TWh),16939,51472,6377,2600,18.04,99.6,12396.58,813.31,80.77,-1.41
Germany,North America,Nuclear,2019,Terawatt-hours (TWh),37864,15638,1588,626,48.17,4117.06,6228.83,236.66,51.65,3.99
Germany,North America,Solar,2021,Terawatt-hours (TWh),47324,1930,14583,11668,30.73,694.59,13183.79,80.46,274.44,2.03
Germany,Asia,Oil,2021,Terawatt-hours (TWh),4734,2540,4514,734,56.4,519.08,18491.58,384.28,328.58,8.82
Germany,Europe,Natural Gas,2015,Terawatt-hours (TWh),46212,49945,14840,6681,52.83,1525.46,10786.73,387.58,69.9,3.49
Germany,Africa,Nuclear,2021,Terawatt-hours (TWh),37295,9223,561,17145,22.64,3746.39,23314.29,922.83,74.96,1.97
Germany,Africa,Nuclear,2021,Terawatt-hours (TWh),2927,37311,10068,15459,59.98,4040.59,15862.78,327.85,298.79,9.02
Germany,Asia,Coal,2017,Terawatt-hours (TWh),36623,41031,10455,4220,5.22,3048.51,14412.15,1324.95,295.8,-4.42
Germany,North America,Wind,2017,Terawatt-hours (TWh),19111,25211,14930,6564,42.95,2520.47,24147.14,1188.51,356.86,-3.33
Germany,North America,Solar,2024,Terawatt-hours (TWh),23337,43083,13499,1100,58.62,3622.82,17522.92,771.73,341.43,-3.47
Germany,Europe,Oil,2016,Terawatt-hours (TWh),47203,31424,12996,4174,45.82,4242.14,10161.71,711.55,250.32,8.05
Germany,Asia,Hydro,2016,Terawatt-hours (TWh),17644,43624,12093,13398,31.69,1559.34,11582.38,1093.15,150.17,7.99
Germany,Oceania,Nuclear,2024,Terawatt-hours (TWh),28294,27211,9052,14160,57.44,2066.97,6349.88,1024.4,161.9,9.3
Germany,Africa,Nuclear,2019,Terawatt-hours (TWh),46105,37821,2933,15837,5.19,3366.94,18680.55,1494.71,318.01,6.01
Germany,North America,Coal,2017,Terawatt-hours (TWh),42267,8433,11710,7828,41.37,1768.4,8667.77,78.25,343.72,-1.03
Germany,Asia,Oil,2019,Terawatt-hours (TWh),8803,36511,1514,10175,14.22,3197.39,16255.23,1100.83,240.14,7.22
Germany,Africa,Solar,2018,Terawatt-hours (TWh),9362,43758,2758,19584,53.39,2115.31,16178.5,967.09,266.29,-4.16
Germany,Asia,Coal,2016,Terawatt-hours (TWh),32837,4149,2676,14713,57.5,809.31,24276.66,310.85,126.38,-1.36
Germany,North America,Hydro,2015,Terawatt-hours (TWh),47439,28658,8975,1987,69.2,2766.02,9966.23,462.7,124.5,-3.89
Germany,North America,Coal,2015,Terawatt-hours (TWh),12728,35702,10961,4104,42,2055.78,7685.09,171.08,305.78,2.5
Germany,Oceania,Solar,2023,Terawatt-hours (TWh),3562,39154,11551,5255,8.67,3502.17,8830.16,1401.43,79.06,-0.17
Germany,South America,Wind,2023,Terawatt-hours (TWh),25200,40920,5772,10749,41.36,219.53,19773.41,18.22,321.95,-2.84
Germany,Africa,Oil,2022,Terawatt-hours (TWh),30053,20585,2960,6980,55.35,755.05,23030.18,538.97,212.2,6.06
Germany,Europe,Coal,2017,Terawatt-hours (TWh),600,40663,623,11187,14.53,707.64,5208.68,180.49,94.03,2.96
Germany,Africa,Wind,2017,Terawatt-hours (TWh),49023,47860,7755,6021,16.6,1359.59,7327.76,1163.87,290.77,-3.92
Germany,Asia,Natural Gas,2022,Terawatt-hours (TWh),11205,32691,13044,10857,22.76,1986.76,13585.06,380.89,84.15,-2.46
Germany,Africa,Hydro,2021,Terawatt-hours (TWh),41540,31900,7579,6002,6.66,592.16,486.42,236.08,99.41,5.78
Germany,South America,Oil,2015,Terawatt-hours (TWh),42478,47354,9010,13590,62.51,1079.56,7411.76,624,124.24,-3.43
Germany,Europe,Coal,2020,Terawatt-hours (TWh),25855,13467,10307,887,63.86,3822.01,23017.55,980.31,140.45,4.46
Germany,Asia,Natural Gas,2018,Terawatt-hours (TWh),4364,9403,10019,7935,44.56,2784.25,15877.65,199.8,244.73,4.03
Germany,South America,Oil,2020,Terawatt-hours (TWh),11161,27468,6086,928,22.18,1762.66,13266.96,389.19,92.15,4.88
Germany,Asia,Solar,2024,Terawatt-hours (TWh),7210,24304,10807,10114,43.02,2874.4,15178.91,1017.05,279.65,-4.49
Germany,Africa,Wind,2018,Terawatt-hours (TWh),7525,36247,4456,12113,67.65,970.64,6509.53,559.41,79.8,-4.47
Germany,Oceania,Natural Gas,2024,Terawatt-hours (TWh),15353,19759,1858,6408,56.6,126.08,10362.91,487.57,222.28,-4.64
Germany,North America,Nuclear,2021,Terawatt-hours (TWh),27663,39848,983,9058,45.99,3396.02,21649.99,729.24,331.14,3.68
Germany,Africa,Wind,2022,Terawatt-hours (TWh),14575,2784,12193,2534,43.56,1519.66,2794.83,947.32,358.53,9.29
Germany,Oceania,Nuclear,2022,Terawatt-hours (TWh),5304,23497,8516,15342,34.75,799.32,23423.53,23.82,160.58,1.72
Germany,Europe,Hydro,2015,Terawatt-hours (TWh),34558,3378,6610,15427,35.43,3326.12,5469.67,992.97,97.66,6.22
Germany,Oceania,Oil,2021,Terawatt-hours (TWh),41982,23884,7826,16922,24.4,594.5,19224.17,526.95,263.06,3.45
Germany,Oceania,Hydro,2024,Terawatt-hours (TWh),20227,18548,11089,18164,41.35,1668.38,9602.2,994.68,341.68,2.26
Germany,Africa,Coal,2024,Terawatt-hours (TWh),3481,26398,7325,2348,23.63,4959.94,8012.51,789.21,111.99,6.49
Germany,Africa,Wind,2022,Terawatt-hours (TWh),21810,17448,8001,2632,48.28,4158.18,16710.36,26.52,311.06,2.5
Germany,Europe,Wind,2016,Terawatt-hours (TWh),14378,46232,9295,18907,36.37,3658.31,24127.94,766.65,277.1,3.3
Germany,South America,Solar,2020,Terawatt-hours (TWh),37333,38681,7885,18136,68.4,2916.08,183.88,132.72,349.94,0.9
Germany,North America,Nuclear,2017,Terawatt-hours (TWh),45363,34218,10205,18075,5.42,647.71,20574.72,852.78,81.09,1.48
Germany,Oceania,Solar,2024,Terawatt-hours (TWh),13744,39027,8995,13118,50.31,2668.11,4789.63,548.3,201.11,4.92
Germany,South America,Solar,2017,Terawatt-hours (TWh),45048,25154,2437,14692,13.21,4735.9,5180.39,705.34,107.24,3.9
Germany,Africa,Wind,2016,Terawatt-hours (TWh),22710,36422,9132,18377,38.98,2752.01,17917.07,450.09,312.42,-2.48
Germany,Oceania,Wind,2023,Terawatt-hours (TWh),17695,23765,7488,2281,44.86,375.41,1699.51,1232.51,271.41,9.75
Germany,Europe,Coal,2016,Terawatt-hours (TWh),30572,22196,8083,6029,26.49,673.73,3183.1,178.23,165.31,-4.49
Germany,South America,Solar,2016,Terawatt-hours (TWh),10446,10009,6465,18677,42.56,2774.21,1116.57,15.96,283.53,3.23
Germany,South America,Hydro,2020,Terawatt-hours (TWh),47408,2260,13997,13887,12.2,3569.23,15926.28,1462.8,128.33,4.68
Germany,Oceania,Coal,2020,Terawatt-hours (TWh),10109,23750,7775,19075,53.52,341.89,18158.84,954.32,133.11,4.44
Germany,Europe,Coal,2020,Terawatt-hours (TWh),25515,49599,7823,17722,43.19,4335.62,973.85,167.31,260.2,7.47
Germany,South America,Coal,2016,Terawatt-hours (TWh),25397,6564,14725,9549,36.56,4635.99,17022.84,76.73,300.81,-3.12
Germany,Europe,Solar,2017,Terawatt-hours (TWh),2374,33040,6477,18169,56.95,4968.5,10560.68,325.96,281.06,0.31
Germany,South America,Wind,2024,Terawatt-hours (TWh),43888,25569,2828,3143,27.46,2279.39,24942.93,1139.49,77.33,8.27
Germany,South America,Oil,2015,Terawatt-hours (TWh),5493,26654,13944,1794,60.87,231.4,13335.4,1145.64,111.67,7.29
Germany,South America,Natural Gas,2017,Terawatt-hours (TWh),29321,17566,10548,10167,35.36,2888.71,16682.35,687.82,380.85,5.57
Germany,Oceania,Natural Gas,2019,Terawatt-hours (TWh),27947,49740,13325,6947,30.83,129.67,8112.82,1165.78,388.78,8.8
Germany,Asia,Oil,2023,Terawatt-hours (TWh),18174,26344,9323,15592,45.57,1048.91,8043.76,1180.3,277.5,7.77
Germany,North America,Nuclear,2022,Terawatt-hours (TWh),2506,19224,6725,16988,60.72,1590.84,9915,900.75,185.43,3.77
Germany,South America,Coal,2024,Terawatt-hours (TWh),5713,12298,6303,18966,62.99,1331.02,897.93,906.85,315.96,-3.28
Germany,Africa,Natural Gas,2023,Terawatt-hours (TWh),24405,36430,1384,3443,61.35,614.86,10549.8,997.78,198,7.43
Germany,Africa,Oil,2021,Terawatt-hours (TWh),45061,15076,14434,17928,23.81,4624.38,9989.76,559.07,79.02,5.25
Germany,North America,Hydro,2019,Terawatt-hours (TWh),19473,39745,10677,7547,46.09,3361.94,2841.87,934.27,113.17,5.62
Germany,Asia,Nuclear,2024,Terawatt-hours (TWh),30184,21373,3338,573,45.68,2421.15,22088.04,140.72,353.44,-0.21
Germany,North America,Nuclear,2024,Terawatt-hours (TWh),14278,5884,11458,11738,5.21,3223.68,5000.72,144.66,382.59,-0.66
Germany,Africa,Nuclear,2019,Terawatt-hours (TWh),46280,44792,883,6352,47.75,4831.57,19086.23,1021,94.57,5.73
Germany,Europe,Coal,2023,Terawatt-hours (TWh),31813,13060,7008,8892,39.74,4428.5,9798.1,1132.39,166.22,7.87
Germany,North America,Oil,2016,Terawatt-hours (TWh),23385,33699,8544,18710,11.65,2936.39,12834.93,451.67,355.68,-0.79
Germany,Oceania,Nuclear,2017,Terawatt-hours (TWh),28722,14111,8162,19180,43.81,3109.22,8888.28,733.36,259.17,-4.77
India,Oceania,Natural Gas,2022,Terawatt-hours (TWh),43650,3898,4110,2383,39.11,2912.22,10089.04,230.36,394.72,8.26
India,Africa,Oil,2021,Terawatt-hours (TWh),22950,3745,5155,14677,11.13,3093.75,18876.85,177.49,331.09,1.25
India,South America,Nuclear,2018,Terawatt-hours (TWh),42091,12118,14655,17581,31.49,779.49,18963.77,1181.71,110.57,3.21
India,Oceania,Wind,2022,Terawatt-hours (TWh),1035,31828,13805,3193,57.76,3322.89,9593.89,394.89,352.38,-1.28
India,Africa,Oil,2021,Terawatt-hours (TWh),41152,26890,11858,5220,31.8,968.12,21305.97,435.78,362.03,-0.93
India,Asia,Natural Gas,2015,Terawatt-hours (TWh),48760,35215,1798,15503,5.94,3245.19,20512.67,1261.38,90.85,8.55
India,Oceania,Wind,2015,Terawatt-hours (TWh),21291,51143,8980,11131,16.19,1561.14,16102.43,444.47,230.93,4.02
India,Asia,Coal,2020,Terawatt-hours (TWh),31590,37608,6779,3936,44.31,2518.96,5349.76,1128.86,322.41,-0.17
India,South America,Natural Gas,2022,Terawatt-hours (TWh),25600,2183,2056,10994,36.16,2101.34,12082.84,1432.01,254.25,-2.13
India,Oceania,Natural Gas,2018,Terawatt-hours (TWh),8149,9707,9153,7172,35.51,4426.64,21380.27,1012.48,196.29,9.88
India,Europe,Oil,2018,Terawatt-hours (TWh),5049,39784,7714,5410,50.81,4170.31,17010.76,916.29,201.38,5.34
India,Asia,Oil,2024,Terawatt-hours (TWh),12309,1799,4666,10871,39.47,3587.41,3297.03,1021.56,389.52,2.84
India,North America,Oil,2021,Terawatt-hours (TWh),8600,51636,1568,11146,34.33,2730.54,11055.12,1398.03,328.25,4.28
India,South America,Nuclear,2018,Terawatt-hours (TWh),39637,15765,5362,7032,30.04,4447.8,12430.62,464.74,109.14,-0.53
India,Africa,Oil,2015,Terawatt-hours (TWh),42985,47910,13063,1416,52.02,1999.11,20263.75,237.65,365.67,8.35
India,North America,Solar,2022,Terawatt-hours (TWh),30605,11779,9779,9619,10.3,3097.29,21815.67,653.87,123.44,6.77
India,Europe,Solar,2018,Terawatt-hours (TWh),44074,31655,10118,15529,11.4,2852.26,14047.07,776.37,321.95,-1.93
India,North America,Oil,2019,Terawatt-hours (TWh),33187,41080,12256,1488,45.3,932.69,15360.7,531.53,146.09,-3.47
India,South America,Oil,2018,Terawatt-hours (TWh),25652,26603,11166,9876,68.53,52.94,8560.4,179.14,231.51,-1.55
India,Europe,Nuclear,2024,Terawatt-hours (TWh),46805,37363,12889,18480,32.09,2410.29,23531.34,486.17,393.64,-1.88
India,South America,Hydro,2023,Terawatt-hours (TWh),36155,44846,14386,14088,56.51,832.63,15245.14,919.93,74.95,-4.47
India,Europe,Hydro,2023,Terawatt-hours (TWh),15060,11298,2733,5671,31.6,4823.45,24452.85,407.73,354.77,3.89
India,North America,Solar,2024,Terawatt-hours (TWh),24497,5966,12002,4974,47.59,4426.74,4901.31,749.18,106.84,1.95
India,South America,Wind,2015,Terawatt-hours (TWh),8191,27713,8312,2416,67.01,3968.62,5250.77,1487.61,319.42,-4.71
India,Oceania,Solar,2016,Terawatt-hours (TWh),45393,30022,382,10797,5.59,2186.22,22281.35,84.16,374.33,-4.24
India,South America,Natural Gas,2016,Terawatt-hours (TWh),12424,30698,804,2781,55.76,2883.13,14785.14,1077.48,94.93,7.16
India,South America,Hydro,2024,Terawatt-hours (TWh),39155,17267,5585,443,60.06,1639.31,4668.33,214.37,381.48,-4.01
India,South America,Solar,2024,Terawatt-hours (TWh),31296,28253,10478,4781,52.36,1286.77,15034.93,779.51,274.22,8.5
India,Europe,Hydro,2023,Terawatt-hours (TWh),18091,17843,10943,15515,59.3,4619.73,15476.18,1198.92,348.9,4.08
India,Europe,Oil,2019,Terawatt-hours (TWh),11437,42657,5805,15855,5.47,1009.38,2286.39,192.51,381.36,7.28
India,Asia,Hydro,2021,Terawatt-hours (TWh),25623,22037,8505,398,62.93,1384.87,1975.04,325.04,340.88,8.31
India,South America,Natural Gas,2017,Terawatt-hours (TWh),44516,25331,14407,6464,23.1,1967.18,3202.57,256.89,272.44,8.87
India,South America,Coal,2021,Terawatt-hours (TWh),14652,17974,13460,6776,50.45,3315.59,22632.1,1252.92,305.98,4.3
India,Africa,Oil,2016,Terawatt-hours (TWh),31712,17053,5952,16122,51.41,2917.8,5971.03,135.36,255.27,7.76
India,Africa,Oil,2019,Terawatt-hours (TWh),9661,22431,1118,14611,47.33,1588.77,2020.99,1335.34,149.93,-2.35
India,Europe,Natural Gas,2018,Terawatt-hours (TWh),9063,13460,7668,13597,54.47,1539.33,23833.48,1307.67,311.09,2.05
India,North America,Hydro,2018,Terawatt-hours (TWh),14955,15853,8896,4900,46.64,4107.8,16655.81,1080.49,63.64,-1.04
India,North America,Wind,2015,Terawatt-hours (TWh),22055,22588,14315,1996,7.84,2789.83,16361.5,618.47,70.38,9.79
India,Oceania,Wind,2015,Terawatt-hours (TWh),46709,37565,9789,3045,16.95,1660.73,15091.51,1412.62,258.62,6.6
India,Asia,Natural Gas,2021,Terawatt-hours (TWh),4337,40513,10590,5191,68.12,2593.62,1042.05,992.04,120.39,7.62
India,Asia,Nuclear,2017,Terawatt-hours (TWh),46299,19849,3241,2232,37.1,3149.54,9623.98,834.61,98.56,1.23
India,Africa,Solar,2020,Terawatt-hours (TWh),45354,25762,13024,15173,26.62,2012.82,6976.3,271.76,131.48,4.52
India,Asia,Nuclear,2022,Terawatt-hours (TWh),5551,4377,14050,3102,26.43,906.82,16621.57,975.05,83.57,1.99
India,South America,Oil,2018,Terawatt-hours (TWh),9347,885,9560,4612,15.28,344.39,5592.52,1379.36,91.19,-0.44
India,Oceania,Coal,2021,Terawatt-hours (TWh),8199,37841,13966,15168,23.77,3699.74,16150.87,1477.83,300.46,2.91
India,Europe,Natural Gas,2024,Terawatt-hours (TWh),42496,50998,1305,16465,26.03,3494.26,17364.89,1292.61,271.73,1.79
India,Oceania,Oil,2021,Terawatt-hours (TWh),1120,28377,4680,10447,20.94,2870.35,7896.95,1020.56,153.69,-3.9
India,Europe,Nuclear,2022,Terawatt-hours (TWh),39753,35706,11157,10328,14.65,3851.64,2982.04,954.1,247.92,3.97
India,North America,Solar,2015,Terawatt-hours (TWh),36177,20194,3489,17847,69.78,4544.09,24718.45,579.93,292.34,5.27
India,Asia,Hydro,2023,Terawatt-hours (TWh),2525,20127,644,4423,9.36,245.7,20054.22,1038.75,119.35,8.72
India,North America,Solar,2015,Terawatt-hours (TWh),18982,19881,11115,17172,49.7,2367.42,17349.05,973.7,378.07,3.98
India,North America,Natural Gas,2023,Terawatt-hours (TWh),26494,31967,13344,6745,30.43,1188.59,8942.01,974.3,84.24,6.5
India,Africa,Wind,2015,Terawatt-hours (TWh),29267,2831,4300,5281,13.04,852.24,6443.47,501.27,365.11,4.77
India,Asia,Oil,2022,Terawatt-hours (TWh),5110,38411,13047,9256,37.96,3610.08,16375.14,1065.03,301.74,-1.16
India,South America,Coal,2017,Terawatt-hours (TWh),8302,47389,11858,11720,59.02,2662.45,4177.79,665.76,195.36,3.51
India,Africa,Hydro,2018,Terawatt-hours (TWh),11939,2346,10556,17018,34.98,4608.81,15090.25,1225.66,106.04,7.54
India,North America,Hydro,2019,Terawatt-hours (TWh),2514,13889,13057,10297,56.21,886.39,11499.97,724.32,73.06,0.91
India,Oceania,Nuclear,2022,Terawatt-hours (TWh),43030,43718,205,5489,44.62,657.96,19348.66,1166.41,328.25,0.69
India,North America,Coal,2022,Terawatt-hours (TWh),40876,6858,1677,7692,68.65,2281.35,3143.76,790.34,348.79,9.27
India,North America,Wind,2024,Terawatt-hours (TWh),12937,7579,10892,993,11.9,3548.4,22994.2,1159.99,99.78,-4.21
India,Oceania,Wind,2015,Terawatt-hours (TWh),15876,42390,6558,19282,65.28,3981.91,8433.43,393.5,193.75,-3.02
India,North America,Natural Gas,2019,Terawatt-hours (TWh),2120,22156,1733,16197,65.01,2505.98,15955.01,6.11,253.54,4.85
India,Asia,Natural Gas,2016,Terawatt-hours (TWh),26153,1260,3080,17658,13.9,3304.75,2836.91,675.29,109.7,0.86
India,Oceania,Oil,2019,Terawatt-hours (TWh),47241,4480,14765,14722,21.64,877.77,22727.77,1267.71,62.82,-1.66
India,Oceania,Oil,2018,Terawatt-hours (TWh),36519,3798,5379,1601,40.44,4199.8,1647.78,1390.7,159.72,-3.15
India,Europe,Hydro,2019,Terawatt-hours (TWh),41412,48098,4450,11672,50.68,1649.96,10526.26,971.43,200.81,-2.71
India,Europe,Nuclear,2023,Terawatt-hours (TWh),44797,21637,5012,3332,50.96,289.3,20059.81,988.87,198,8.45
India,Oceania,Hydro,2016,Terawatt-hours (TWh),40066,20957,6645,13999,62.67,260.38,9951.93,226.85,115.5,8.5
India,South America,Hydro,2023,Terawatt-hours (TWh),23657,35956,11895,5505,8.85,4264.44,11571.71,400.27,54.2,1.02
India,Europe,Nuclear,2020,Terawatt-hours (TWh),10325,5016,3992,15231,13.26,545.74,3091.35,61.37,251.67,-4.55
India,South America,Oil,2018,Terawatt-hours (TWh),13363,27420,2903,14426,34.96,2060.34,17678.26,934.28,183.02,8
India,North America,Natural Gas,2020,Terawatt-hours (TWh),17153,11385,10960,1353,20.99,3411.02,4222.47,1489.92,135.37,4.95
India,Oceania,Oil,2018,Terawatt-hours (TWh),49044,43442,6825,3622,55.79,648.7,14067.4,338.17,279.52,1.15
India,North America,Wind,2015,Terawatt-hours (TWh),44969,8927,14592,155,65.71,4159.32,9339.93,608.58,94.6,-0.47
India,North America,Wind,2019,Terawatt-hours (TWh),22288,12838,6153,8070,55.26,2372.88,7133.13,1317.34,341.94,6.22
India,Asia,Hydro,2020,Terawatt-hours (TWh),39145,31754,3207,2819,55.1,4737.94,5904.39,699.21,59.59,3.36
India,Asia,Natural Gas,2018,Terawatt-hours (TWh),31422,1364,9717,9633,39.22,4993.07,6109.75,1467.44,276.26,-4.51
India,Europe,Coal,2018,Terawatt-hours (TWh),5208,976,6254,14929,48.1,1053.4,4875.79,654.2,272.37,4.28
India,South America,Coal,2022,Terawatt-hours (TWh),34017,28299,1821,3729,67.37,1975.7,17795.75,1266.07,136.22,-2.71
India,Africa,Solar,2016,Terawatt-hours (TWh),8808,8400,10211,2509,31.98,2259.93,11940.01,1191.54,374.2,-2.31
India,Oceania,Natural Gas,2017,Terawatt-hours (TWh),9334,14167,12487,4197,52.33,2080.24,15028.87,876.55,204.94,-3.9
India,Africa,Hydro,2023,Terawatt-hours (TWh),49455,2989,4085,16941,24.68,172.62,23372.03,828.44,191.97,-3.14
India,Asia,Coal,2024,Terawatt-hours (TWh),45119,43138,2215,13018,53.46,3655.08,12906.11,1161.93,310.3,5.72
India,Europe,Hydro,2023,Terawatt-hours (TWh),30243,10149,9019,1821,25.52,2620.33,5361.88,1388.89,146.63,2.03
India,Asia,Coal,2020,Terawatt-hours (TWh),2443,23083,2184,3819,37.42,3655.76,11360.49,916.91,317.54,-2.95
India,South America,Nuclear,2022,Terawatt-hours (TWh),21887,1623,1745,7944,8.37,4400.95,13834.88,956.27,371.65,-3.38
India,Oceania,Hydro,2020,Terawatt-hours (TWh),22659,31196,10580,5273,24.76,4753.53,4857.32,1052.61,235.19,-1.6
India,Oceania,Oil,2019,Terawatt-hours (TWh),35019,1280,3114,5628,25.67,3851.98,22243.75,758.2,170.23,7.12
India,Asia,Nuclear,2021,Terawatt-hours (TWh),28175,13623,13198,18347,39.63,3958.73,11405.3,1375.95,234.4,2.97
India,Europe,Oil,2015,Terawatt-hours (TWh),48451,31795,2674,5401,7.29,2667.96,3233.49,23.29,381.86,7.31
India,North America,Hydro,2022,Terawatt-hours (TWh),44578,2426,7623,5463,42.18,159.66,11422.1,600.8,392.39,5.11
India,Africa,Wind,2017,Terawatt-hours (TWh),43842,27679,11736,16448,65.91,1064.91,810.92,358.73,311.69,-4.52
India,Africa,Coal,2015,Terawatt-hours (TWh),29900,27446,6311,4870,39.67,4883.84,4616.35,1374.54,347.97,-2.39
India,North America,Solar,2023,Terawatt-hours (TWh),17241,44820,5531,19843,55.83,367.58,4885.92,968.97,127.55,1.46
India,Asia,Nuclear,2018,Terawatt-hours (TWh),35683,30945,13533,13462,6.5,4825.19,15477.3,738.78,78.17,-2.7
India,North America,Coal,2015,Terawatt-hours (TWh),16806,20720,8144,12020,69.56,199.19,7156.82,695.74,135.58,9.31
India,Asia,Wind,2015,Terawatt-hours (TWh),7898,36451,8163,1801,26.53,3289.01,5766.28,1382.24,148.16,-2.48
India,Oceania,Wind,2024,Terawatt-hours (TWh),41912,10270,5094,18337,15.85,1965.52,21327.41,280.95,145.03,2.08
India,North America,Solar,2022,Terawatt-hours (TWh),18313,23694,13453,13499,33.5,618.53,18525,487.22,370.94,8.83
India,Asia,Coal,2024,Terawatt-hours (TWh),21075,19989,2994,5641,57,435.67,14666.81,699.02,233.62,9.22
India,North America,Oil,2020,Terawatt-hours (TWh),20307,40001,7056,13901,18.08,3350.06,3782.13,161.95,51.14,1.81
India,Oceania,Wind,2017,Terawatt-hours (TWh),5789,5907,7753,16943,21.69,3565.85,21954.38,1483.33,316.55,3.16
India,North America,Coal,2016,Terawatt-hours (TWh),36676,5059,12970,9663,60.73,217.15,14561.03,91.94,389.33,8.44
India,North America,Coal,2019,Terawatt-hours (TWh),41333,14337,4361,12026,61.19,1994.94,22478.5,251.05,279.89,2.94
India,North America,Solar,2021,Terawatt-hours (TWh),4622,19573,12276,5460,37.49,563.58,19256.22,1336.5,260.13,-4.77
India,Europe,Natural Gas,2023,Terawatt-hours (TWh),17338,25514,5689,6898,49.3,4883.47,5473.33,846.16,294.52,-4.61
India,North America,Oil,2016,Terawatt-hours (TWh),23125,40244,6876,12722,61.66,300.29,6803.68,1159.12,103.22,5.32
India,Oceania,Wind,2022,Terawatt-hours (TWh),989,705,5338,13310,16.1,1502.38,8729.17,750.01,128.03,8.79
India,North America,Hydro,2021,Terawatt-hours (TWh),8239,15328,5858,15248,14.05,3172.03,11552.78,412.17,311.73,8.73
India,North America,Oil,2015,Terawatt-hours (TWh),25099,17232,5620,19562,38.36,4230.51,23123.37,1025.93,252.07,-3.58
India,Oceania,Hydro,2016,Terawatt-hours (TWh),11296,36347,5713,10425,48.92,1801.92,22588.03,103.67,200.33,-4.93
India,Europe,Coal,2023,Terawatt-hours (TWh),7966,45405,12644,5829,16.78,4028.6,19866.99,988.08,327.37,-0.07
India,Oceania,Natural Gas,2016,Terawatt-hours (TWh),32428,9598,5789,13360,16.01,4702.99,11492.38,225.93,216.79,1.74
India,Oceania,Hydro,2015,Terawatt-hours (TWh),45454,10683,3749,17572,62.15,162.19,22478.24,1379.72,270.64,3.49
India,Europe,Nuclear,2021,Terawatt-hours (TWh),36922,50133,12504,15246,12.26,3822.88,3835.03,1406.44,382.89,-1.37
India,Europe,Coal,2024,Terawatt-hours (TWh),42217,51435,9636,19943,56.73,4124.51,24613.53,1291.53,133.93,5.73
India,Africa,Oil,2021,Terawatt-hours (TWh),22982,6444,3097,10428,54.83,2736.17,16452.62,1238.44,224.56,-3.08
India,Oceania,Hydro,2018,Terawatt-hours (TWh),7329,28244,8845,19635,61.18,4651.5,19809.97,1348.28,72.01,6.67
India,South America,Oil,2015,Terawatt-hours (TWh),48476,35628,4926,14407,13.98,4176.47,16469.01,485.62,269.5,5.16
India,Europe,Nuclear,2017,Terawatt-hours (TWh),32332,22029,5389,4220,15.82,4922.55,18425.01,1167.68,184.79,-4.55
India,Oceania,Solar,2020,Terawatt-hours (TWh),17009,46400,121,12494,31.64,110.56,22634.03,1326.42,176.95,7.33
India,South America,Coal,2020,Terawatt-hours (TWh),42995,50464,3911,12359,7.64,2372.32,10663.73,985.99,312.28,5.09
India,Europe,Solar,2020,Terawatt-hours (TWh),21804,18534,14652,2715,26.41,3046.87,19320.28,1486.94,102.51,-3.09
India,Africa,Nuclear,2016,Terawatt-hours (TWh),28886,7975,12575,17881,5.58,4741.74,23531.43,1053.49,271.75,6.17
India,North America,Nuclear,2022,Terawatt-hours (TWh),48447,20212,12730,489,36.89,1269.9,22041.86,1300.53,221.94,2.52
India,Africa,Hydro,2016,Terawatt-hours (TWh),43955,44559,6263,18082,33.12,3351.69,22130.33,1164.17,57.82,-2.81
India,Africa,Coal,2023,Terawatt-hours (TWh),33196,13088,7938,12787,44.61,2495.41,5325.51,462.04,245.34,7.52
India,Asia,Natural Gas,2024,Terawatt-hours (TWh),39238,37195,13584,14462,42.33,4771.98,1101.77,1096.4,52.27,8.92
India,North America,Nuclear,2021,Terawatt-hours (TWh),8324,3128,12115,18854,6.69,2604.87,4924.5,877.1,378.19,-2.45
India,South America,Hydro,2019,Terawatt-hours (TWh),35021,4359,3165,4770,54.7,3441.56,8303.26,1300.03,226.89,-0.01
India,South America,Solar,2018,Terawatt-hours (TWh),8710,31492,6264,9562,60.29,4706.58,2707.86,167.58,270.93,5.33
India,South America,Hydro,2017,Terawatt-hours (TWh),4578,35004,14051,2454,47.08,2718.36,1336.42,1204.04,357.99,-4.94
India,South America,Wind,2024,Terawatt-hours (TWh),31236,24840,1494,8892,22.92,1206.37,14656.49,1210.69,313.05,-1.53
India,Oceania,Nuclear,2018,Terawatt-hours (TWh),18726,38913,14768,9033,27.11,1859.05,2834.4,111.54,50.53,3.5
India,Europe,Solar,2018,Terawatt-hours (TWh),23128,42919,4065,14889,48.42,3684.07,4190.53,420.74,82.56,-0.26
India,Europe,Solar,2019,Terawatt-hours (TWh),42107,36908,11486,9781,48.04,982.99,17398,1410.18,149.16,-3.7
India,Oceania,Solar,2021,Terawatt-hours (TWh),31788,19284,989,15951,28.89,3534.08,13784.07,339.02,136.21,-1.79
India,Africa,Nuclear,2023,Terawatt-hours (TWh),34763,29578,706,9611,63.92,4588.96,13416.64,433.57,84.87,0.75
India,Europe,Wind,2018,Terawatt-hours (TWh),13591,42819,4330,4827,26.04,4804.63,20058.41,979.6,320.18,-2.6
India,North America,Nuclear,2024,Terawatt-hours (TWh),25312,8271,4015,16246,43.14,296.87,9556.1,746.03,160.53,6.6
India,Africa,Coal,2016,Terawatt-hours (TWh),17247,602,120,9791,65.7,2478.82,6800.99,39.61,194.73,8.14
India,South America,Nuclear,2017,Terawatt-hours (TWh),6657,6217,10863,6992,19.75,977.7,22977.85,688.73,60.55,-1.77
India,Europe,Natural Gas,2024,Terawatt-hours (TWh),21342,22296,9552,13730,9.12,1407.26,14465.91,811.66,161.04,5.25
India,Asia,Nuclear,2016,Terawatt-hours (TWh),45662,37450,6520,10114,49.18,629.28,2548.07,359.86,105.32,-2.26
India,South America,Solar,2017,Terawatt-hours (TWh),20250,5790,13575,889,24.82,1855.6,18506.82,978.67,175.27,7.5
India,Asia,Oil,2016,Terawatt-hours (TWh),44274,46337,6729,18614,26.28,762.53,2097.62,1045.86,244.36,0.07
India,Africa,Wind,2020,Terawatt-hours (TWh),13903,14093,12527,11318,19.12,756.44,6170.93,7.44,112.18,-4.22
India,Europe,Natural Gas,2017,Terawatt-hours (TWh),24846,47588,11322,764,48.75,1387.23,11359.95,324.21,214.71,1.97
India,Oceania,Wind,2024,Terawatt-hours (TWh),25381,36874,2653,18840,41.79,3218.12,23530.46,204.93,344.87,-1.51
India,Asia,Oil,2018,Terawatt-hours (TWh),20928,3278,11488,2303,45.99,1471.25,8219.29,404.37,396.52,5.77
India,Asia,Oil,2015,Terawatt-hours (TWh),42577,402,8586,6615,37.55,3332.47,17977.97,1040.01,343.11,8.12
India,Europe,Oil,2016,Terawatt-hours (TWh),14781,14753,11849,1210,11.17,351.68,12831.31,473.92,147.56,6.49
India,Asia,Wind,2022,Terawatt-hours (TWh),7102,1917,3256,14211,42.49,1409.64,20436.68,786.11,125.33,-2.44
India,Asia,Coal,2015,Terawatt-hours (TWh),11055,21897,6819,1817,67.89,1219.7,15850.91,17.97,159.56,6.34
India,Europe,Coal,2021,Terawatt-hours (TWh),34662,35302,3121,7231,63.36,1428.78,15819.46,625.35,270.46,6.44
India,Europe,Oil,2016,Terawatt-hours (TWh),32550,1235,7272,5961,6.27,3506.13,2688.12,204.3,259.2,5.41
India,South America,Wind,2015,Terawatt-hours (TWh),5234,43685,4696,7552,9.02,1795.43,8633.27,661.31,70.56,2.04
India,South America,Coal,2015,Terawatt-hours (TWh),15932,47944,5802,1008,55.89,3479.69,9551.34,510.92,276.43,2.96
India,South America,Wind,2016,Terawatt-hours (TWh),45566,4042,4841,181,7.58,3299.23,22028.9,1286.24,261.83,0.35
India,Asia,Natural Gas,2018,Terawatt-hours (TWh),13175,40157,13261,17633,8.58,468.81,1325.73,742.27,267.48,-2.42
India,Asia,Coal,2018,Terawatt-hours (TWh),27489,4260,12263,4575,24.35,2467.45,4898.81,1099.45,299.16,3.46
India,South America,Oil,2021,Terawatt-hours (TWh),23112,27603,2142,4067,14.82,4254.92,16347.8,578.67,220.23,9.43
India,Europe,Hydro,2022,Terawatt-hours (TWh),5252,23645,4313,787,8.05,3283.16,13757.22,168.89,96.41,4.7
India,North America,Nuclear,2023,Terawatt-hours (TWh),49134,49849,7326,11796,24.73,3417.96,15500.52,614.46,365.19,-1.31
India,Asia,Solar,2022,Terawatt-hours (TWh),5196,11279,4699,19009,65.41,2289.28,17858.79,779.69,191.73,8.98
India,Oceania,Natural Gas,2022,Terawatt-hours (TWh),27270,33830,7769,17921,58.11,944.32,288.3,378.23,249.6,7.36
India,South America,Solar,2015,Terawatt-hours (TWh),8527,28140,11635,7381,57.92,1314.53,10572.08,343.86,345.47,7.1
India,Oceania,Wind,2016,Terawatt-hours (TWh),29499,35701,27,19985,7.3,4624.98,2035.28,375.69,230.61,8.22
India,Oceania,Coal,2022,Terawatt-hours (TWh),14030,16022,4428,5489,30.93,4222.68,23500.43,1009.96,234.49,-3.17
India,South America,Hydro,2024,Terawatt-hours (TWh),22129,29796,3405,7021,41.82,4717.31,7076.47,127.03,161.33,-3.21
India,Africa,Wind,2019,Terawatt-hours (TWh),39788,31202,7839,4178,26.95,4718.16,4259.24,1108.49,250.93,5.11
India,North America,Nuclear,2017,Terawatt-hours (TWh),1497,16521,13446,16660,40.66,1820.43,2442.22,1159.07,186.91,-3.26
India,Africa,Nuclear,2017,Terawatt-hours (TWh),12154,37456,11635,19525,32.05,4862.97,2138.67,1482.64,280.31,-2.53
India,Africa,Oil,2018,Terawatt-hours (TWh),47905,43333,978,14231,5.01,2446.82,10487.51,11.61,253.16,2.19
India,North America,Oil,2022,Terawatt-hours (TWh),5891,1167,12075,456,58.49,4081.5,19917.09,1300.09,183.11,-2.32
India,South America,Oil,2022,Terawatt-hours (TWh),47744,20990,2508,4083,26.19,4635.06,24892.62,5.86,349.23,-1.36
India,Oceania,Solar,2019,Terawatt-hours (TWh),26181,32659,5915,10830,32.41,2568.78,24320.11,1312.14,206.71,-2.45
India,North America,Hydro,2018,Terawatt-hours (TWh),20418,3647,9564,10140,18.02,4993.81,10762.39,1373.8,52.7,-2.56
India,Europe,Wind,2016,Terawatt-hours (TWh),31688,5499,3672,10270,52.54,1232.13,1602.87,251.35,232.23,-2.63
India,Europe,Coal,2021,Terawatt-hours (TWh),36588,16787,14413,18839,34.95,335.65,20874.59,712.86,55.63,3.44
India,North America,Oil,2017,Terawatt-hours (TWh),41856,13949,6626,11523,15.21,1018.67,16783.54,269.33,196.08,8.01
India,Europe,Natural Gas,2023,Terawatt-hours (TWh),28445,22634,8970,2427,43.82,2657.16,2747.44,1400.11,177.28,7.02
India,Oceania,Natural Gas,2016,Terawatt-hours (TWh),29288,24146,5026,14150,59.94,4725.03,23330.65,1077.97,259.98,9.6
India,North America,Nuclear,2024,Terawatt-hours (TWh),19080,36321,1582,13672,50.08,789.26,22314.24,759.75,300.15,-0.91
India,Oceania,Solar,2024,Terawatt-hours (TWh),29636,21844,12713,13422,7.94,3156.55,1001.3,467.88,77.18,8.13
India,Asia,Coal,2017,Terawatt-hours (TWh),10493,10089,11526,2166,37.54,4279.82,13805.74,77.55,232.47,4.97
India,Oceania,Natural Gas,2015,Terawatt-hours (TWh),6856,31141,11352,11191,31.1,3097.23,6989.68,763.54,155.38,-4.31
India,South America,Solar,2016,Terawatt-hours (TWh),1469,16657,5690,7937,25.86,2219.45,5453.31,1438.47,378.62,8.96
India,North America,Natural Gas,2021,Terawatt-hours (TWh),18723,23438,2234,12501,34.43,697.26,6780.55,33.46,385.32,-3.41
India,Europe,Solar,2023,Terawatt-hours (TWh),28013,6373,26,4056,53.46,4716.15,3617.39,277.1,202.93,-3.37
India,South America,Hydro,2020,Terawatt-hours (TWh),17779,50627,9918,6521,11.82,2142.24,24221.43,927.08,323.55,2.68
India,Europe,Coal,2017,Terawatt-hours (TWh),28468,20778,12634,15287,26.53,1872.85,22349.91,838.79,393.39,6.1
India,Africa,Oil,2018,Terawatt-hours (TWh),12022,24226,7078,10750,58,3321.82,18907.64,1090.31,116.72,7.83
India,Europe,Nuclear,2023,Terawatt-hours (TWh),14562,48176,5647,19937,22.96,4144.08,11596.01,567.68,116.77,-3.93
India,Oceania,Hydro,2016,Terawatt-hours (TWh),18148,20817,11226,13778,14.19,3862.45,3573.32,441.56,348.07,-0.79
India,Asia,Coal,2016,Terawatt-hours (TWh),28109,30402,14189,2884,60.4,4505.69,2418.52,1053.4,233.9,5.24
India,South America,Coal,2016,Terawatt-hours (TWh),14225,6059,9009,9971,62.21,2481.89,14113.29,494.02,59.95,-2.27
India,Africa,Hydro,2015,Terawatt-hours (TWh),43543,27403,4133,11157,45.97,2192.07,21121.42,1462.14,59.88,3.29
India,Europe,Nuclear,2020,Terawatt-hours (TWh),17205,27572,6601,6661,49.32,3834.16,6447.7,971.57,254.96,-1.3
India,Europe,Oil,2024,Terawatt-hours (TWh),45700,1268,4022,13104,42.16,2298.38,12378.57,963.54,100.94,2.91
India,South America,Nuclear,2022,Terawatt-hours (TWh),7125,47891,14183,1831,59.79,4172.03,19368.06,1288.48,206.02,6.5
India,North America,Coal,2020,Terawatt-hours (TWh),24070,25262,7304,1719,46.2,3204.42,343.31,292.62,137.06,5.87
India,Oceania,Solar,2019,Terawatt-hours (TWh),5656,43450,5599,11494,63.15,774.68,23092.52,706.55,357.16,1.03
India,Oceania,Wind,2023,Terawatt-hours (TWh),46956,17483,7791,16154,42.56,2549.49,22935.37,176.31,296.84,-0.95
India,South America,Natural Gas,2023,Terawatt-hours (TWh),13934,41422,14855,5786,7.09,4886.04,12900.96,1101.91,257.49,5.7
India,Oceania,Coal,2017,Terawatt-hours (TWh),26914,27731,13844,19481,53.64,4666.36,23498.89,107.05,110.17,7.39
India,Europe,Oil,2024,Terawatt-hours (TWh),32352,38640,13224,2533,42.77,2123.26,2161.3,368.47,105.17,-1.69
India,Africa,Oil,2016,Terawatt-hours (TWh),37489,14096,2771,7238,13.49,294.79,14457.19,1474.97,329.8,-4.37
India,Oceania,Nuclear,2023,Terawatt-hours (TWh),26872,18190,10569,4496,39.6,4058.64,12231.58,705.69,292.23,9.84
India,Oceania,Coal,2016,Terawatt-hours (TWh),41196,38715,12715,13832,49.37,1811.32,9216.26,862.1,166.18,3.18
India,North America,Solar,2016,Terawatt-hours (TWh),29518,21883,13590,6349,63.2,272.28,21162.52,913.52,243.04,7.69
India,Africa,Hydro,2015,Terawatt-hours (TWh),39949,15651,11194,13160,28.96,495.59,12320.07,1075.85,166.64,5.66
India,Asia,Solar,2015,Terawatt-hours (TWh),43059,2960,10141,12448,28.86,1126.54,18525.22,744.13,379.29,-4.15
India,South America,Wind,2020,Terawatt-hours (TWh),6823,43136,1610,4254,14.45,2823.39,5321.49,29.47,106.12,1.75
India,Europe,Nuclear,2016,Terawatt-hours (TWh),9800,43878,7069,11830,14.76,857.36,2196.84,33.56,207.9,-4.43
India,Asia,Coal,2024,Terawatt-hours (TWh),5872,28112,6466,19855,20.29,4982.48,17468.99,707.51,59.01,6.91
India,South America,Coal,2023,Terawatt-hours (TWh),28285,32439,9502,12101,25.18,3210.96,17440.08,1115.88,397.46,6.27
India,Europe,Oil,2020,Terawatt-hours (TWh),34454,7529,5133,19729,13.06,885.31,22183.38,1309.8,102.56,8.78
India,Europe,Hydro,2021,Terawatt-hours (TWh),29171,42123,7471,4482,52.91,1599.2,21820.8,1299.22,134.72,-2.53
India,Asia,Hydro,2019,Terawatt-hours (TWh),15454,34187,14792,1981,53.18,1599.56,11758.49,1474.43,218.34,6.9
India,Europe,Coal,2016,Terawatt-hours (TWh),38717,6306,3667,17593,42.14,2964.49,5824.55,1125.8,56.36,5.78
India,Oceania,Hydro,2016,Terawatt-hours (TWh),22566,29507,12495,4978,32.56,3636.72,8539.44,521.42,245.23,4.45
India,South America,Solar,2023,Terawatt-hours (TWh),36689,18213,10015,4856,13.67,1125.92,5657.89,887.58,65,1.61
India,Africa,Nuclear,2016,Terawatt-hours (TWh),4525,31307,14732,16188,26.91,975.89,16148.82,1073.75,369.12,-4.44
India,Africa,Hydro,2016,Terawatt-hours (TWh),7241,15848,8868,3107,34.3,2484.94,7884.36,336.03,141.7,7.26
India,South America,Natural Gas,2016,Terawatt-hours (TWh),36519,21939,9755,16195,55.78,1656.88,23515.34,829.64,386.78,9.12
India,Oceania,Wind,2019,Terawatt-hours (TWh),37042,3432,10943,2187,13.51,2920.66,18279.23,856.31,187.21,6.29
India,Europe,Natural Gas,2021,Terawatt-hours (TWh),24308,43256,8089,8910,27.99,3986.89,11553.38,765.56,170.17,8.03
India,Africa,Oil,2016,Terawatt-hours (TWh),16757,975,11138,13918,21.07,4098.43,12295.53,1160.85,99.29,-4.06
India,South America,Coal,2020,Terawatt-hours (TWh),37093,19299,1951,11486,41.3,1758.84,7035.54,42.82,203.01,6.3
India,Oceania,Nuclear,2017,Terawatt-hours (TWh),5730,30752,3631,918,46.5,913.3,4077.03,288.79,364.39,-1.42
India,Oceania,Oil,2017,Terawatt-hours (TWh),43523,9498,2343,11622,16.13,2503.74,5458.85,598.88,172.52,7.64
India,Asia,Solar,2016,Terawatt-hours (TWh),19570,6744,4014,12364,58.08,1640.94,9673.5,755.7,200.35,7.47
India,Europe,Natural Gas,2015,Terawatt-hours (TWh),6566,27766,348,4075,43.26,1993.03,16652.31,1158.04,73.6,5.88
India,South America,Oil,2016,Terawatt-hours (TWh),39306,47246,1022,1771,66.56,2496.06,21338.77,808.54,72.03,-0.71
India,Africa,Solar,2015,Terawatt-hours (TWh),33988,22484,12787,4079,64.76,1021.43,5918.91,1004.81,210,0.08
India,Europe,Natural Gas,2023,Terawatt-hours (TWh),6091,28363,3485,10551,49.86,1230.05,12876.98,223.23,153.29,5.48
India,Africa,Nuclear,2022,Terawatt-hours (TWh),6616,5391,13410,6739,33.2,421.33,7477,1291.97,114.17,9.03
India,Asia,Solar,2024,Terawatt-hours (TWh),48549,44402,9491,15706,55.4,2021.25,8742.81,750.35,333.75,-2.97
India,Africa,Wind,2021,Terawatt-hours (TWh),40820,9577,7016,13106,30.96,432.24,22070.31,116.48,229.89,9.8
India,Africa,Coal,2023,Terawatt-hours (TWh),22658,21831,3590,15396,15.97,2057.68,16402.96,940.84,322.82,1.48
India,Asia,Hydro,2017,Terawatt-hours (TWh),37988,9474,4697,4876,63.8,309.65,10997.31,607.02,150.42,-0.64
India,Asia,Natural Gas,2016,Terawatt-hours (TWh),12370,39587,2173,2134,10.83,3895.71,1062.37,342.83,183.43,-3.16
India,North America,Hydro,2023,Terawatt-hours (TWh),43302,20980,9129,18134,9.94,1841.56,3431.59,795.47,289.34,1.05
India,Asia,Solar,2018,Terawatt-hours (TWh),13615,37884,12272,10494,8.58,3779.91,11567.15,857.63,79.31,0.22
India,Europe,Wind,2019,Terawatt-hours (TWh),37450,5667,145,11870,13.95,3339.64,22605.03,118.48,83.28,1.13
India,North America,Coal,2024,Terawatt-hours (TWh),13916,39115,5559,15509,36.92,236.57,16619.81,762.08,81.86,-0.2
India,North America,Oil,2024,Terawatt-hours (TWh),10992,31668,13430,12297,44.89,2918.04,13577.68,608.22,301.16,4.25
India,Africa,Nuclear,2017,Terawatt-hours (TWh),25307,4606,2312,3198,24.83,320.07,24560.1,325.36,311.36,3.89
India,Oceania,Wind,2021,Terawatt-hours (TWh),12866,19748,10497,13930,22.89,4511.39,19643.48,1478.18,84.24,5.05
India,South America,Wind,2022,Terawatt-hours (TWh),19315,42518,1350,10658,17.53,255.31,17774.45,668.64,190,-1.49
India,South America,Natural Gas,2023,Terawatt-hours (TWh),45721,38207,9899,6803,49.24,2107.88,8345.8,523.55,399.81,5.02
India,South America,Nuclear,2018,Terawatt-hours (TWh),33985,41167,14318,14004,42.68,3439.25,21545.06,489.16,133.15,2.95
India,South America,Natural Gas,2016,Terawatt-hours (TWh),14391,51656,6063,19751,11.11,4118.14,22277.77,426.73,110.67,7.81
India,Asia,Solar,2016,Terawatt-hours (TWh),15514,15259,1542,17327,55.04,1899.77,15632.04,626.73,71.44,2.95
India,Oceania,Solar,2020,Terawatt-hours (TWh),38464,17207,11167,12251,64.71,2241.42,305.52,160.6,247.03,-4.59
India,Europe,Hydro,2016,Terawatt-hours (TWh),25774,11173,13406,8058,27.13,3109.55,16322.21,316.11,312.33,8.32
India,North America,Nuclear,2015,Terawatt-hours (TWh),13694,45090,14186,8567,18.82,623.07,9985.23,390.84,288.06,6.83
India,North America,Nuclear,2019,Terawatt-hours (TWh),14175,48510,12199,11063,23,1976.65,2924.38,1093.68,260.43,9.82
India,Asia,Oil,2020,Terawatt-hours (TWh),41253,2019,13923,17019,59.69,3820.18,14642.2,123.21,399.28,2.39
India,Africa,Solar,2020,Terawatt-hours (TWh),45968,13285,13728,19613,36.62,68.34,19412.51,519.37,87.63,2.27
India,Oceania,Coal,2016,Terawatt-hours (TWh),14768,24819,3806,1543,43.05,1785.68,23341.51,570.99,62.36,1.06
India,Oceania,Nuclear,2020,Terawatt-hours (TWh),41042,31345,2109,3636,19.72,1463.56,14344.03,197.45,173.9,6.64
India,Europe,Coal,2018,Terawatt-hours (TWh),47824,21034,11349,11556,40.72,1872.05,24189.1,1106.14,189.93,-3.84
India,South America,Solar,2023,Terawatt-hours (TWh),33814,50182,14536,3469,17.81,245.56,3975.69,1183.28,293.72,-2.2
India,North America,Coal,2015,Terawatt-hours (TWh),44733,49319,2350,5684,18.53,1505.16,10273.14,1134.88,291.59,6.85
India,Oceania,Nuclear,2017,Terawatt-hours (TWh),38976,47281,2569,19885,22.3,1839.67,699.45,1478.72,397.82,0.91
India,North America,Natural Gas,2019,Terawatt-hours (TWh),26761,30808,6972,211,29.29,3179.39,3931.23,793.44,331.88,4.71
India,South America,Hydro,2016,Terawatt-hours (TWh),4797,21840,677,16305,7.8,4800.15,20410.1,308.38,337.34,3.92
India,Asia,Nuclear,2017,Terawatt-hours (TWh),19832,26480,11102,12505,69.58,3492.71,11950.16,742.94,174.08,4.48
India,Europe,Hydro,2023,Terawatt-hours (TWh),47423,13324,10299,15327,12.6,3309.65,17408.04,434.58,324.97,-1.96
India,Asia,Wind,2022,Terawatt-hours (TWh),9700,49097,5220,14968,69.75,4947.8,1094.81,54.65,242.21,5.98
India,Europe,Oil,2015,Terawatt-hours (TWh),32234,29029,7076,5020,5.14,107.24,20330.69,1453.19,240.9,1.48
India,Oceania,Solar,2024,Terawatt-hours (TWh),42528,2086,13844,17681,7.09,4018.76,20182.48,957.72,221.79,-2.53
India,Europe,Solar,2019,Terawatt-hours (TWh),37769,29600,3708,12872,36.6,1988.2,13425.7,530.87,294.74,7.52
India,South America,Hydro,2024,Terawatt-hours (TWh),27919,13031,3659,13555,11.4,1944.36,20999.26,886.93,282.95,-3.52
India,South America,Oil,2017,Terawatt-hours (TWh),36352,27586,4802,8256,58.69,2990.66,9891.41,585.59,93.02,-3.4
India,Europe,Oil,2023,Terawatt-hours (TWh),37016,29948,10721,3560,63.41,2795.66,5300.08,1438.46,57.15,3.59
India,Oceania,Coal,2023,Terawatt-hours (TWh),1437,34249,13877,9309,43.61,1899.7,6516.54,870.97,300.64,9.9
India,South America,Wind,2015,Terawatt-hours (TWh),921,48850,6325,910,18.54,1349.63,4268.34,1480.01,207.97,-0.18
India,Oceania,Nuclear,2015,Terawatt-hours (TWh),45399,7228,2511,19829,45.52,1832.44,10413.82,92.98,60.66,3.86
India,Oceania,Hydro,2022,Terawatt-hours (TWh),7816,49614,8298,5647,39.2,2001.34,6146.2,821.36,295.71,1.83
India,South America,Coal,2023,Terawatt-hours (TWh),4611,41018,11160,18093,32.4,2984.05,7931.11,260.69,251.42,-4.91
India,Asia,Solar,2017,Terawatt-hours (TWh),29650,21897,13272,15100,53.93,4844.21,13344.63,618.08,251.88,-3.49
India,South America,Nuclear,2018,Terawatt-hours (TWh),49695,3772,11828,3277,22.84,993.61,3156.41,231.25,185.46,4.45
India,South America,Coal,2018,Terawatt-hours (TWh),4663,46040,13766,3141,32.37,1205.13,21531.54,435.63,394.95,-2.72
India,Africa,Nuclear,2015,Terawatt-hours (TWh),41294,6962,878,11068,34.04,1701.18,20580.36,705.41,79.83,8.3
India,North America,Natural Gas,2015,Terawatt-hours (TWh),42287,7413,10704,14256,12.31,4243.09,2564,106.16,144.17,-2.99
India,Asia,Oil,2022,Terawatt-hours (TWh),36207,20869,9306,18258,18.71,3154.92,1297.3,192.27,195.25,-0.23
India,Asia,Oil,2018,Terawatt-hours (TWh),39148,37635,5220,14919,47.86,122.2,22361.56,748.13,193.47,8.43
India,Europe,Wind,2020,Terawatt-hours (TWh),26709,27997,8925,18069,53.78,917.78,9002.92,798.15,298.5,-3.95
India,South America,Solar,2024,Terawatt-hours (TWh),37434,12308,12620,9535,54.98,1305.06,4032.24,1276.7,122.76,-0.2
India,Europe,Oil,2015,Terawatt-hours (TWh),17930,14665,10971,12996,30.76,3234.28,24899.33,129.62,349.98,8.83
India,Asia,Nuclear,2020,Terawatt-hours (TWh),16441,17505,2709,9675,43.44,2447.98,21624.49,649.64,69.1,3.21
India,Oceania,Coal,2017,Terawatt-hours (TWh),1000,14810,9507,14030,56.08,3068.8,23851.13,620.28,344.67,8.4
India,Oceania,Nuclear,2017,Terawatt-hours (TWh),17999,2856,9929,3654,67.05,3328.12,5165.05,1226.72,257.11,-3.31
India,Africa,Oil,2024,Terawatt-hours (TWh),28200,46128,3801,3098,45.94,1644.81,802.01,1402.51,283.99,-2.27
India,Oceania,Natural Gas,2024,Terawatt-hours (TWh),30485,3073,12845,14254,30.17,1103.17,14766.29,344.18,332.58,-0.93
India,North America,Wind,2020,Terawatt-hours (TWh),40238,11022,1318,4778,22.69,2740.68,23755.52,237.63,229.77,-4.04
India,Oceania,Solar,2022,Terawatt-hours (TWh),29061,805,10425,19042,63.85,2910.68,12981.54,19.54,179.29,1.58
India,Europe,Solar,2023,Terawatt-hours (TWh),35360,45476,8766,10079,44.04,4983.38,17598.84,1183.77,270.96,5.66
India,Oceania,Solar,2020,Terawatt-hours (TWh),34896,25651,6265,9074,24.2,844.16,15786.65,1035.11,115.74,-2.17
India,Oceania,Coal,2021,Terawatt-hours (TWh),43057,1219,1025,16643,29.72,4491.37,18353.92,660.11,185.89,-4.98
India,Europe,Solar,2020,Terawatt-hours (TWh),35518,50829,12602,11443,26.68,3968.84,7224.72,573.31,227.58,-4.41
India,South America,Solar,2017,Terawatt-hours (TWh),47901,13781,13286,2388,43.81,723.6,2552.75,1310.85,139.6,9.01
India,South America,Oil,2018,Terawatt-hours (TWh),28074,788,7309,11309,45.36,1505.31,14329.44,1252.53,314.21,5.75
India,Asia,Solar,2024,Terawatt-hours (TWh),11141,9027,4835,4170,20.33,711.79,6502.25,1419.96,380.89,8.84
India,North America,Coal,2023,Terawatt-hours (TWh),40148,47984,8516,16526,22.14,3371.42,5432.46,272.91,159.7,3.65
India,Asia,Wind,2017,Terawatt-hours (TWh),13999,12558,11991,16771,51.47,2601.46,2485.97,1478.82,311.21,3.17
India,South America,Nuclear,2023,Terawatt-hours (TWh),19482,51138,9635,7676,17.48,2068.55,18506.3,22.81,164.26,0.16
India,Africa,Natural Gas,2015,Terawatt-hours (TWh),38025,51820,2997,19800,16.26,2167.21,8161.02,300.84,125.07,0.46
India,Asia,Hydro,2018,Terawatt-hours (TWh),15651,6887,4431,7135,61.59,1659.9,7382.72,130.96,234.16,-1.06
India,Asia,Nuclear,2015,Terawatt-hours (TWh),1099,43440,3924,19653,27.15,212.03,13972.97,1360.16,335.46,-4.3
India,South America,Oil,2021,Terawatt-hours (TWh),4209,2155,8872,16824,41.94,625.86,9201.86,1023.86,189.07,1.81
India,Asia,Wind,2024,Terawatt-hours (TWh),38710,44102,12642,10014,67.11,2472.02,24692.57,1417.53,360.27,1.86
India,Asia,Solar,2023,Terawatt-hours (TWh),23583,1376,8083,13284,43.6,3142.06,20910.86,716.85,192.99,6.61
India,South America,Coal,2024,Terawatt-hours (TWh),37539,45059,10227,15775,44.77,1693.15,19521.81,1460.5,60.27,2.59
India,Oceania,Wind,2020,Terawatt-hours (TWh),22000,11517,9853,291,29.51,1145.62,7455.19,764.09,71.62,0.95
India,North America,Oil,2022,Terawatt-hours (TWh),31306,29317,4789,13111,50.02,4221.57,24548.27,71.69,236.82,-1.3
India,Oceania,Coal,2018,Terawatt-hours (TWh),13360,4490,5640,2043,65.57,658.39,4934.69,1115.18,142.56,-2.16
India,North America,Wind,2024,Terawatt-hours (TWh),14747,23740,10736,1702,68.33,4139,8260.36,768.45,167.09,7.98
India,Europe,Wind,2017,Terawatt-hours (TWh),19730,9652,13092,12762,69.41,92.58,10206.37,1499.34,323.21,5.88
India,South America,Oil,2016,Terawatt-hours (TWh),16433,15065,12129,2036,53.22,3330.17,10858.91,1286.26,301.88,-4.6
India,Oceania,Coal,2023,Terawatt-hours (TWh),31456,49471,12654,6863,68.22,4293.2,2477.93,126.48,162.02,8.37
India,Asia,Coal,2021,Terawatt-hours (TWh),16803,3367,1358,12947,32.04,319.88,14247.49,595.7,205.14,-0.29
India,Africa,Nuclear,2021,Terawatt-hours (TWh),24531,25195,10674,19232,45.75,1098,7625.79,842.44,278,5.78
India,Africa,Hydro,2023,Terawatt-hours (TWh),17140,43682,12143,18703,68.5,4023.05,14412.84,60.05,317.15,-1.34
India,Asia,Nuclear,2022,Terawatt-hours (TWh),42517,30429,9966,11606,11.38,1514.76,8144.04,446.98,109.21,8.31
India,North America,Natural Gas,2023,Terawatt-hours (TWh),30407,30478,119,19208,14.93,1310.35,23983.12,809.73,231.11,2.84
India,Africa,Solar,2024,Terawatt-hours (TWh),45911,39035,4768,19512,41.94,1000.12,16486.03,724.6,219.92,6.76
India,Africa,Wind,2020,Terawatt-hours (TWh),9056,8611,408,6632,59.06,3711.11,4172.48,130.11,158.58,8.27
India,Africa,Wind,2017,Terawatt-hours (TWh),43086,16735,2267,7398,53.97,1909.8,9111.37,1448.43,179.68,6.54
India,South America,Solar,2023,Terawatt-hours (TWh),36820,28402,5773,2300,20.52,4835.74,6249.82,1046.4,134.79,1.45
India,Africa,Wind,2017,Terawatt-hours (TWh),16818,44324,10023,16897,52.19,3510.44,20240.14,367.14,99.73,-1.84
India,North America,Natural Gas,2021,Terawatt-hours (TWh),40366,36327,8946,9815,5.39,4349.58,18935.26,598.42,119.72,-4.14
India,Oceania,Nuclear,2015,Terawatt-hours (TWh),27928,34914,4927,2238,41.34,3501.12,14742.81,323.48,369.32,1.23
India,Oceania,Nuclear,2019,Terawatt-hours (TWh),3517,37164,6816,9018,7.07,4467.86,14871.48,1139.89,296.98,7.82
India,North America,Natural Gas,2016,Terawatt-hours (TWh),10502,14084,12105,1637,17.14,863.94,23980.79,1355.47,82.51,6.03
India,Oceania,Natural Gas,2021,Terawatt-hours (TWh),34020,32263,13946,19671,7.6,4877.68,24787.41,963.53,175.65,-4.18
India,Asia,Oil,2019,Terawatt-hours (TWh),27548,28729,11616,2861,66.31,1864.59,23295.28,1323.8,393.41,9.86
India,South America,Nuclear,2024,Terawatt-hours (TWh),29125,40641,14844,5221,46.46,373.77,5959.82,307.21,334.52,-4.9
India,Africa,Solar,2023,Terawatt-hours (TWh),14290,13801,927,19592,64.58,4736.16,17183.32,16.31,309.54,1.44
India,South America,Coal,2022,Terawatt-hours (TWh),5009,14281,2368,14764,28.33,1711.85,5386.09,520.61,356.41,3.23
India,South America,Oil,2017,Terawatt-hours (TWh),10404,45287,9930,4908,47.43,4173.81,22669.42,1383.95,99.22,0.45
India,Oceania,Oil,2019,Terawatt-hours (TWh),12916,25250,7898,8845,63.76,4605.3,16688.43,399.52,209.02,3.19
India,Asia,Hydro,2015,Terawatt-hours (TWh),7380,533,3226,15053,65.65,3674.93,23146.56,816.79,232.58,-4.82
India,North America,Wind,2019,Terawatt-hours (TWh),22936,32080,9169,10112,34.59,3694.28,16306.44,562.46,392.23,0.84
India,Europe,Oil,2020,Terawatt-hours (TWh),25143,48751,11236,16256,62.96,4362.58,19133.67,412.09,131,7.49
India,Asia,Natural Gas,2015,Terawatt-hours (TWh),26008,34383,6907,11498,16.08,1026.8,1208.53,493.01,341.9,6.01
India,North America,Natural Gas,2020,Terawatt-hours (TWh),40023,11643,3364,1958,49.59,3375.21,4900.39,475.23,60.55,5.17
India,Asia,Nuclear,2021,Terawatt-hours (TWh),44398,532,6768,17680,46.6,660.65,1270.53,1269.25,370.36,5.06
India,South America,Solar,2015,Terawatt-hours (TWh),19388,43251,5696,14275,69.17,475.4,19866.4,403.63,169.89,0
India,Africa,Solar,2021,Terawatt-hours (TWh),4994,15311,10173,785,56.9,2716.15,11873.63,1132.39,319.45,-1.95
India,Europe,Oil,2022,Terawatt-hours (TWh),34547,20464,11142,227,17.6,353.96,12019.59,126.74,226.83,7.87
India,South America,Wind,2016,Terawatt-hours (TWh),3840,18907,2398,11568,61.26,1860.67,4403.46,948.24,77.95,9.02
India,Oceania,Natural Gas,2022,Terawatt-hours (TWh),43079,48083,1238,19932,49.56,381.69,22645.4,927.87,353.01,8.42
India,North America,Nuclear,2021,Terawatt-hours (TWh),47525,18745,2534,6003,23.28,4955.3,21479.02,455.42,137.39,-3.11
India,Oceania,Wind,2021,Terawatt-hours (TWh),45500,42726,4242,8929,61.69,767.34,12009.69,735.19,252.35,-2.02
India,North America,Wind,2018,Terawatt-hours (TWh),12709,14645,10346,1329,7.28,3849.73,7385.65,829.67,350.68,-3.44
India,South America,Oil,2021,Terawatt-hours (TWh),47585,48846,5755,12538,62.51,734.8,8234.4,114.57,391.27,2.02
India,Asia,Coal,2019,Terawatt-hours (TWh),24314,40362,6866,17504,20.53,2378.26,19696.4,1264.4,173.7,7.24
India,North America,Coal,2019,Terawatt-hours (TWh),16602,16600,793,5270,43.34,3957.92,4736.96,391.16,260.23,-1.68
India,South America,Wind,2020,Terawatt-hours (TWh),31977,41206,1186,18261,14.24,851.05,6190.89,460.31,141.65,3.17
India,North America,Hydro,2023,Terawatt-hours (TWh),24306,11114,7419,6303,48.21,3052.02,398.19,946.07,237.27,6.18
India,North America,Hydro,2015,Terawatt-hours (TWh),23448,21721,12711,13249,43.62,4895.79,7831.37,473.14,307.58,3.28
India,South America,Hydro,2017,Terawatt-hours (TWh),27323,29637,10411,18013,21.36,3936.9,12120.12,521.75,84.15,7.32
India,Europe,Solar,2019,Terawatt-hours (TWh),46032,36980,7007,213,20.53,892.03,7745.67,571.81,139.51,3.92
India,South America,Hydro,2019,Terawatt-hours (TWh),24340,37045,1161,785,60.62,558.66,9286.73,1002.68,102.46,6.46
India,Europe,Oil,2017,Terawatt-hours (TWh),35254,19462,7318,7445,53.28,2347.71,6024.61,676.74,198.71,0.99
India,Oceania,Solar,2021,Terawatt-hours (TWh),37054,1241,844,18027,35.92,3649.45,1787.77,435.98,102,0.28
India,Oceania,Natural Gas,2019,Terawatt-hours (TWh),33191,9321,1263,17027,11.33,2235.81,20608.23,126.48,161.16,-3.94
India,North America,Solar,2024,Terawatt-hours (TWh),7159,4749,2934,8217,20.76,3940.01,2094.04,389.86,80.55,1.4
India,South America,Oil,2016,Terawatt-hours (TWh),7135,13301,5655,17488,42.55,4968.18,11237.79,226.02,269.45,-0.53
India,North America,Hydro,2015,Terawatt-hours (TWh),32168,30499,2448,13808,21.05,709.97,23135.34,876.28,207.37,9.99
India,Europe,Natural Gas,2019,Terawatt-hours (TWh),49871,21108,5896,3884,49.12,2741.52,5364.62,915.72,92.73,8.2
India,Africa,Solar,2018,Terawatt-hours (TWh),9719,47285,1203,732,37.46,2379.15,11306.98,14.81,53.06,-2.83
India,Europe,Wind,2019,Terawatt-hours (TWh),14772,16265,2264,1803,45.13,1479.58,21077.11,1476.89,227.56,8.73
India,South America,Coal,2020,Terawatt-hours (TWh),7904,10660,6857,13028,8.99,4540.69,3630.73,1283.56,365.71,9.07
India,Europe,Coal,2024,Terawatt-hours (TWh),14566,37418,8748,17618,54.75,3752.34,2736.51,671.28,255.52,-4.45
India,Africa,Wind,2018,Terawatt-hours (TWh),38561,45287,13658,1719,49.54,3870.87,14474.54,1019.77,174.71,5.36
India,Asia,Nuclear,2017,Terawatt-hours (TWh),7742,29177,1387,9543,21.57,2501.78,4643.89,534.15,142.86,9.82
India,Africa,Hydro,2022,Terawatt-hours (TWh),10441,43330,641,2289,53.37,3355.81,15041.47,750.58,166.88,3.76
India,Africa,Wind,2017,Terawatt-hours (TWh),11584,43884,9210,219,31.37,4564.14,8968.33,1249.6,140.74,0.15
India,Asia,Coal,2024,Terawatt-hours (TWh),47961,44401,7986,67,68.7,2840.73,22218.75,238.92,367.01,-2.24
India,Oceania,Solar,2021,Terawatt-hours (TWh),21791,46405,5217,3269,34.24,3312.79,11619.32,977.3,315.43,5.27
India,North America,Nuclear,2016,Terawatt-hours (TWh),11536,23278,5384,7393,6.83,3191.15,143,447.85,187.86,9.27
India,Africa,Coal,2024,Terawatt-hours (TWh),33470,27386,2995,12014,25.71,3096.63,14858.01,420.61,251.8,-2.89
India,North America,Coal,2017,Terawatt-hours (TWh),35595,4130,3284,19233,55.24,4285.89,16207.6,579.55,395.59,-3.14
India,Oceania,Natural Gas,2021,Terawatt-hours (TWh),36052,34963,4341,13499,31.33,4452.12,4854.33,1218.83,328.4,7.17
India,North America,Natural Gas,2017,Terawatt-hours (TWh),42904,50793,10048,11574,54.11,1718.43,15402.21,41.82,232.03,8.97
India,North America,Natural Gas,2017,Terawatt-hours (TWh),21233,30188,11341,17527,23.65,1029.69,8843.07,820.21,283.21,8.12
India,South America,Oil,2015,Terawatt-hours (TWh),7585,32228,13682,17193,52.16,440.18,2434.82,388.06,181.81,8.2
India,Oceania,Nuclear,2021,Terawatt-hours (TWh),28437,6862,6062,6473,23.45,721.47,18178.83,526.06,97.47,-3.92
India,South America,Wind,2018,Terawatt-hours (TWh),16146,23433,10452,19995,33.97,4217.81,13721.54,170.97,255.86,-0.16
India,North America,Wind,2020,Terawatt-hours (TWh),39766,19486,14773,5347,18.73,333.67,20733.33,1455.62,193.07,6.48
India,North America,Natural Gas,2022,Terawatt-hours (TWh),19925,1183,1820,13571,53.36,4764.6,10429.89,91.36,217.2,6.96
India,Africa,Coal,2019,Terawatt-hours (TWh),12695,43066,8840,11015,31.97,4033.19,14294.85,668.17,250.42,0.8
India,South America,Oil,2022,Terawatt-hours (TWh),26667,29802,11768,11196,68.96,3357.92,19651.39,363.28,392.98,-3.91
India,North America,Wind,2021,Terawatt-hours (TWh),5653,23572,11507,12271,28.15,2806.96,18777.91,386.58,320.45,2.04
India,Europe,Nuclear,2019,Terawatt-hours (TWh),43676,22464,2589,13869,38.2,400.97,21240.06,48.63,266.25,-3.75
India,Oceania,Nuclear,2023,Terawatt-hours (TWh),21378,44269,4461,16186,17.66,4140.58,238.57,957.36,275.95,-4.05
India,Oceania,Oil,2022,Terawatt-hours (TWh),12274,6437,6956,15950,43.52,2293.13,4301.59,807.39,378.99,1.79
India,North America,Coal,2024,Terawatt-hours (TWh),12642,42460,2311,12500,10.77,3345.63,22202.35,1218.31,275.22,4.09
India,South America,Natural Gas,2016,Terawatt-hours (TWh),4615,10027,3588,9110,17.98,2878.84,16342.98,54.88,371.48,1.5
India,South America,Coal,2015,Terawatt-hours (TWh),2977,51636,8963,4147,65.49,3266.26,6263.65,64.48,212.34,9.57
India,Asia,Coal,2021,Terawatt-hours (TWh),868,12468,9473,9903,55.98,760.92,24903.47,387.92,242.24,1.79
India,South America,Hydro,2018,Terawatt-hours (TWh),24426,26877,9464,6045,48.32,1439.71,16334.34,1452.08,308.91,2.5
India,Asia,Coal,2021,Terawatt-hours (TWh),47560,20837,8201,11985,8.05,3148.69,10688.2,89.78,201.2,5.54
India,Africa,Oil,2020,Terawatt-hours (TWh),28565,1300,9056,6171,6.97,1125.71,18067.41,34.52,217.21,-4.14
India,Asia,Nuclear,2024,Terawatt-hours (TWh),8211,3098,5202,4950,43.57,385.62,9724.49,352.36,163.28,4.87
India,South America,Wind,2023,Terawatt-hours (TWh),23112,35990,4705,15809,44.43,2658.67,22482.41,22.74,255.41,3.21
India,Asia,Coal,2018,Terawatt-hours (TWh),21794,29391,4664,12695,65.42,1777.71,2007.66,502.39,80.72,3.23
India,Oceania,Coal,2018,Terawatt-hours (TWh),47463,22869,9576,11038,67.99,76.65,4261.93,435.45,110.31,-3.15
India,North America,Coal,2020,Terawatt-hours (TWh),26318,3519,8292,18663,48.76,2838.74,4454.29,570.33,87.38,-4.41
India,Europe,Solar,2015,Terawatt-hours (TWh),13819,931,5263,12151,41.93,945.62,14685.76,41.12,344.64,5.23
India,Asia,Wind,2015,Terawatt-hours (TWh),7400,3810,5570,6325,21.6,166.66,22126.35,835.46,378.42,0.41
India,Asia,Wind,2019,Terawatt-hours (TWh),2660,9636,14939,10050,66.66,4352.13,21498.15,385.49,250.99,1.51
India,North America,Coal,2015,Terawatt-hours (TWh),5544,4538,5960,7376,62.47,2138.52,22279.59,929.29,372.09,-2.07
India,Africa,Hydro,2017,Terawatt-hours (TWh),10788,50701,8343,8138,43.7,226.83,14092.77,835.59,387.36,-1.23
India,Asia,Solar,2021,Terawatt-hours (TWh),35831,38495,10371,14607,10.58,3910.8,8936.46,868.38,363.65,2.78
India,Europe,Natural Gas,2016,Terawatt-hours (TWh),3462,3201,13088,13025,63.8,2814.13,2204.01,369.86,215.02,1.21
India,Asia,Wind,2023,Terawatt-hours (TWh),48605,22425,6714,19546,62.7,3099.02,17529.88,1329.35,50.9,-0.15
India,Africa,Oil,2019,Terawatt-hours (TWh),2398,35865,7763,7851,16.4,1482.81,20908.13,671.81,262.15,-0.69
India,Africa,Nuclear,2015,Terawatt-hours (TWh),18538,15762,14608,6462,41.11,2952.07,5103.56,644.43,190.55,-1.11
India,Asia,Coal,2024,Terawatt-hours (TWh),17475,47099,12817,13307,12.22,4670.97,3138.11,558.49,395.2,4.79
India,Oceania,Solar,2015,Terawatt-hours (TWh),7467,23288,3417,2377,53.56,1119.7,6977.05,805.79,124.09,6.41
India,Africa,Solar,2020,Terawatt-hours (TWh),788,44729,7300,4124,21.96,3059.32,17578.9,1378.31,323.32,5.41
India,North America,Nuclear,2017,Terawatt-hours (TWh),30359,17339,792,13169,19.09,4183.16,22685.24,455.32,351.98,1.96
India,Oceania,Hydro,2019,Terawatt-hours (TWh),44124,39637,13475,8111,30.57,2224.53,3699.68,582.86,219.05,4.93
India,Africa,Natural Gas,2015,Terawatt-hours (TWh),33996,21136,11432,12093,60.05,2211.07,3804.05,268.92,239.94,8.65
India,South America,Nuclear,2024,Terawatt-hours (TWh),1875,22275,12048,15001,24.5,4262.82,6441.39,426.63,92.22,1.84
India,South America,Wind,2016,Terawatt-hours (TWh),15470,42264,13120,9509,39.43,416.07,71.41,441.7,372.7,6.99
India,Europe,Oil,2023,Terawatt-hours (TWh),18038,37878,14830,360,8.47,3413.05,15059.19,690.35,105.25,3.21
India,Africa,Nuclear,2016,Terawatt-hours (TWh),46931,43381,11699,18612,14.46,1691.31,8752.83,1368.35,104.36,1.58
India,Africa,Natural Gas,2021,Terawatt-hours (TWh),25069,2439,7317,1838,11.14,1650.97,3266.09,1145.35,282.41,-4.65
India,Oceania,Natural Gas,2018,Terawatt-hours (TWh),7568,20073,7744,17279,20.08,3538.15,340.72,1033.26,281.09,-1.95
India,Europe,Hydro,2020,Terawatt-hours (TWh),7057,42812,159,5913,32.75,2572.63,9641.06,591.73,284.8,-0.71
India,North America,Coal,2023,Terawatt-hours (TWh),3831,1493,8354,4561,28.11,610.52,7468.81,16.26,273.51,3.52
India,Oceania,Coal,2020,Terawatt-hours (TWh),42349,504,7570,2358,12.06,2690.86,6585.88,994.9,303.55,5.03
India,Asia,Nuclear,2015,Terawatt-hours (TWh),21310,50594,8833,19003,51.01,1359.86,8847.35,418.35,201.99,8.92
India,Europe,Oil,2020,Terawatt-hours (TWh),41279,19277,14129,18418,29.78,3278.58,152.23,764.6,170.79,3.71
India,Oceania,Oil,2016,Terawatt-hours (TWh),20955,13239,11260,17459,66.89,4650.68,12314.2,1232.37,392.7,1.54
India,Africa,Nuclear,2023,Terawatt-hours (TWh),42752,18881,13199,13453,27.53,124.35,22740.59,774.95,277.04,-4.84
India,Europe,Coal,2016,Terawatt-hours (TWh),1294,32649,2525,18288,27.61,4804.97,20214.36,1143.38,358.86,5.02
India,Asia,Coal,2019,Terawatt-hours (TWh),22200,38684,12106,11544,26.2,2640.3,19445.16,140,247.65,0.89
India,South America,Hydro,2017,Terawatt-hours (TWh),22734,36097,12682,6784,32.56,3595.19,20166.17,1370.14,237.86,-2.58
India,Africa,Oil,2020,Terawatt-hours (TWh),15826,25293,3362,14093,14.56,439.66,5532.16,524.83,246.67,7.17
India,South America,Oil,2016,Terawatt-hours (TWh),41086,49306,9664,13349,64.08,3433.98,13302.64,1339.06,67.87,2.02
India,Europe,Oil,2020,Terawatt-hours (TWh),3515,13821,10789,991,17.58,4154.37,17389.39,1302.35,112.51,0.16
India,Europe,Nuclear,2023,Terawatt-hours (TWh),9026,7770,14508,4701,59.21,522.39,14078.19,1194.66,388.98,-0.09
India,Africa,Oil,2020,Terawatt-hours (TWh),7342,29916,11585,13060,51.06,2677.3,23445.46,1274.37,288.77,4.5
India,North America,Solar,2020,Terawatt-hours (TWh),5929,44127,1268,14115,49.88,4807.47,16917.36,1410.99,238.99,4.99
India,Africa,Coal,2017,Terawatt-hours (TWh),39160,27832,2376,11367,40.78,2760.54,1005.72,130.64,163.11,3.21
India,Africa,Nuclear,2021,Terawatt-hours (TWh),45724,27832,11641,10892,5.15,761.53,12170.72,75.39,281.82,3.23
India,Europe,Hydro,2017,Terawatt-hours (TWh),45410,46603,7021,5644,28.64,3982.57,3787.83,1231.82,113.71,2.34
India,North America,Coal,2024,Terawatt-hours (TWh),43556,37410,6893,3619,33.94,1390.68,7753.75,398.47,382.11,3.17
India,Asia,Wind,2021,Terawatt-hours (TWh),32208,8787,807,15098,43.5,3836.51,740.48,702.65,234.3,-2.66
India,Asia,Natural Gas,2017,Terawatt-hours (TWh),2563,16258,8009,3055,13.62,2873.23,14118.61,971.41,142.55,0.3
India,Asia,Hydro,2019,Terawatt-hours (TWh),27780,38868,4639,18587,17.81,238.89,1450.86,1312.69,84.02,1.79
India,Asia,Wind,2017,Terawatt-hours (TWh),49932,40581,6733,14469,64.45,1386.83,2392.51,767.93,264.31,-1.81
India,Africa,Hydro,2017,Terawatt-hours (TWh),48919,33256,10765,12315,59.35,4712.23,16412.2,245.27,138.73,9.66
India,Africa,Solar,2020,Terawatt-hours (TWh),47435,9838,7665,3881,24.44,2776.14,7539.72,24.18,190.29,-3.77
India,Oceania,Hydro,2015,Terawatt-hours (TWh),40994,38409,8273,14046,58.72,704.9,15712.7,667.95,383.65,9.71
India,Oceania,Natural Gas,2022,Terawatt-hours (TWh),36435,38653,13345,16575,51.15,432.24,6846.7,656.7,393.53,0.23
India,Europe,Solar,2018,Terawatt-hours (TWh),12129,14806,5903,12914,24.18,3329.91,9835.74,929.37,347.52,7.7
India,North America,Solar,2022,Terawatt-hours (TWh),46572,41363,6960,12968,50.4,4727.21,22533.9,1308.84,69.19,6.59
India,Asia,Hydro,2022,Terawatt-hours (TWh),35728,21421,14423,5357,10.06,1695.21,12152.18,1071.08,188.72,0.73
India,Africa,Coal,2023,Terawatt-hours (TWh),3755,13587,12768,9978,36.63,544.19,9052.89,147.08,336.86,-2.72
India,North America,Nuclear,2017,Terawatt-hours (TWh),16529,35828,10952,2591,38.02,1175.86,7547.19,181.87,178.14,-1.89
India,Oceania,Hydro,2023,Terawatt-hours (TWh),44849,26018,4592,8853,38.44,938.32,18890.63,243.13,318.24,-4.89
India,Asia,Natural Gas,2019,Terawatt-hours (TWh),13673,27658,3344,13049,26.91,2406.57,20373.05,454.24,390.68,-0.34
India,Oceania,Oil,2015,Terawatt-hours (TWh),1397,34534,2127,18541,53.63,2407.6,21965.72,1349.61,105.81,6.37
India,Oceania,Solar,2022,Terawatt-hours (TWh),44154,38697,947,17754,31.84,3008.14,21523.66,1214.73,311.95,4.03
India,Oceania,Wind,2017,Terawatt-hours (TWh),31302,25327,11628,676,56.38,3722.67,5952.07,1017.49,350.94,3.83
India,South America,Solar,2023,Terawatt-hours (TWh),8674,5276,13487,10208,37.15,4258.79,998.33,915.7,264.54,0.06
India,Oceania,Oil,2017,Terawatt-hours (TWh),46320,19512,4739,18615,43.72,4913.41,5468.31,1375.91,346.02,4.38
India,North America,Oil,2015,Terawatt-hours (TWh),43121,50782,458,11283,49.68,3696.06,17801.88,715.31,69.4,4.35
India,South America,Wind,2021,Terawatt-hours (TWh),48766,39219,337,7148,18.66,3717.28,2567.85,432.17,315.11,9.07
India,Africa,Wind,2024,Terawatt-hours (TWh),6887,2830,8536,14414,66.57,3220.34,17033.37,799.78,314.02,1.27
India,Africa,Nuclear,2024,Terawatt-hours (TWh),35956,26659,11887,7373,13.28,4013.93,9400.83,1072.56,69.62,3.86
India,Oceania,Nuclear,2018,Terawatt-hours (TWh),36083,29501,6487,18344,57.24,3861.41,17541.32,1075.46,273.34,-4.25
India,Africa,Nuclear,2023,Terawatt-hours (TWh),7173,7453,10980,15836,31.34,4428.52,6904.26,256.62,178.09,1.86
India,North America,Solar,2016,Terawatt-hours (TWh),47400,13383,960,6422,64.58,3110.81,12524.87,1489.23,65.24,6.97
India,Oceania,Coal,2015,Terawatt-hours (TWh),10822,1107,11804,18803,7.93,4055.75,21767.83,561.45,112.47,0.38
India,South America,Coal,2016,Terawatt-hours (TWh),11795,41792,1512,10971,28.42,1662.91,18489.43,440.99,265.63,3.24
India,Europe,Natural Gas,2018,Terawatt-hours (TWh),42894,33215,2621,15791,42.72,4101.69,21576.25,633.58,117.62,-3.91
India,North America,Wind,2023,Terawatt-hours (TWh),45094,17351,6041,3177,61.27,1798.85,1345.33,634.89,302.26,1.99
India,Oceania,Natural Gas,2017,Terawatt-hours (TWh),1511,5108,13476,2104,67.26,1746.54,1515.12,19.55,274.81,-1.72
India,Europe,Solar,2021,Terawatt-hours (TWh),44442,47625,8155,10819,46.24,2817.4,4878.63,421.74,66.1,3.5
India,Asia,Nuclear,2017,Terawatt-hours (TWh),33658,12106,2532,5110,23.53,681.31,16618.06,917.04,245.68,-0.64
India,Europe,Oil,2019,Terawatt-hours (TWh),11131,10941,11690,18083,47.6,4964.41,6150.6,1422.13,165.03,6.56
India,Europe,Solar,2021,Terawatt-hours (TWh),2439,7516,10748,8087,18.51,821.63,7807.12,56.89,149.59,7.42
India,Europe,Nuclear,2017,Terawatt-hours (TWh),25441,44086,4521,7058,40.17,4199.92,18865.58,1490.86,296.11,6.49
India,South America,Oil,2023,Terawatt-hours (TWh),25344,28250,14186,869,31.97,3355.39,12455.37,81.54,328.47,7.92
India,Asia,Natural Gas,2016,Terawatt-hours (TWh),49685,24626,9112,9174,7.69,2389.32,17713.74,1458.84,312.9,7.22
India,North America,Solar,2016,Terawatt-hours (TWh),13619,28118,8857,18114,35.46,373.86,6116.72,631.27,118.29,-4.31
India,Asia,Solar,2016,Terawatt-hours (TWh),9153,25543,2469,7800,7.9,3355.2,5691.41,1292.93,380.29,5.06
India,North America,Natural Gas,2021,Terawatt-hours (TWh),14916,46578,1474,19431,10.88,3107.05,17973.18,535.18,219.06,-2.99
India,Europe,Hydro,2023,Terawatt-hours (TWh),10929,8187,13759,14198,45.82,858.8,688.15,327.28,361.8,-3.58
India,Africa,Oil,2016,Terawatt-hours (TWh),1909,45121,5964,19507,17.96,1284.37,7327.15,494.46,354.39,7.92
India,North America,Natural Gas,2016,Terawatt-hours (TWh),6708,29584,1212,14945,14.59,378.54,21628.76,251.52,61.39,0.38
India,Oceania,Nuclear,2016,Terawatt-hours (TWh),22462,20392,2310,4714,11.78,2504.55,15580.01,1479.6,130.53,4.74
India,Asia,Nuclear,2017,Terawatt-hours (TWh),48759,31474,1827,15757,35.84,3034.2,21549.58,921.38,346.67,-0.38
India,Africa,Oil,2022,Terawatt-hours (TWh),23571,39065,1732,2051,50.64,4135.22,16239.24,1414.2,277.34,4.71
India,Europe,Natural Gas,2017,Terawatt-hours (TWh),47628,40523,1419,19498,58.36,794.36,11232.3,611.89,350.8,-4.14
India,North America,Nuclear,2018,Terawatt-hours (TWh),1346,14782,13500,13997,20.13,1259.34,12363.3,624.09,346.57,-3.28
India,South America,Oil,2023,Terawatt-hours (TWh),24554,587,5435,11274,7.73,3619.54,20808.97,311.92,223.45,-3.76
India,Oceania,Hydro,2024,Terawatt-hours (TWh),32256,31175,5883,3178,11.18,50.46,24497.85,365.75,309.3,-2.14
India,North America,Hydro,2015,Terawatt-hours (TWh),13169,22302,11790,6101,61.85,2234.65,22512.51,1350.24,71.52,7.33
India,Africa,Oil,2022,Terawatt-hours (TWh),25584,3438,2333,12648,66.02,4719.23,21544.16,117.03,305.45,-0.36
India,Asia,Nuclear,2021,Terawatt-hours (TWh),4524,1275,1224,9647,5.41,2195.27,11779.14,88.57,302.78,7.46
India,South America,Solar,2022,Terawatt-hours (TWh),9222,1596,7528,7590,57.77,4022.16,7952.92,1143.82,265.05,7.24
India,Africa,Wind,2018,Terawatt-hours (TWh),15067,43209,11963,2548,5.55,1389.31,6889.71,291.47,335.82,-1.5
India,Oceania,Solar,2015,Terawatt-hours (TWh),49056,11627,14849,7046,5.42,1995.09,650.18,748.39,148.22,8.41
Japan,North America,Oil,2015,Terawatt-hours (TWh),2938,50120,1292,3438,32.07,3900.91,14935.4,852.27,295.52,7.86
Japan,South America,Wind,2023,Terawatt-hours (TWh),36285,23983,7553,14582,48.57,3075.97,813.25,105.69,116.26,-3.59
Japan,North America,Hydro,2024,Terawatt-hours (TWh),37194,24712,9567,4242,11.16,743.9,8191.79,1368.38,283.64,5.9
Japan,Asia,Coal,2024,Terawatt-hours (TWh),35319,24411,11601,16863,54.49,2831.84,6262.08,136.46,360.07,0.01
Japan,Europe,Natural Gas,2024,Terawatt-hours (TWh),4121,25686,897,15849,34.61,3262.08,14779.06,1298.44,232.56,-2.72
Japan,Africa,Hydro,2020,Terawatt-hours (TWh),13001,18794,6858,13779,28.98,2888.05,2308.82,127.59,305.73,0.96
Japan,Africa,Wind,2024,Terawatt-hours (TWh),3312,8905,11395,19209,18.03,284.15,14510.28,1285.21,140.55,-4.87
Japan,Asia,Natural Gas,2021,Terawatt-hours (TWh),9902,17227,14367,13173,44.46,2917,15432.62,1318,317.63,8.25
Japan,Asia,Coal,2018,Terawatt-hours (TWh),44348,15237,8579,16304,25.53,2514.13,6646.72,233.52,340.04,6.33
Japan,Oceania,Coal,2024,Terawatt-hours (TWh),47480,7382,7102,8461,19.49,4618.1,19059.4,357.46,235.41,5.47
Japan,North America,Nuclear,2016,Terawatt-hours (TWh),43467,43089,12660,8495,8.72,1719.57,8309.45,361.45,359.61,0.41
Japan,North America,Oil,2021,Terawatt-hours (TWh),9599,46146,3274,12431,23.27,4235.72,8005.01,258.47,97.06,4.08
Japan,North America,Solar,2019,Terawatt-hours (TWh),47636,34703,10155,10309,42.2,2418,13905.34,682.77,201.29,3.58
Japan,Asia,Oil,2016,Terawatt-hours (TWh),41566,21537,10357,16173,49.81,4051.24,17812.61,414.05,387.85,-2.04
Japan,South America,Natural Gas,2021,Terawatt-hours (TWh),3274,4110,7320,13573,28.87,2393.8,14231.31,1320.54,148.32,3.09
Japan,Asia,Nuclear,2018,Terawatt-hours (TWh),37732,48468,9543,10068,60.15,3536.57,18896.34,203.39,65.48,8.16
Japan,Europe,Coal,2016,Terawatt-hours (TWh),33182,37126,7425,14795,43.42,409.75,2945.89,1138.19,138.51,-3.92
Japan,Africa,Oil,2023,Terawatt-hours (TWh),8799,36218,7154,12021,20.53,2207.84,21102.18,956,151.25,-2.77
Japan,Oceania,Natural Gas,2024,Terawatt-hours (TWh),30163,3998,3386,959,49.44,94.25,16623.6,1381.84,333.71,0.54
Japan,Oceania,Coal,2016,Terawatt-hours (TWh),49062,5578,7845,7236,39.67,2183.82,18311.12,453.36,326.6,-2.28
Japan,South America,Natural Gas,2018,Terawatt-hours (TWh),11573,19799,7633,8686,68.22,2536.38,14127.73,179.56,387.55,5.38
Japan,South America,Natural Gas,2015,Terawatt-hours (TWh),16188,22753,3845,19772,7.34,1216.39,4371.5,1130.72,100.64,3.91
Japan,Europe,Wind,2018,Terawatt-hours (TWh),22483,4469,2008,18471,49.36,967.26,9288.55,475.9,272.37,7.6
Japan,South America,Nuclear,2022,Terawatt-hours (TWh),25305,7607,12813,11561,18.51,4133.24,17086.06,1467.38,273.87,0.36
Japan,Oceania,Natural Gas,2018,Terawatt-hours (TWh),8295,30078,9457,1405,58.62,353.66,21287.99,917.68,330.55,5.12
Japan,Africa,Wind,2015,Terawatt-hours (TWh),15165,39500,14282,7150,27.01,479.81,22886.61,895.12,324.07,7.95
Japan,Africa,Oil,2016,Terawatt-hours (TWh),25435,48252,3848,1009,69.24,1739.63,15854.88,618.04,150.2,7.29
Japan,South America,Hydro,2018,Terawatt-hours (TWh),25103,20703,6374,12041,52.79,3608.13,16803.96,631.52,76.9,5.83
Japan,North America,Coal,2023,Terawatt-hours (TWh),39099,2244,12227,1365,68.19,3263.49,16423.94,1025.37,84.67,1
Japan,Asia,Natural Gas,2023,Terawatt-hours (TWh),29604,21719,13818,10776,54.68,990.43,21873.89,877.7,159.55,5.68
Japan,North America,Hydro,2018,Terawatt-hours (TWh),15270,36297,3557,17289,64.47,998.26,8666.87,797.08,318.56,6.83
Japan,South America,Solar,2023,Terawatt-hours (TWh),47597,51450,12730,11419,13.93,151.45,8133.53,1038.45,290.74,-1.31
Japan,South America,Natural Gas,2018,Terawatt-hours (TWh),30119,28560,2196,5009,18.99,1845.28,10248.35,328.19,181.73,-3.84
Japan,Europe,Oil,2017,Terawatt-hours (TWh),31514,8191,10863,19379,48.44,1340.03,22833.9,323.9,277.57,7.23
Japan,North America,Coal,2022,Terawatt-hours (TWh),49313,25836,12073,19242,23.59,2466.29,12178.95,834.52,140.6,1.12
Japan,Oceania,Coal,2016,Terawatt-hours (TWh),49479,35171,7013,5458,64.44,200.14,22926.62,437.51,356.49,8.72
Japan,Oceania,Solar,2023,Terawatt-hours (TWh),22663,51594,12337,8047,55.08,2588.86,1384.57,380.34,396.2,5.47
Japan,Asia,Natural Gas,2021,Terawatt-hours (TWh),23539,9765,14077,8708,16.09,4161.35,9245.94,303.37,123.97,0.96
Japan,Asia,Wind,2021,Terawatt-hours (TWh),43269,34773,3662,17218,6.45,4091.26,6027.03,1152.47,105.25,5.44
Japan,Asia,Hydro,2024,Terawatt-hours (TWh),35147,36474,11025,1179,48.2,1153.39,14732.06,677.53,208.51,0.22
Japan,Oceania,Coal,2024,Terawatt-hours (TWh),11053,19667,11705,18974,10.21,1503.48,12936.7,335.26,261.37,4.18
Japan,Europe,Oil,2015,Terawatt-hours (TWh),10130,14533,2037,8679,48.69,4527.32,3795.69,1146.8,127.11,8.41
Japan,Europe,Oil,2020,Terawatt-hours (TWh),15101,19403,6,10385,61.11,4358.63,4121.6,80.82,357.2,8.36
Japan,Oceania,Natural Gas,2023,Terawatt-hours (TWh),46404,22271,1436,15889,19.22,3912.68,21903.75,740.81,348.49,1.29
Japan,Oceania,Oil,2022,Terawatt-hours (TWh),46402,15239,13754,19251,30.46,1177.92,17076.93,263.11,171.48,-4.07
Japan,Asia,Hydro,2020,Terawatt-hours (TWh),24031,35773,14263,4583,58.77,1217.74,22020.8,1024.46,175.33,5.33
Japan,Europe,Wind,2023,Terawatt-hours (TWh),10480,14296,3299,16238,33.24,142.51,11926.9,307.65,122.93,5.89
Japan,Oceania,Nuclear,2024,Terawatt-hours (TWh),23550,46004,9002,7252,14.81,2586.13,5439.45,1350.59,186.64,4.46
Japan,Africa,Wind,2018,Terawatt-hours (TWh),46233,20846,6173,966,42.11,2276.04,14835.99,857.52,261.36,2.37
Japan,Africa,Natural Gas,2020,Terawatt-hours (TWh),44773,33608,2070,11286,10.19,2589.22,11240.83,880.55,185.02,-4.2
Japan,Europe,Oil,2024,Terawatt-hours (TWh),5451,17922,2656,8814,45.9,642.79,15670.15,64.64,336.55,-0.62
Japan,Asia,Oil,2016,Terawatt-hours (TWh),8155,47802,4134,509,11.44,2217.35,20252.84,392.36,238.96,5.25
Japan,Europe,Nuclear,2023,Terawatt-hours (TWh),26083,45502,7841,15953,33.04,3681.14,24447.1,703.66,143.08,-4.98
Japan,Europe,Nuclear,2019,Terawatt-hours (TWh),20577,35368,906,5385,53.14,2273.25,5593.89,1410.15,358.13,4.36
Japan,South America,Oil,2024,Terawatt-hours (TWh),28118,15249,7547,13705,63.54,1077.09,6638.19,447.49,57.97,3.39
Japan,South America,Oil,2019,Terawatt-hours (TWh),41613,51490,9306,517,46.85,1840.67,15749.21,115.06,348.37,-1.8
Japan,North America,Coal,2016,Terawatt-hours (TWh),34174,29435,5985,12425,64.05,812.25,2359.99,182.77,381.42,-0.53
Japan,Europe,Solar,2018,Terawatt-hours (TWh),49036,24650,160,10781,13.71,1669.85,13541.54,523.73,235.98,2.81
Japan,Asia,Coal,2015,Terawatt-hours (TWh),5801,17488,601,18693,29.79,4641.96,24215.31,894.12,316.59,8.34
Japan,Europe,Coal,2018,Terawatt-hours (TWh),15644,4124,10551,7908,35.31,3925.59,23517.93,1145.23,266.44,9
Japan,Africa,Oil,2024,Terawatt-hours (TWh),17303,36659,2390,11420,56.73,4420.17,5393.3,1393.03,350.27,7.3
Japan,Asia,Nuclear,2016,Terawatt-hours (TWh),36661,20206,7300,12240,41.21,2796.01,7374.14,1256.8,217.24,3.64
Japan,Europe,Wind,2023,Terawatt-hours (TWh),12201,23704,4380,2281,59.58,2395.98,12684.7,956.96,64.6,8.93
Japan,Europe,Natural Gas,2021,Terawatt-hours (TWh),15391,12566,11901,10060,14.66,3126.77,15420.87,559.95,263.91,1.42
Japan,South America,Nuclear,2021,Terawatt-hours (TWh),3410,36729,199,14748,11.69,1766.17,16734.97,1108.58,375.43,9.56
Japan,Africa,Nuclear,2023,Terawatt-hours (TWh),12446,17617,1662,16647,19.76,658.08,4369.56,1262.86,281.9,-0.9
Japan,Asia,Oil,2016,Terawatt-hours (TWh),18078,2990,3517,7938,18.9,249.4,15447.82,1209.51,345.88,0.94
Japan,Europe,Nuclear,2016,Terawatt-hours (TWh),10558,44555,13128,2876,25.7,3684.19,15593.38,926.66,220.87,2.9
Japan,Asia,Wind,2019,Terawatt-hours (TWh),25982,31356,14722,19825,13.7,3748.18,11104.89,1467.98,280.05,2.37
Japan,Europe,Nuclear,2017,Terawatt-hours (TWh),25505,8608,6028,13493,25.68,430.05,12294.74,1366.11,163.42,-1.14
Japan,Asia,Hydro,2017,Terawatt-hours (TWh),24182,5162,9430,168,11.08,905.73,3617.52,543.14,280.57,-1.1
Japan,Europe,Wind,2020,Terawatt-hours (TWh),2174,43650,9443,3373,58.6,2891.68,24852.9,166.49,357.05,-4.83
Japan,Oceania,Hydro,2017,Terawatt-hours (TWh),2287,4564,14382,2715,6.21,3010.21,21005.88,1052.14,50.43,5.37
Japan,Europe,Coal,2015,Terawatt-hours (TWh),41031,30422,3403,4339,52.05,4250.92,21662.91,1424.92,219.85,-3.29
Japan,Asia,Hydro,2017,Terawatt-hours (TWh),39006,11689,3471,18632,38.3,3752.82,6027.48,487.81,260.41,8.88
Japan,Oceania,Solar,2019,Terawatt-hours (TWh),2526,44208,4302,10985,42.56,910.54,2591.36,1189.14,118.09,-4.51
Japan,Oceania,Coal,2022,Terawatt-hours (TWh),24820,2614,427,19317,44.58,549.84,8677.2,1395.16,302.47,0.59
Japan,Africa,Nuclear,2017,Terawatt-hours (TWh),14382,49725,2434,10277,33.75,3629.17,20333.14,807.23,153.52,9.35
Japan,South America,Hydro,2022,Terawatt-hours (TWh),26550,18022,11954,11622,46.28,4737.43,3914.73,1391.5,86.46,7.63
Japan,Oceania,Solar,2015,Terawatt-hours (TWh),16295,44882,11857,16831,15.62,1731.85,13449.14,1123,125.01,4.92
Japan,South America,Wind,2021,Terawatt-hours (TWh),12250,23724,5168,16669,24.76,655.77,3408.4,1487.59,198.84,6.11
Japan,Oceania,Oil,2020,Terawatt-hours (TWh),19140,51027,1049,14601,45.78,4009.73,21031.02,966.45,197.81,7.45
Japan,North America,Wind,2020,Terawatt-hours (TWh),28759,9445,7573,16918,31.76,355.92,2741.97,678.41,98.84,7
Japan,Oceania,Natural Gas,2021,Terawatt-hours (TWh),10467,43747,2985,2925,36.02,933.57,22507.86,821.43,109.99,0.94
Japan,North America,Wind,2020,Terawatt-hours (TWh),7271,14557,2424,11252,47.09,4366.61,23225.99,1019.73,60.86,7.11
Japan,North America,Coal,2017,Terawatt-hours (TWh),18985,31317,13485,1233,56.86,3197.57,19344.46,429.7,289.49,-2.63
Japan,Asia,Coal,2022,Terawatt-hours (TWh),16833,13932,9525,3716,22.86,2286.53,23255.71,1327.13,219.97,2.23
Japan,Oceania,Nuclear,2017,Terawatt-hours (TWh),6024,18768,2041,19060,68.16,383.91,21686.43,447.09,295.4,9.44
Japan,Europe,Solar,2019,Terawatt-hours (TWh),19789,46451,13902,13854,15.95,3662.94,3725.9,695.11,364.99,7.1
Japan,Africa,Nuclear,2020,Terawatt-hours (TWh),2521,18631,5832,5164,43.81,1053.41,19286.86,155.46,326.5,3.23
Japan,Europe,Wind,2022,Terawatt-hours (TWh),48984,49775,1613,6466,11.31,3841.35,17417.63,1336.76,96.52,-2.96
Japan,Europe,Oil,2018,Terawatt-hours (TWh),39937,18756,9341,4341,31.35,3878.12,12049.8,1244.7,170.07,4.93
Japan,North America,Hydro,2017,Terawatt-hours (TWh),33179,13195,9558,19369,23.8,3059.07,19550.12,1316.2,316.26,1.74
Japan,Africa,Natural Gas,2020,Terawatt-hours (TWh),26582,35775,3672,2612,23.44,884.36,19548.38,414.72,381.16,4.73
Japan,Oceania,Coal,2022,Terawatt-hours (TWh),32643,9568,10779,17288,31.56,1589.47,20582.96,137.34,282.71,2.81
Japan,Oceania,Natural Gas,2018,Terawatt-hours (TWh),34613,19207,12905,7555,66.94,4882.46,16004.33,663.2,193.2,7.19
Japan,Africa,Natural Gas,2015,Terawatt-hours (TWh),24263,18590,9473,15857,10.86,3471.97,2395.69,226.32,303.85,6.4
Japan,Oceania,Coal,2016,Terawatt-hours (TWh),29563,32833,14031,600,50.67,1203.53,15183.37,992.61,114.5,1.78
Japan,South America,Natural Gas,2017,Terawatt-hours (TWh),30789,6642,11639,5587,27.31,177.49,14340.46,505.81,318.65,-2.75
Japan,Asia,Natural Gas,2022,Terawatt-hours (TWh),44301,11196,8062,3683,17.64,4937.88,13169.94,955.14,353.88,-4.4
Japan,Oceania,Wind,2022,Terawatt-hours (TWh),17844,41747,13870,14874,21.9,3983.58,21583.76,47.41,90.07,8.5
Japan,Europe,Hydro,2016,Terawatt-hours (TWh),6532,13776,6666,8017,64.96,3269.04,16372.87,1042.04,294.26,4.81
Japan,Asia,Natural Gas,2023,Terawatt-hours (TWh),48601,13257,12871,3464,26.05,1893.3,3366.57,208.99,100.65,9.1
Japan,North America,Solar,2023,Terawatt-hours (TWh),31647,5115,1242,3063,27.11,440.76,16243.13,121.72,306.4,7.55
Japan,Oceania,Solar,2017,Terawatt-hours (TWh),26614,29846,540,19311,6.62,3793.94,24589.36,364.21,215.2,2.15
Japan,North America,Wind,2023,Terawatt-hours (TWh),46319,4301,3486,7747,9.14,3629.52,15502.22,35.87,314.59,4.65
Japan,North America,Solar,2023,Terawatt-hours (TWh),31808,47958,5336,11320,10.71,3845.02,14750.63,530.36,303.25,5.28
Japan,Asia,Coal,2018,Terawatt-hours (TWh),1797,9761,14445,8101,43.61,2428.68,14769.3,376.61,198.6,7.72
Japan,South America,Hydro,2015,Terawatt-hours (TWh),49568,40675,6018,5208,67.98,4968.64,10246.33,1367.01,100.32,-4.84
Japan,Europe,Natural Gas,2015,Terawatt-hours (TWh),21023,33310,1026,2293,21,1956.73,2176.5,208.77,87.61,9.91
Japan,South America,Natural Gas,2019,Terawatt-hours (TWh),35287,39179,1296,19778,57.17,3385.85,3624.22,1459.26,76.66,0.37
Japan,South America,Coal,2021,Terawatt-hours (TWh),43773,16276,7792,2597,51.53,2808.33,13735.85,150.61,281.83,7.68
Japan,Asia,Nuclear,2017,Terawatt-hours (TWh),15276,37829,12799,1403,63.4,1117.87,24978.97,987.2,382.78,8.05
Japan,Africa,Natural Gas,2024,Terawatt-hours (TWh),42680,48676,14445,438,39.39,1406.98,4511.84,1040.5,276.41,3.88
Japan,South America,Natural Gas,2020,Terawatt-hours (TWh),20189,34737,13640,11731,22.29,3909.81,5180.22,840.93,325.86,4.99
Japan,North America,Wind,2021,Terawatt-hours (TWh),19099,17460,1318,11180,13.71,4051.4,7515.72,335.15,196.28,4.36
Japan,Africa,Coal,2016,Terawatt-hours (TWh),27581,26599,11040,5848,50.19,3920.22,5882.52,1278.39,385.7,-1.55
Japan,Africa,Wind,2020,Terawatt-hours (TWh),23971,19596,9364,4536,31.53,4572.71,1402.25,814.77,336.5,4.51
Japan,Europe,Oil,2015,Terawatt-hours (TWh),20370,11284,4925,19275,36.39,3325.07,7925.38,71.62,286.09,2.52
Japan,South America,Hydro,2016,Terawatt-hours (TWh),11601,36436,2469,13102,29.01,1600.8,23562.82,235.63,386.16,8.93
Japan,South America,Nuclear,2020,Terawatt-hours (TWh),34445,49110,1407,10037,62.74,1198.67,13052.4,1040.41,378.08,3.17
Japan,North America,Oil,2020,Terawatt-hours (TWh),44786,22646,14929,1337,46.47,2819.45,12936.77,1224.04,108.17,3.46
Japan,Africa,Natural Gas,2022,Terawatt-hours (TWh),44660,7094,5700,2374,60.18,3740.25,23486.11,682.88,383.58,-3.76
Japan,North America,Solar,2023,Terawatt-hours (TWh),12867,1635,134,14015,38.45,3981.94,9878.35,765.74,174.28,-4.57
Japan,Asia,Oil,2021,Terawatt-hours (TWh),32273,32383,13057,14519,10.28,345.77,2376.89,1478.02,237.68,0.74
Japan,North America,Hydro,2022,Terawatt-hours (TWh),23259,22199,5298,18873,43.91,4493.29,15669.61,553.74,191.45,6.77
Japan,South America,Nuclear,2017,Terawatt-hours (TWh),44867,34772,9569,6278,44.11,2931.21,16332.59,948.03,132.22,6.19
Japan,South America,Wind,2017,Terawatt-hours (TWh),31464,44639,3752,13313,62.75,1927.45,2679.64,1338.25,228.06,6.3
Japan,Asia,Hydro,2019,Terawatt-hours (TWh),11637,22688,13736,15828,33.96,3636.9,16522.02,682.19,394.7,1.61
Japan,South America,Nuclear,2017,Terawatt-hours (TWh),37301,2028,13149,7334,16.63,1956.97,11137.42,329.47,253.89,-4.78
Japan,Africa,Oil,2018,Terawatt-hours (TWh),22336,35718,11837,1029,50.67,1813.1,24241.03,1368.74,96.34,0.65
Japan,Oceania,Coal,2020,Terawatt-hours (TWh),2767,35298,12392,3287,49.94,2481.08,20121.78,991.98,351.29,-1.38
Japan,Africa,Solar,2019,Terawatt-hours (TWh),7233,40307,4681,14190,37.1,824.86,23617,1101.81,240.21,-1.17
Japan,North America,Oil,2018,Terawatt-hours (TWh),49792,47900,3750,808,25.2,1353.1,10020.39,1292.75,70.94,2.02
Japan,Asia,Natural Gas,2015,Terawatt-hours (TWh),25762,22603,9837,3293,46.51,786.43,22147.6,907.49,77.82,6.52
Japan,North America,Natural Gas,2019,Terawatt-hours (TWh),3780,28430,12784,9497,26.8,651.93,3450.73,239.2,227.86,1.08
Japan,Europe,Wind,2022,Terawatt-hours (TWh),22506,47317,3259,7571,7.08,804.69,3753.51,974,79.9,8.91
Japan,South America,Solar,2021,Terawatt-hours (TWh),30093,21330,7438,19908,10.62,4356.68,15519.37,852.52,272.05,5.86
Japan,Asia,Nuclear,2020,Terawatt-hours (TWh),17501,4384,958,13235,15.26,53.21,3119.26,593.69,258.96,-3.56
Japan,Africa,Solar,2018,Terawatt-hours (TWh),32742,8388,14724,16473,42.8,4832.15,4715.69,1228.82,134.97,1.9
Japan,Asia,Nuclear,2015,Terawatt-hours (TWh),2134,39056,7877,6091,66.68,3988.1,4775.52,488.93,84.96,-1.01
Japan,Asia,Solar,2020,Terawatt-hours (TWh),40984,21000,11677,8765,18.12,1766.36,17647.61,781.2,190.38,-2.42
Japan,Oceania,Hydro,2015,Terawatt-hours (TWh),6093,49003,4599,8715,29.3,1462.72,10640.18,1002.82,154.06,-3.58
Japan,North America,Natural Gas,2019,Terawatt-hours (TWh),7285,5028,9166,10059,58.44,477.21,10347.26,456.19,57.52,-0.2
Japan,Europe,Solar,2019,Terawatt-hours (TWh),4014,31516,11673,10558,32.02,2439.27,10049.73,434.44,275.01,-4.77
Japan,Asia,Wind,2015,Terawatt-hours (TWh),32465,49766,7511,19774,62.01,1976.79,22788.22,1258.92,296.18,-2.26
Japan,Africa,Hydro,2015,Terawatt-hours (TWh),893,2859,7508,17448,9.45,4555.48,9405.88,416.13,228.89,-3.85
Japan,North America,Solar,2021,Terawatt-hours (TWh),15693,37917,10670,17775,54.59,4968.27,1596.82,1090.57,115.76,2.54
Japan,South America,Nuclear,2018,Terawatt-hours (TWh),29728,44472,2071,2259,41.3,2294.7,4886.47,1233.97,173.88,-4.83
Japan,Europe,Natural Gas,2020,Terawatt-hours (TWh),36989,24577,11474,1147,29.14,2088.75,11591.89,202.32,176.15,8.56
Japan,Africa,Nuclear,2018,Terawatt-hours (TWh),11877,25346,3472,17106,22.06,723.17,15640.39,577.52,59.31,-1.39
Japan,Asia,Natural Gas,2020,Terawatt-hours (TWh),3421,36147,9304,5204,18.69,581.38,18564.88,162.1,78.54,0.56
Japan,Africa,Nuclear,2024,Terawatt-hours (TWh),34343,37745,8087,4695,66.41,1026.63,5114.16,172.63,287.2,6.68
Japan,Oceania,Hydro,2019,Terawatt-hours (TWh),37720,13788,13113,4495,66.54,3894.34,11970.2,1182.68,73.51,9.12
Japan,Asia,Hydro,2018,Terawatt-hours (TWh),7928,7821,718,7450,15.43,616.58,3201.82,208.97,130.96,-2.16
Japan,North America,Coal,2015,Terawatt-hours (TWh),16317,40215,5196,2945,50.33,226.51,7726.58,1230.02,188.42,1.73
Japan,Asia,Solar,2021,Terawatt-hours (TWh),48936,28265,3493,14363,64.65,798.23,18500.66,983.81,260.22,-1.81
Japan,Europe,Nuclear,2015,Terawatt-hours (TWh),4871,41702,8052,19513,29.51,2090.99,2289.28,52.12,290.5,-1.11
Japan,South America,Coal,2015,Terawatt-hours (TWh),23507,43943,13811,13971,52.24,2380.9,4190.8,657.4,314.91,4.7
Japan,Oceania,Oil,2018,Terawatt-hours (TWh),10827,41686,11389,15060,66.6,400.58,20391.43,1081.22,361.42,-4.77
Japan,Asia,Oil,2019,Terawatt-hours (TWh),46297,49802,13982,15002,18.85,4113.75,16121.55,1120.68,244.06,-3.29
Japan,North America,Coal,2021,Terawatt-hours (TWh),25939,43758,14584,7028,17.12,1578.95,2339.25,76.17,178.18,0.7
Japan,North America,Hydro,2024,Terawatt-hours (TWh),29062,5532,1181,230,10.99,4157.38,12223.37,335.92,242.04,9.03
Japan,South America,Solar,2015,Terawatt-hours (TWh),46306,45299,8141,11488,62.54,3341.24,16294.46,849.52,125.37,8.23
Japan,North America,Coal,2016,Terawatt-hours (TWh),43180,9485,5821,6753,60.67,349.53,14218.33,1281.73,222.97,6.77
Japan,South America,Wind,2015,Terawatt-hours (TWh),28840,31001,212,6026,36.57,3016.63,10952.41,243.06,299.85,2.99
Japan,Africa,Oil,2023,Terawatt-hours (TWh),27638,34429,12093,1324,43.57,3673.55,7244.89,1156.64,200.28,2.28
Japan,Europe,Wind,2020,Terawatt-hours (TWh),2761,14290,10946,18707,10.07,3823.29,1743.36,73.16,358.53,5.46
Japan,North America,Nuclear,2018,Terawatt-hours (TWh),32045,4658,11271,14574,31.47,1630.77,16000.33,711.25,113.66,8.94
Japan,Africa,Coal,2016,Terawatt-hours (TWh),19116,7040,9339,10975,66.58,3687.47,17691.46,562.93,205.33,6.67
Japan,North America,Wind,2018,Terawatt-hours (TWh),42925,15541,2594,8652,19.08,3810.65,22808.41,1332.55,104.93,-4.8
Japan,Europe,Wind,2024,Terawatt-hours (TWh),42731,2734,10497,3764,64.86,4403.49,15504.46,409.32,387.86,6.76
Japan,Asia,Oil,2024,Terawatt-hours (TWh),49022,43962,7602,10285,36.73,1289.78,20238.04,870.05,100.86,-0.82
Japan,North America,Nuclear,2021,Terawatt-hours (TWh),40113,16104,6388,10937,50.07,897.79,7686.18,547.19,276.12,8.58
Japan,South America,Oil,2016,Terawatt-hours (TWh),46712,35964,8049,8114,61.7,929.59,8751.29,537.31,399.24,7.93
Japan,South America,Coal,2015,Terawatt-hours (TWh),34496,44125,1248,13875,24.27,3950.79,9073.77,1303.17,336.53,3.7
Japan,Africa,Coal,2020,Terawatt-hours (TWh),4519,34496,2842,9701,30.05,2967.08,23467.34,1483.86,66.97,7.07
Japan,Europe,Natural Gas,2017,Terawatt-hours (TWh),17859,15633,3138,3281,63.55,4797.34,7099.75,606.01,183.12,-4.23
Japan,South America,Natural Gas,2023,Terawatt-hours (TWh),17409,40697,4642,4954,20.66,2731.49,8856.54,595.84,243.05,-1.37
Japan,Oceania,Solar,2020,Terawatt-hours (TWh),47580,29248,175,4627,64.42,3671.84,15969.4,912.46,358.78,-2.71
Japan,South America,Solar,2018,Terawatt-hours (TWh),20344,11187,8152,6703,21.24,1349.4,15625.65,68.52,115.35,3.27
Japan,Asia,Nuclear,2017,Terawatt-hours (TWh),18720,51849,3357,16611,14.1,3634.13,21565.6,756.37,53.91,7.42
Japan,Asia,Solar,2021,Terawatt-hours (TWh),47766,6542,13354,17214,23.97,2960.07,10259.49,191.36,362.7,4.97
Japan,Oceania,Natural Gas,2019,Terawatt-hours (TWh),2931,22851,5859,14475,24.16,3410.92,10655.93,347.88,153.54,3.5
Japan,Oceania,Hydro,2015,Terawatt-hours (TWh),11466,15189,7114,10919,51.33,4130.35,20443.64,1016.99,211.71,7.14
Japan,Europe,Hydro,2023,Terawatt-hours (TWh),961,14196,12276,10896,63.77,314.55,4375.88,1216.64,129.25,-0.8
Japan,Asia,Solar,2022,Terawatt-hours (TWh),49000,25826,9640,15360,45.95,2149.05,13170.14,725.95,392.38,-0.83
Japan,Europe,Nuclear,2024,Terawatt-hours (TWh),36207,28331,8650,17456,19.76,1149.16,17277.46,1235.52,58.09,5.92
Japan,South America,Solar,2017,Terawatt-hours (TWh),20633,29576,13401,259,11.65,1518.4,15322.3,1315.2,90.23,-0.02
Japan,Africa,Hydro,2024,Terawatt-hours (TWh),34617,24801,11870,17519,19.9,4198.1,20104.12,521.95,329.66,5.17
Japan,Asia,Nuclear,2020,Terawatt-hours (TWh),3251,14472,4802,15317,31.32,3862.86,5487.73,1423.4,250.96,-1.94
Japan,Asia,Solar,2023,Terawatt-hours (TWh),46491,6843,12168,8471,45.73,3088.91,6915.31,892.88,352.71,2.72
Japan,Europe,Wind,2019,Terawatt-hours (TWh),17377,31393,8702,7195,28.85,3917.31,18629.84,198.8,328.89,-1.82
Japan,South America,Solar,2023,Terawatt-hours (TWh),14937,25243,5384,10123,63.79,1926.46,17327.4,1206.09,95.3,1.87
Japan,Asia,Natural Gas,2018,Terawatt-hours (TWh),11823,35614,8782,10227,60.85,1949.6,22468.18,476.94,87.33,0.8
Japan,Oceania,Natural Gas,2020,Terawatt-hours (TWh),8880,3917,689,8751,52.98,4581.18,16447.13,938.34,74.25,9.29
Japan,Oceania,Wind,2018,Terawatt-hours (TWh),19220,7144,1535,15498,23.77,4380.92,6792.07,386.87,217.98,4.4
Japan,South America,Wind,2022,Terawatt-hours (TWh),42868,48596,1856,5447,49.58,3750.82,14541.96,121.74,286.63,4.27
Japan,Africa,Wind,2016,Terawatt-hours (TWh),48680,7536,14947,10855,19.21,4082.23,12401.01,749.46,133.14,-2.73
Japan,Africa,Solar,2022,Terawatt-hours (TWh),4467,44628,6090,12765,27.19,332.12,4440.17,697.38,183.56,7.46
Japan,North America,Coal,2023,Terawatt-hours (TWh),21818,25743,3296,16973,68.66,4735,21727.36,663.27,168.02,-4.64
Japan,Oceania,Oil,2018,Terawatt-hours (TWh),48271,1045,4492,11031,56.28,4875.12,17831.71,151.05,67.37,7.2
Japan,Asia,Natural Gas,2018,Terawatt-hours (TWh),16347,4521,2583,2989,12.6,2214.98,19810.51,978.05,217.27,8.8
Japan,South America,Coal,2022,Terawatt-hours (TWh),7075,9671,12060,4541,25.39,2161.83,10064.69,1162.01,71.43,3
Japan,South America,Natural Gas,2016,Terawatt-hours (TWh),8239,10692,5979,1078,56.35,4592.58,472.64,1462.63,274.27,1.72
Japan,Oceania,Coal,2015,Terawatt-hours (TWh),11694,23139,5171,919,67.44,3795.26,14539.23,351.84,296.63,6.04
Japan,Asia,Oil,2019,Terawatt-hours (TWh),15174,21398,12262,19662,13.39,1686.87,18712.05,525.26,108.08,8.43
Japan,Africa,Wind,2022,Terawatt-hours (TWh),19234,32459,6426,12775,57.28,991.15,8215.55,1054.73,85.1,5.26
Japan,South America,Solar,2023,Terawatt-hours (TWh),12916,1407,6277,5129,6.39,1310.62,4545,519.28,293.42,3.72
Japan,Africa,Wind,2022,Terawatt-hours (TWh),18836,23383,378,1724,53.54,3538.83,23652.86,53.79,374.15,8.09
Japan,Africa,Wind,2022,Terawatt-hours (TWh),14401,41085,7109,17734,54.78,1505.18,749.81,1460.18,171.05,8.98
Japan,Europe,Natural Gas,2015,Terawatt-hours (TWh),5441,35041,6235,5650,50.69,2992.69,4888.58,1333.12,116.18,3.77
Japan,Africa,Coal,2022,Terawatt-hours (TWh),15050,19233,3380,17189,48.64,797.1,17446.17,820.34,235.66,0.85
Japan,Africa,Coal,2023,Terawatt-hours (TWh),13124,12180,8367,8275,30.51,1680.78,11444.18,463.79,375.46,7.14
Japan,Asia,Solar,2018,Terawatt-hours (TWh),31681,2577,10738,8374,30.33,4581.83,7357.09,882.06,242.11,-4.31
Japan,South America,Nuclear,2023,Terawatt-hours (TWh),43846,7669,1902,10568,28.56,4143.34,18748.29,1221.36,168.55,-2.91
Japan,North America,Solar,2019,Terawatt-hours (TWh),35477,45598,4372,3234,6.04,4971.04,13038.6,1382.45,198.26,9.34
Japan,South America,Nuclear,2024,Terawatt-hours (TWh),41464,2656,8421,2062,22.84,1481.94,3773.2,509.35,104.93,9.34
Japan,Europe,Nuclear,2020,Terawatt-hours (TWh),14552,51474,13274,16841,5.44,4478.97,1674.18,1380.9,184.07,7.37
Japan,North America,Wind,2023,Terawatt-hours (TWh),35989,46613,1041,148,37.1,455.11,13115.74,1068.39,250.29,8.53
Japan,North America,Coal,2017,Terawatt-hours (TWh),17105,45877,4869,13620,36.82,2889.25,8971.72,151.07,157.01,5.7
Japan,Europe,Natural Gas,2019,Terawatt-hours (TWh),24502,33861,7505,18040,49.77,3790.32,2558.58,19.66,335.51,7.67
Japan,Oceania,Solar,2023,Terawatt-hours (TWh),6809,50582,5141,434,64.23,2860.61,16688.66,1004.38,57.54,0.46
Japan,South America,Nuclear,2018,Terawatt-hours (TWh),32439,7306,11472,13878,52.68,848.53,13570.48,1348.69,76.49,3.96
Japan,Oceania,Hydro,2016,Terawatt-hours (TWh),35184,51370,2085,11997,69.65,361.35,16240.2,192.88,232.47,-2.17
Japan,Africa,Natural Gas,2023,Terawatt-hours (TWh),3359,25791,6533,11575,46.28,2899.88,22331.23,1266.46,97.75,-0.39
Japan,Europe,Natural Gas,2015,Terawatt-hours (TWh),15951,51066,7637,8695,47.85,2767,9187.01,830.86,208.13,5.19
Japan,Oceania,Wind,2017,Terawatt-hours (TWh),5774,1467,14793,7936,54.24,2973.25,11940.4,679.97,380.84,5.27
Japan,Africa,Coal,2022,Terawatt-hours (TWh),21328,8298,11945,2442,22.94,3994.67,2739.61,144.35,374.51,6.04
Japan,Europe,Oil,2023,Terawatt-hours (TWh),38557,17842,503,3692,15.05,3317.65,19290.55,1043.89,79.96,2.69
Japan,Asia,Wind,2015,Terawatt-hours (TWh),29441,44004,11343,9007,44.76,1425.28,1316.53,1476.67,89.29,8.33
Japan,Asia,Natural Gas,2015,Terawatt-hours (TWh),45515,12103,6590,15259,45.52,3391.23,7934.03,829.03,235.3,-2.47
Japan,Oceania,Hydro,2016,Terawatt-hours (TWh),5805,14506,10062,8067,49.07,1397.54,12277.71,1129.5,314.54,6.9
Japan,Asia,Solar,2018,Terawatt-hours (TWh),22145,15779,9448,8577,57.11,3934.7,9320.35,878.07,270.51,-2.06
Japan,Asia,Hydro,2021,Terawatt-hours (TWh),4979,6240,910,19702,24.52,4882.51,15466.27,166.56,139.59,0.45
Japan,South America,Wind,2018,Terawatt-hours (TWh),1261,8546,14262,19942,52.69,2257.24,16219.64,155.68,243.44,6.24
Japan,Asia,Solar,2023,Terawatt-hours (TWh),23543,23718,165,820,27.28,2162.28,2488.59,1151.45,76.25,-0.75
Japan,Africa,Coal,2017,Terawatt-hours (TWh),46612,42705,11878,16855,21.39,4950.67,22855.07,438.63,228.61,9.21
Japan,North America,Hydro,2021,Terawatt-hours (TWh),49970,9024,37,2177,51.17,4227.8,17301.92,1384.51,290.46,6.25
Japan,Oceania,Hydro,2022,Terawatt-hours (TWh),22326,47600,2021,4142,32.11,3823.08,7160.27,28.8,246.96,9.86
Japan,Oceania,Nuclear,2018,Terawatt-hours (TWh),32896,6685,10745,11226,48.65,524.22,23166.36,598.27,176.24,7.4
Japan,Oceania,Wind,2019,Terawatt-hours (TWh),19644,33624,11370,3774,42.02,3115.46,893.53,1354.17,196.45,-2.36
Japan,Oceania,Solar,2015,Terawatt-hours (TWh),13155,900,9914,258,47.67,4722.84,1101.32,698.29,88.87,-1.07
Japan,Europe,Wind,2016,Terawatt-hours (TWh),18695,49255,11794,14760,36.8,3819.63,15568.39,1041.35,192.18,-0.42
Japan,North America,Oil,2020,Terawatt-hours (TWh),17051,14639,4611,12772,50.79,4860.77,14826.17,1474.96,206.36,5.55
Japan,Asia,Oil,2019,Terawatt-hours (TWh),25229,12946,5101,16061,21.92,3931.95,19161.81,1071.29,265.3,0.26
Japan,North America,Natural Gas,2020,Terawatt-hours (TWh),12037,29045,12889,4093,14.24,3067.21,21192.89,971.14,70.91,2.21
Japan,Africa,Hydro,2022,Terawatt-hours (TWh),8860,40563,11631,17640,48.46,1777.01,16254.61,925.58,77.75,2.71
Japan,Oceania,Wind,2023,Terawatt-hours (TWh),27451,25254,4838,6645,55.25,422.77,23862.21,1293.19,150.41,2.3
Japan,North America,Oil,2016,Terawatt-hours (TWh),9512,51529,14573,12671,15.99,1671.98,20479.78,802.08,132.67,-3.24
Japan,Europe,Nuclear,2015,Terawatt-hours (TWh),15030,26256,1009,15526,36.16,2068.69,17571.29,611.92,163.05,5.23
Japan,South America,Hydro,2021,Terawatt-hours (TWh),43604,50619,4341,13967,60.65,4941.73,9126.06,1446.15,375.01,-4.57
Japan,Oceania,Solar,2018,Terawatt-hours (TWh),7047,30985,1237,4156,43.38,2552.37,21171.44,1401.15,150.79,7.55
Japan,Africa,Solar,2023,Terawatt-hours (TWh),43874,13641,7998,16734,52.77,1135.7,16975.37,1001.68,131.32,4.24
Japan,Asia,Coal,2019,Terawatt-hours (TWh),1737,50314,14717,931,47.43,2840.93,11672.9,962.13,303.4,3.43
Japan,Africa,Nuclear,2015,Terawatt-hours (TWh),33583,47555,9211,1381,33.86,1317.85,20545.85,1269.87,239.03,-3.05
Japan,Oceania,Natural Gas,2023,Terawatt-hours (TWh),3968,35158,4436,17341,43.36,4986.62,10621.63,735.36,238.82,9.56
Japan,North America,Nuclear,2022,Terawatt-hours (TWh),13151,20640,6550,14133,46.4,4326.25,8052.11,151.78,120.28,-4.86
Japan,North America,Wind,2024,Terawatt-hours (TWh),16990,6904,3957,14416,57.21,2311.27,24553.68,892.73,215.19,-0.08
Japan,North America,Hydro,2017,Terawatt-hours (TWh),36416,6541,12045,16346,10.09,4455.33,1449.89,529.91,204.52,5.39
Japan,Asia,Coal,2016,Terawatt-hours (TWh),48338,25078,2346,18525,12.81,1257.09,9181.98,1330.37,194.35,3.29
Japan,South America,Nuclear,2024,Terawatt-hours (TWh),9822,39544,4852,18461,13.29,4890.62,15439.37,900.73,242.3,9.64
Japan,Oceania,Nuclear,2024,Terawatt-hours (TWh),43016,14408,11647,14744,32.1,61.09,2642.25,1443.03,175.01,-1.59
Japan,Asia,Nuclear,2021,Terawatt-hours (TWh),49014,25810,13500,2496,15.35,1897.78,109.63,428.27,114.03,-4.41
Japan,Africa,Nuclear,2024,Terawatt-hours (TWh),27154,48111,8139,13608,16.48,3838.94,9800.2,98.36,389.74,2.03
Japan,Oceania,Wind,2019,Terawatt-hours (TWh),10798,48656,4931,6363,15.5,3469.95,16692.81,1341.45,269.45,-4.44
Japan,Asia,Natural Gas,2017,Terawatt-hours (TWh),2226,51555,2075,6854,66.96,3353.07,22587.39,1491.6,267.62,6.61
Japan,Europe,Oil,2019,Terawatt-hours (TWh),38476,21394,13196,1716,21.73,2905.79,16780.74,1417.04,360.47,2.81
Japan,South America,Coal,2020,Terawatt-hours (TWh),22163,7026,14714,5726,64.43,4339.01,14965.18,1398.29,295.64,9.85
Japan,Oceania,Nuclear,2016,Terawatt-hours (TWh),36841,29365,6555,643,53.05,3811.25,24062.21,142.59,105.45,2.88
Japan,Europe,Hydro,2023,Terawatt-hours (TWh),38710,4833,12836,11264,10.17,2361.82,11081.48,1304.46,380.62,-2.94
Japan,Europe,Oil,2019,Terawatt-hours (TWh),42266,35875,7537,11063,37.77,4716.32,17056.84,1217.67,374.29,7.71
Japan,Asia,Oil,2017,Terawatt-hours (TWh),33528,23749,888,11709,6.91,2525.13,17387.2,1396.56,117.44,6.64
Japan,South America,Hydro,2015,Terawatt-hours (TWh),32661,26474,3898,19184,60.72,4617.71,18156.32,1482.58,326.08,2.2
Japan,South America,Nuclear,2018,Terawatt-hours (TWh),20693,11890,4158,17925,45.41,2222.02,2324.95,617.72,223.92,7.77
Japan,South America,Coal,2022,Terawatt-hours (TWh),26878,23830,9090,12006,68.42,2413.73,20317.24,952.43,125.82,-0.87
Japan,Asia,Solar,2020,Terawatt-hours (TWh),39182,11070,13050,9638,23.87,4493.91,11852.06,1412.09,115.98,9.44
Japan,Africa,Solar,2015,Terawatt-hours (TWh),6304,33805,2785,2426,44.08,4105.54,2801.8,604.98,109.68,5.49
Japan,Oceania,Coal,2024,Terawatt-hours (TWh),25836,12470,12760,15309,46.97,762.54,24780.82,1213.03,115.87,1.91
Japan,South America,Nuclear,2020,Terawatt-hours (TWh),7517,16592,11941,17802,43.18,2250.59,21932.92,545.32,112.48,3.11
Japan,Oceania,Oil,2022,Terawatt-hours (TWh),17031,2283,2921,8549,50.76,2653.36,2429.7,1157.9,76.92,-0.01
Japan,North America,Wind,2019,Terawatt-hours (TWh),43212,5577,8502,196,46.55,772.02,678.52,990.21,349.88,3.89
Japan,Europe,Natural Gas,2019,Terawatt-hours (TWh),5054,44163,9578,9512,6.82,3310.58,4081.84,556.76,330.78,0.38
Japan,Oceania,Wind,2021,Terawatt-hours (TWh),4090,21720,8377,7152,59.45,2722.58,13479.51,27.3,356.13,3.43
Japan,South America,Natural Gas,2023,Terawatt-hours (TWh),30607,5696,3259,18455,65.24,1763.14,8478.8,315.39,395.6,8.24
Japan,North America,Coal,2022,Terawatt-hours (TWh),27704,41797,8384,5917,43.98,957.94,17656.96,627.28,264.05,0.62
Japan,Africa,Hydro,2021,Terawatt-hours (TWh),47957,49398,13507,4253,5.36,3994.99,2081.48,942.5,275,-0.7
Japan,North America,Solar,2015,Terawatt-hours (TWh),38993,3286,1588,8519,56.44,1883.16,13847.34,1003.59,363.57,4.13
Japan,Oceania,Solar,2021,Terawatt-hours (TWh),24802,42155,12854,4754,42.54,2620.67,1288.54,749.54,296.28,-2.49
Japan,Europe,Coal,2021,Terawatt-hours (TWh),7571,50322,2628,9018,6.1,2396.32,4242.83,747.07,204.59,4.8
Japan,North America,Coal,2021,Terawatt-hours (TWh),20203,5252,10034,9252,19.46,4760.52,20308.66,525.83,52.77,-0.72
Japan,Africa,Solar,2021,Terawatt-hours (TWh),1322,35150,1972,8379,31.15,4221.93,13739.24,1018.43,76.4,8.76
Japan,Asia,Nuclear,2017,Terawatt-hours (TWh),39383,29903,14387,15929,27.15,4871.58,15245.59,411.57,266.76,4.63
Japan,Europe,Hydro,2022,Terawatt-hours (TWh),37205,27872,537,3679,49.63,88.37,23345.28,292.19,361.25,-1.96
Japan,North America,Oil,2024,Terawatt-hours (TWh),10816,11623,2193,15953,27.67,4205.3,7151.95,1345.61,51.59,-0.13
Japan,South America,Wind,2021,Terawatt-hours (TWh),26431,9734,6702,10795,7.4,805.39,12417.63,781.89,81.12,1.94
Japan,South America,Coal,2021,Terawatt-hours (TWh),35306,17234,3849,1052,40.46,1730.37,1887.55,56.9,101.33,7.32
Japan,Africa,Hydro,2021,Terawatt-hours (TWh),6231,37172,13491,10715,62.59,2413.2,9800.15,548.99,117.36,-0.94
Japan,Europe,Solar,2024,Terawatt-hours (TWh),33708,46039,15,14641,41.9,4454.04,18875.81,717.68,63.59,2.49
Japan,Africa,Nuclear,2021,Terawatt-hours (TWh),14399,49992,2580,11391,65.45,4153.58,21660.75,765.25,177.15,-3.31
Japan,Asia,Coal,2022,Terawatt-hours (TWh),3652,10059,13774,4888,26.82,3778.61,4758.56,312.24,307.35,-3.36
Japan,Europe,Solar,2020,Terawatt-hours (TWh),17910,27551,3984,5947,66.48,4732.96,18935.42,917.66,383.42,9.75
Japan,South America,Wind,2017,Terawatt-hours (TWh),41780,35714,7701,1387,29.44,1647.39,16644.57,687.48,301.32,-4.99
Japan,Asia,Wind,2015,Terawatt-hours (TWh),40972,1968,8600,17893,25.99,4400.74,20436.75,1292.7,87.08,-1.4
Japan,Europe,Hydro,2021,Terawatt-hours (TWh),23046,23928,13942,6206,58.47,3680.06,2069.6,1273.11,69.06,4.98
Japan,Europe,Natural Gas,2019,Terawatt-hours (TWh),29872,26319,10447,9464,11.67,769.24,6920.99,1452.1,172.08,-0.73
Japan,Europe,Oil,2023,Terawatt-hours (TWh),34854,15959,3226,7832,65.36,4376.89,22398.19,126.13,76.56,-3.73
Japan,North America,Nuclear,2018,Terawatt-hours (TWh),10426,9950,164,15029,66.2,2845.41,751.87,291.43,370.96,-2.6
Japan,Africa,Hydro,2016,Terawatt-hours (TWh),45008,35794,10447,4306,62.77,3011.02,85.65,1474.42,171.41,2.48
Japan,Europe,Natural Gas,2017,Terawatt-hours (TWh),1841,45189,10590,5725,39.15,4091.47,6092.16,338.24,206.61,6.41
Japan,North America,Oil,2019,Terawatt-hours (TWh),14751,22226,9585,18077,24.68,2416.46,9650.03,842.17,109.98,1.48
Japan,South America,Coal,2015,Terawatt-hours (TWh),22195,23074,3685,11421,14,1275.05,22640.63,499.36,183.84,0.38
Japan,South America,Solar,2017,Terawatt-hours (TWh),7822,46220,9092,19358,32.59,601.76,17428.81,997.5,341.9,-0.82
Japan,South America,Coal,2020,Terawatt-hours (TWh),36411,33099,1466,11522,40.34,929.94,6777.79,975.89,149.93,0.08
Japan,North America,Wind,2020,Terawatt-hours (TWh),33392,47231,595,5535,28.34,2029.79,23758.03,326.36,219.6,-2.42
Japan,North America,Coal,2021,Terawatt-hours (TWh),42997,38105,8330,12020,67.53,4972.59,9065.97,1492.85,303.42,7.41
Japan,Europe,Oil,2023,Terawatt-hours (TWh),45940,43620,9671,17859,65.83,4021.01,8760.03,969.5,113.27,-3.43
Japan,Oceania,Wind,2016,Terawatt-hours (TWh),18355,41478,10475,17319,10.7,3536.77,16412.19,1325.62,56.56,-3.47
Japan,Oceania,Coal,2022,Terawatt-hours (TWh),22436,49914,13269,19042,7.79,3423.51,1814.38,115.5,143.05,-4.77
Japan,North America,Wind,2016,Terawatt-hours (TWh),5664,6810,582,17211,37.54,3723.76,2015.05,681.44,328.65,-4.06
Japan,Africa,Wind,2018,Terawatt-hours (TWh),47897,44983,4810,11834,29.98,2766.3,18604.78,1346.85,222.77,-1.85
Japan,North America,Solar,2016,Terawatt-hours (TWh),6906,17670,13811,2751,30.08,3460.63,18068.08,469.17,335.41,-0.22
Japan,North America,Nuclear,2018,Terawatt-hours (TWh),13633,21737,12250,18883,45.56,1142.55,6769.57,1372.13,84.68,-3.38
Japan,Asia,Solar,2020,Terawatt-hours (TWh),38721,50083,8552,13370,54.21,3462.98,21258.55,1253.97,313.23,4.32
Japan,Asia,Solar,2022,Terawatt-hours (TWh),21586,566,11256,8149,13.86,1042.55,5743.89,1154.09,190.56,-2.49
Japan,Africa,Wind,2018,Terawatt-hours (TWh),45407,40926,14731,8587,40.82,2911.06,11748.79,598.73,262.38,-2.02
Japan,North America,Nuclear,2024,Terawatt-hours (TWh),7216,45402,3246,7849,58.73,2858,16703.83,1294.95,398.45,-3.39
Japan,Asia,Solar,2017,Terawatt-hours (TWh),3821,34170,5535,11151,31.64,1867.7,17808.8,458.12,196.24,3.25
Japan,North America,Wind,2019,Terawatt-hours (TWh),48131,48759,14413,15553,15.99,3826.07,15428.79,594.03,72.27,9.64
Japan,Oceania,Solar,2021,Terawatt-hours (TWh),7908,16747,2256,4136,66.44,2971.32,12749.37,1337.82,350.55,3.41
Japan,South America,Hydro,2017,Terawatt-hours (TWh),35353,18221,13337,15641,12.73,4916.05,14568.75,1129.45,64.5,-1.41
Japan,Asia,Solar,2017,Terawatt-hours (TWh),32486,48257,12917,3015,48.99,3367.86,1773.03,135.88,195.05,7.42
Japan,Oceania,Hydro,2022,Terawatt-hours (TWh),791,17192,11253,2023,14.47,2526.1,10352.36,358.25,339.52,-3.15
Japan,Asia,Nuclear,2022,Terawatt-hours (TWh),45847,49176,12901,10512,27.4,904.74,20876.01,635.63,256.11,-1.1
Japan,Asia,Natural Gas,2024,Terawatt-hours (TWh),8750,3124,9304,16011,29.51,445.77,14424.67,1433.91,336.82,-3.44
Japan,Africa,Nuclear,2022,Terawatt-hours (TWh),23387,4720,3403,4750,45.39,1225.77,4082.73,1069.88,133.04,8.11
Japan,Africa,Nuclear,2019,Terawatt-hours (TWh),23123,1560,9238,7663,14.89,3135.74,1121.61,858.64,109.55,-3.28
Japan,Europe,Hydro,2024,Terawatt-hours (TWh),48544,1855,8403,16899,17.55,2185.57,16974.25,1099.25,113.05,-4.5
Japan,South America,Solar,2016,Terawatt-hours (TWh),25251,13817,801,17243,37.03,2821.96,11700.42,538.52,146.23,6.31
Japan,Asia,Natural Gas,2023,Terawatt-hours (TWh),19829,39847,9727,2474,51.29,1447.25,20995.97,145.47,162,0.92
Japan,Europe,Natural Gas,2015,Terawatt-hours (TWh),21326,17344,79,12097,67.65,3154.96,2089.54,1304.49,57.74,7.48
Japan,Europe,Solar,2015,Terawatt-hours (TWh),4471,3771,618,4594,52.14,4935.41,7651.11,431.8,143.06,6.06
Japan,Asia,Hydro,2023,Terawatt-hours (TWh),13451,43065,8114,16359,61.84,1537.69,14692.25,1344.1,240.72,-0.68
Japan,Africa,Wind,2023,Terawatt-hours (TWh),32479,13218,2040,1635,42.26,478.4,17193.92,1141.31,271.42,-4.47
Japan,North America,Solar,2022,Terawatt-hours (TWh),32212,5346,7174,4807,52.8,4324.06,8820,1474.7,77.42,7.63
Japan,Africa,Natural Gas,2018,Terawatt-hours (TWh),30625,17040,13580,10517,65.48,4835.78,18000.85,1171.1,59.32,6.99
Japan,Oceania,Hydro,2023,Terawatt-hours (TWh),31904,33295,13932,16559,25.84,3506.4,20976.93,1300.69,235.02,-2.23
Japan,Asia,Oil,2021,Terawatt-hours (TWh),4625,14792,2161,19894,8.97,4546.01,11331.83,1107.28,146.12,-3.51
Japan,North America,Oil,2017,Terawatt-hours (TWh),11333,28123,14988,1920,49.18,1760.11,3583.35,1270.64,352.06,5.89
Japan,Asia,Wind,2020,Terawatt-hours (TWh),13369,44653,827,13034,26.81,1927.25,12416.33,229.52,365.56,-0.27
Japan,South America,Coal,2016,Terawatt-hours (TWh),45433,25094,2971,3699,20.34,4541.22,12889.14,79.94,96.55,-3.8
Japan,Asia,Hydro,2015,Terawatt-hours (TWh),25141,39550,9821,13280,12.75,1401.1,21579.83,75.94,98.91,3.19
Japan,North America,Hydro,2024,Terawatt-hours (TWh),32196,46660,12962,7204,16.49,4944.91,9501.79,891.94,333.89,-3.29
Japan,South America,Oil,2019,Terawatt-hours (TWh),11239,43879,4887,11677,14.19,3511.06,20658.44,452.28,304.99,-0.73
Japan,North America,Nuclear,2022,Terawatt-hours (TWh),37439,30872,12766,2342,11.33,1332.61,19054.05,929.64,69.36,6.53
Japan,Asia,Natural Gas,2018,Terawatt-hours (TWh),29544,12127,8591,3239,35.94,4143.48,12401.34,363.57,102.28,-2.36
Japan,Europe,Natural Gas,2021,Terawatt-hours (TWh),17332,12175,6760,1004,27.49,1558.25,2751.05,1396.65,253.97,6.58
Japan,South America,Solar,2022,Terawatt-hours (TWh),33335,43849,8910,14812,52.9,589.09,15295.61,650.19,66.85,6.51
Japan,Europe,Nuclear,2015,Terawatt-hours (TWh),40822,37786,5278,1737,12.01,2832.06,13867.17,1348.02,382.43,2.81
Japan,Oceania,Oil,2017,Terawatt-hours (TWh),27778,18047,10864,17585,62.66,1696.88,22164.83,10.69,214.81,8.88
Japan,North America,Nuclear,2018,Terawatt-hours (TWh),33498,11998,3638,8374,37.1,1080.2,12577.28,1445.99,158.5,6.95
Japan,Oceania,Wind,2020,Terawatt-hours (TWh),34071,8587,9831,14939,66.96,4980.03,5031.94,473.71,298.36,-2.9
Japan,North America,Coal,2021,Terawatt-hours (TWh),7886,19432,13031,8705,53.42,1192.31,22624.37,1162.14,323.66,3.7
Japan,North America,Oil,2022,Terawatt-hours (TWh),17087,4201,13550,2154,55.4,2382.8,13297.53,691.05,369.27,-1.97
Japan,Oceania,Oil,2021,Terawatt-hours (TWh),11236,18065,11879,7262,30.44,392.14,11239.94,1030.01,329.16,-0.75
Japan,Oceania,Nuclear,2023,Terawatt-hours (TWh),41901,11256,3938,3868,16.54,3208.4,13131.8,522.08,237.35,0.4
Japan,Oceania,Coal,2024,Terawatt-hours (TWh),22666,26184,337,1273,11.46,3541.76,10359.01,205.77,388.65,-2.62
Japan,Asia,Hydro,2020,Terawatt-hours (TWh),36127,42593,2392,7811,29.56,2093.21,4248.02,1369.15,330.99,-0.67
Japan,North America,Hydro,2024,Terawatt-hours (TWh),36673,28286,12744,19866,44.84,3048.21,496.28,959.61,100.59,-4.6
Japan,North America,Oil,2018,Terawatt-hours (TWh),24586,25791,10349,14480,53.65,4714.87,15391.45,56.24,260.18,2.08
Japan,North America,Solar,2018,Terawatt-hours (TWh),33071,38272,10548,7033,20.58,4671.57,22493.45,741.59,150.76,3.77
Japan,South America,Nuclear,2023,Terawatt-hours (TWh),29190,23549,3747,4630,33.72,3446.53,2467.62,473.11,298.45,5.31
Japan,Asia,Coal,2024,Terawatt-hours (TWh),13635,34067,5041,18515,9.84,1230.12,7895.03,201.16,345.6,1.84
Japan,South America,Hydro,2023,Terawatt-hours (TWh),10937,25499,11503,10970,52.41,3971.48,23886.69,1321.57,167.59,-2.19
Japan,Africa,Nuclear,2022,Terawatt-hours (TWh),48081,26211,6992,16665,69.94,1402.93,12531.93,727.4,168.89,1.16
Japan,Europe,Nuclear,2024,Terawatt-hours (TWh),15184,18744,9970,15034,16.95,743.3,2303.7,979.3,177,0.2
Japan,North America,Oil,2021,Terawatt-hours (TWh),25333,6213,12322,18222,30.17,1536.96,18964,742.62,215.28,1.18
Japan,North America,Coal,2019,Terawatt-hours (TWh),12666,8891,10335,9529,51.78,4979.29,1747.53,9.97,111.96,-0.93
Japan,North America,Oil,2020,Terawatt-hours (TWh),30721,17589,12533,16743,20.14,3184.26,8545.3,1241.51,319.54,-0.51
Japan,Oceania,Oil,2019,Terawatt-hours (TWh),45259,20396,1555,2839,21.34,1894.75,9642.76,363.68,183.34,-1.78
Japan,South America,Nuclear,2024,Terawatt-hours (TWh),44794,13566,4443,442,68.22,1873.53,16797.93,1395.1,346.93,-0.22
Japan,South America,Hydro,2022,Terawatt-hours (TWh),19264,17643,9876,894,45.16,4163.39,17071.66,1347.58,112.64,-0.16
Japan,Oceania,Natural Gas,2017,Terawatt-hours (TWh),29969,47076,12222,9237,39.6,1616.32,23928.82,383.78,263.4,9.91
Japan,South America,Coal,2024,Terawatt-hours (TWh),32687,19353,7197,5317,25.74,1805.52,6582.29,720.43,292.63,-2.37
Japan,South America,Oil,2019,Terawatt-hours (TWh),23024,29747,7216,9027,7.82,4009.21,24160.2,1306.5,157.93,4.89
Japan,North America,Hydro,2018,Terawatt-hours (TWh),32956,35624,2124,16552,47.27,1552.21,154.75,1420.59,192.04,-1.73
Japan,North America,Hydro,2023,Terawatt-hours (TWh),5423,10770,3822,8895,30.75,2164.56,4956.37,755.96,109.5,5.36
Japan,Africa,Hydro,2018,Terawatt-hours (TWh),44393,46000,12270,10198,14.42,2354.63,17189.71,782.98,245.93,7.88
Japan,Europe,Natural Gas,2018,Terawatt-hours (TWh),47812,1333,2361,15184,11.13,434.32,16012.22,1186.52,347.49,6.29
Japan,Oceania,Natural Gas,2015,Terawatt-hours (TWh),48843,7278,11678,19064,46,2038.6,4369.85,1160.36,149.72,-3.59
Japan,Africa,Oil,2023,Terawatt-hours (TWh),10337,11767,13006,3051,29.65,2910.62,21987.71,1057.89,176.18,-0.62
Japan,North America,Solar,2018,Terawatt-hours (TWh),14450,39131,8741,10543,56.83,2663.01,19747.2,1036.4,211.18,7.91
Japan,South America,Wind,2017,Terawatt-hours (TWh),4022,3753,12286,12616,52.44,3143.32,2300.01,188.14,208.14,3.09
Japan,Asia,Natural Gas,2020,Terawatt-hours (TWh),40397,859,6272,17031,55.4,2847.06,13828.54,1125.35,225.14,-3.46
Japan,Oceania,Solar,2020,Terawatt-hours (TWh),5340,29231,12742,14837,54.67,130.16,10215.37,666.7,274.18,-3.92
Japan,North America,Hydro,2023,Terawatt-hours (TWh),21033,17247,1609,5303,58.65,3287.61,13018.63,641.02,140.34,1.27
Japan,Europe,Hydro,2024,Terawatt-hours (TWh),27008,48467,13398,9695,57.6,3501.53,17648.82,232.83,124.43,2.01
Japan,South America,Natural Gas,2020,Terawatt-hours (TWh),35116,40386,4414,6368,55.48,305.6,18227.6,1417.92,278.85,-1.81
Japan,Asia,Coal,2024,Terawatt-hours (TWh),3541,2797,9290,3942,24.99,1460.6,6661.69,789.83,134.29,7.22
Japan,North America,Solar,2023,Terawatt-hours (TWh),1332,21331,11559,19982,41.15,1792.36,20568.64,1000.72,366.41,-0.46
Japan,South America,Wind,2015,Terawatt-hours (TWh),3992,48173,5651,8572,47.84,390.87,17278.97,1485.38,336.76,-4.08
Japan,Oceania,Wind,2017,Terawatt-hours (TWh),1576,10749,2694,5602,64.65,4593.82,1069.28,1302.91,304.24,9.36
Japan,Asia,Oil,2017,Terawatt-hours (TWh),35776,32565,1089,12606,21.94,2792.27,20781.78,977.14,278.54,5.14
Japan,South America,Hydro,2017,Terawatt-hours (TWh),32705,36674,1172,19859,10.84,3384.83,21665.92,1463.68,230.58,4.94
Japan,Europe,Natural Gas,2018,Terawatt-hours (TWh),31284,5658,6326,7446,52.07,4280.9,7276.13,609.1,207.33,-1.56
Japan,Oceania,Hydro,2015,Terawatt-hours (TWh),7930,23957,3917,10144,54.78,3123.26,7394.77,642.29,76.79,5.73
Japan,Oceania,Solar,2017,Terawatt-hours (TWh),26828,44735,12027,11449,26.01,4199.05,10875.99,909.16,325.26,9.96
Japan,Europe,Natural Gas,2018,Terawatt-hours (TWh),34984,24327,12642,12349,8.02,1044.65,8814.19,1441.18,122.99,4.11
Japan,Europe,Coal,2015,Terawatt-hours (TWh),49883,45491,542,7257,26.54,4989.31,19168.63,200.04,67.1,6.67
Japan,South America,Nuclear,2021,Terawatt-hours (TWh),747,51397,1432,14503,49.33,1559.42,2294.56,127.49,268.52,1
Japan,Asia,Nuclear,2023,Terawatt-hours (TWh),46866,51093,10261,12146,67.27,4843.29,7376.6,1151.67,200.21,1.98
Japan,Oceania,Wind,2018,Terawatt-hours (TWh),29552,16305,7845,17235,31.61,1914.3,18884.9,1086.84,361.79,1.51
Japan,South America,Hydro,2022,Terawatt-hours (TWh),34819,13922,14665,3640,15.76,492.41,12521.51,553.49,389.88,-2.46
Japan,North America,Oil,2021,Terawatt-hours (TWh),37435,15780,4300,14837,59.85,2066.03,16543.05,223.24,140.88,7.64
Japan,Europe,Oil,2024,Terawatt-hours (TWh),1901,2898,3998,12919,38.07,3546.15,10953.9,853.76,236.1,0.4
Japan,Oceania,Nuclear,2015,Terawatt-hours (TWh),23962,27103,5421,13533,15.84,4416.07,7424.12,715.61,313.47,4.91
Japan,Africa,Oil,2023,Terawatt-hours (TWh),11177,31504,5306,18459,64.73,982.45,5354.44,20.98,212.7,6.13
Japan,Asia,Solar,2023,Terawatt-hours (TWh),15509,16561,11810,12158,60.23,4820.27,13462.01,1188.07,100.27,4.19
Japan,Africa,Hydro,2018,Terawatt-hours (TWh),18005,22035,4080,15218,25.7,4959.58,2999.21,1000.35,123.36,-2.59
Japan,South America,Nuclear,2018,Terawatt-hours (TWh),24545,11604,9662,11070,47.34,2290.22,9385.38,1179.32,235.76,3.77
Japan,North America,Wind,2023,Terawatt-hours (TWh),19223,41778,2358,14728,51.97,1424.57,17945.67,774.95,87.18,-3.99
Japan,South America,Coal,2024,Terawatt-hours (TWh),17808,3329,5615,7719,51.21,3682.67,4855.07,217.82,142.23,0.26
Japan,North America,Oil,2015,Terawatt-hours (TWh),40959,40178,12349,4692,12.59,2881.84,13830.43,476.33,216.09,8.01
Japan,Africa,Oil,2017,Terawatt-hours (TWh),18920,42942,9321,8940,25.24,288.3,7310.71,282.42,328.3,2.49
Japan,Oceania,Coal,2018,Terawatt-hours (TWh),4426,3664,7873,2917,5.33,82.55,10219,1223.68,223.5,0.79
Japan,North America,Hydro,2022,Terawatt-hours (TWh),23882,37886,8306,7246,27.46,2607.62,6939.78,1136.02,178.15,0.95
Japan,Africa,Wind,2017,Terawatt-hours (TWh),23291,49118,10920,2692,64.19,2887.31,990.11,591.47,123.49,9.61
Japan,Africa,Hydro,2016,Terawatt-hours (TWh),12905,28469,6437,6606,37.52,4325.74,7928.68,1106.75,199.78,-2.06
Japan,South America,Nuclear,2020,Terawatt-hours (TWh),1625,10657,11228,12530,39.36,1412.02,15326.87,931.21,387.07,9.57
Japan,North America,Nuclear,2020,Terawatt-hours (TWh),9656,46179,8833,13280,66.38,4730.77,7980.88,942.74,177.3,7.25
Japan,North America,Coal,2015,Terawatt-hours (TWh),2464,43038,6768,1062,46.57,3268.85,7743.76,61.09,114.04,5.63
Japan,Asia,Oil,2018,Terawatt-hours (TWh),4794,18851,3106,6838,58.03,1185.08,17784.21,224.37,137.88,7.36
Japan,North America,Coal,2018,Terawatt-hours (TWh),26567,6091,10551,1981,58.85,1911.84,17423.53,132.89,341.38,7.54
Japan,North America,Wind,2022,Terawatt-hours (TWh),11368,11845,5336,4674,29.02,2285.26,14377.77,1187.91,221.58,1.66
Japan,South America,Oil,2023,Terawatt-hours (TWh),12179,42253,9260,11108,67.53,4974.73,11950.94,663.41,227.14,7.2
Japan,Asia,Wind,2024,Terawatt-hours (TWh),29034,17790,8273,17417,23.99,2311.09,20160.43,455.43,67.05,-0.15
Japan,Africa,Natural Gas,2020,Terawatt-hours (TWh),34072,42250,13478,13963,44.55,3931.39,17580.82,716.64,231.35,-2.38
Japan,South America,Hydro,2017,Terawatt-hours (TWh),24338,38837,342,19622,49.68,3243.41,22370.78,1021.4,124.16,-0.53
Japan,South America,Hydro,2022,Terawatt-hours (TWh),29155,48773,867,15125,6.54,3278.37,7502.49,374.9,172.35,-4.64
Japan,Asia,Hydro,2024,Terawatt-hours (TWh),22718,13031,12658,2119,51.72,2533.61,15291.88,1082.83,110.55,3.39
Japan,Oceania,Natural Gas,2017,Terawatt-hours (TWh),514,29200,7388,2502,20,4478.44,11102.6,479.46,72.26,5.84
Japan,Africa,Nuclear,2022,Terawatt-hours (TWh),8627,47995,6456,499,26.79,2804.91,18991.33,332.89,242.05,9.64
Japan,North America,Solar,2021,Terawatt-hours (TWh),18708,17009,2439,9187,11.07,53.03,2688.36,250.1,152.97,4.96
Japan,Africa,Oil,2023,Terawatt-hours (TWh),13838,21093,13274,18755,69.17,2916.13,13683.12,745.41,177.61,5.42
Japan,Oceania,Nuclear,2024,Terawatt-hours (TWh),9886,5560,5550,4497,18.71,2976.59,23498.27,972.57,186.31,3.25
Japan,Europe,Wind,2023,Terawatt-hours (TWh),42257,26578,2703,14842,25.54,874.29,6698.26,1450.43,194.64,-2.31
Japan,Africa,Oil,2020,Terawatt-hours (TWh),28398,27154,1428,1826,20.59,4107,19719,795.4,126.85,4.4
Japan,North America,Natural Gas,2018,Terawatt-hours (TWh),5878,38499,3414,10836,46.27,872.65,410.18,934.89,395.88,4.63
Japan,South America,Solar,2018,Terawatt-hours (TWh),31834,20437,4389,10873,64.55,1650.7,90.06,151.35,160.74,-2.42
Japan,South America,Solar,2019,Terawatt-hours (TWh),39940,14408,7816,13994,69.74,70.82,2648.38,314.53,62.64,9.12
Japan,Europe,Wind,2020,Terawatt-hours (TWh),49717,50674,11932,6605,62.19,1531.68,3330.13,1174.86,103.39,-2.71
Japan,Oceania,Solar,2024,Terawatt-hours (TWh),5596,41882,820,16362,21.63,4687.47,3029.48,1155.74,354.33,5.53
Japan,Africa,Wind,2015,Terawatt-hours (TWh),15185,18522,14351,10692,35.22,4992.44,16933.1,888.65,225.54,4.87
Japan,Asia,Oil,2018,Terawatt-hours (TWh),31631,26115,11648,5846,28.46,2536.51,13805.2,862.56,225.21,3.65
Japan,Africa,Solar,2018,Terawatt-hours (TWh),2334,28178,6767,11846,56.6,1435.84,17103.49,337.94,84.7,4.45
Japan,Asia,Wind,2015,Terawatt-hours (TWh),2853,21324,9761,5407,50.76,4788.37,17229.79,328.53,196.57,-1.22
Japan,South America,Natural Gas,2015,Terawatt-hours (TWh),8703,40644,9810,8362,22.21,3750.42,9732.84,576.03,241.39,7.08
Japan,Asia,Hydro,2019,Terawatt-hours (TWh),17840,35082,6176,938,52.6,1512.12,19805.38,1221.89,151.9,1.17
Japan,Asia,Oil,2021,Terawatt-hours (TWh),35223,33147,6442,9923,37.65,1642.8,14919.22,946.22,118.85,0.84
Japan,North America,Hydro,2021,Terawatt-hours (TWh),23927,9876,334,9376,31.49,4309.96,11382.36,299.73,190.56,-2.26
Japan,North America,Hydro,2019,Terawatt-hours (TWh),49630,51975,9094,2340,11.53,3929.78,17467.8,560.21,334.98,7.33
Japan,Asia,Coal,2018,Terawatt-hours (TWh),47373,21581,11624,3816,16.77,4927.14,16354.28,65.17,314.79,5.71
Japan,Oceania,Coal,2019,Terawatt-hours (TWh),10275,33352,2450,11473,9.49,268.45,12644.55,1218.24,277.67,1.98
Japan,North America,Solar,2020,Terawatt-hours (TWh),12781,10752,3773,1707,59.51,2266.33,14907.29,1446.45,245.52,9.32
Japan,Africa,Nuclear,2024,Terawatt-hours (TWh),31104,16668,2974,17321,66.29,2342.36,12646.13,1026.11,80.42,4.03
Japan,Oceania,Solar,2020,Terawatt-hours (TWh),47183,9433,14356,1823,36.28,3416.29,23008.85,1004.18,297.9,-3.55
Japan,Africa,Nuclear,2019,Terawatt-hours (TWh),49346,13176,13398,13277,20.47,3240.36,1952.91,1044.03,62.32,-0.37
Japan,Africa,Wind,2015,Terawatt-hours (TWh),7972,15243,8533,17696,25.75,3656.35,6731.35,134.82,222.13,-4.19
Japan,Africa,Coal,2023,Terawatt-hours (TWh),24281,5147,8446,14776,33.62,1494.12,19207.89,199.75,214.7,-4.98
Japan,South America,Coal,2021,Terawatt-hours (TWh),35736,5638,6363,12719,13.69,749.49,473.35,235.88,319.62,4.38
Japan,Oceania,Solar,2016,Terawatt-hours (TWh),30600,34840,7409,10645,48.34,1010.26,23993.7,1148.43,297.85,5.95
Japan,Africa,Coal,2024,Terawatt-hours (TWh),20522,41470,3566,17135,64.55,3189.83,10132.49,917.68,145.92,8.47
Japan,Oceania,Natural Gas,2017,Terawatt-hours (TWh),15555,5370,2995,18941,41.66,1173.02,5483.31,243.45,101.79,3.79
Japan,Oceania,Oil,2016,Terawatt-hours (TWh),2900,49836,52,6584,15.37,3176.71,16398.2,359.41,399.52,-1.48
Japan,Africa,Nuclear,2018,Terawatt-hours (TWh),12713,16324,337,1962,11.81,3757.54,615.15,1424.12,143.13,-0.05
Japan,Oceania,Natural Gas,2023,Terawatt-hours (TWh),18908,44111,3973,16707,55.93,2527.08,1340.47,673.67,355.22,8.05
Japan,North America,Nuclear,2019,Terawatt-hours (TWh),3713,27110,1667,19429,31.4,3818.16,5382.38,994.34,176.73,-4.81
Japan,Asia,Natural Gas,2021,Terawatt-hours (TWh),17914,46476,7085,4667,44.61,288.43,18737.43,1064.83,152.96,0.59
Japan,North America,Nuclear,2017,Terawatt-hours (TWh),40173,2916,6285,8293,22.55,2937.28,21188.55,709,375.49,4.68
Japan,South America,Natural Gas,2019,Terawatt-hours (TWh),36741,38091,4958,4083,49.94,1029.57,2652.37,797.33,59.8,5.68
Japan,Africa,Wind,2019,Terawatt-hours (TWh),29249,2636,8532,18809,46.42,162.22,7961.43,1080.64,181.2,-4.96
Japan,South America,Solar,2022,Terawatt-hours (TWh),20187,51713,733,6670,30.11,2580.66,13773.98,531.17,154.59,-2.28
Japan,Europe,Coal,2017,Terawatt-hours (TWh),40112,26507,11146,8397,34.87,4815.86,19685.07,1207.82,56.62,3.63
Japan,South America,Hydro,2021,Terawatt-hours (TWh),9193,32825,11227,2,55.19,2790.84,6891.44,558.29,214.12,2.75
Japan,North America,Natural Gas,2021,Terawatt-hours (TWh),20514,23278,7422,18091,32.09,667.56,6488.19,1369.57,120.62,9.74
Japan,South America,Natural Gas,2015,Terawatt-hours (TWh),20148,21054,7768,5167,10.73,558.71,4416.87,116.3,365.78,1.26
Japan,Africa,Nuclear,2024,Terawatt-hours (TWh),35441,2661,12729,8258,38.98,4157.36,14635.66,35.56,264.18,-2.93
Japan,Africa,Wind,2021,Terawatt-hours (TWh),36652,46213,13082,5260,19.85,1991.25,2064.39,302.13,280.66,-3.84
Japan,Asia,Oil,2022,Terawatt-hours (TWh),40389,23477,13178,4191,8.37,3704.95,23839.62,876.37,234.36,2.03
Japan,South America,Wind,2024,Terawatt-hours (TWh),29287,9284,3338,6421,23.47,1366.57,8821.25,310.33,87.86,-0.01
Japan,Europe,Wind,2019,Terawatt-hours (TWh),28248,45413,7513,11696,56.17,1059.17,1695.45,247.4,250.07,8.76
Japan,South America,Coal,2018,Terawatt-hours (TWh),21848,23798,8493,9532,26.82,1143.83,23801.81,106.06,117.3,4.02
Japan,Oceania,Natural Gas,2016,Terawatt-hours (TWh),26537,24964,2647,6760,63.99,562.35,10299.36,1479.52,154.38,9.84
Japan,Europe,Hydro,2022,Terawatt-hours (TWh),36071,18388,4523,787,5.56,4535.19,1452.13,396.33,324.74,9.42
Japan,Africa,Nuclear,2018,Terawatt-hours (TWh),11286,49157,7303,17845,52.23,1510.75,23214.57,372.25,285.39,-2.2
Japan,Africa,Coal,2023,Terawatt-hours (TWh),16111,12422,5439,4656,67.27,4226.38,5691.74,413.22,141.08,6.59
Japan,Africa,Hydro,2019,Terawatt-hours (TWh),27106,8428,9698,2206,64.08,4686.15,5617.64,41.98,102.7,6.09
Russia,Europe,Oil,2019,Terawatt-hours (TWh),31550,30667,5735,7537,38.4,1999.41,15528.75,472.69,56.9,8.66
Russia,Asia,Nuclear,2017,Terawatt-hours (TWh),47337,10918,7559,6167,37.49,3908.29,10360.35,1455.54,100.51,5.88
Russia,Oceania,Wind,2021,Terawatt-hours (TWh),42087,12901,3781,13172,21.46,1153.08,7791.51,985.7,82.15,-1.6
Russia,Oceania,Nuclear,2021,Terawatt-hours (TWh),6097,14215,12042,19391,44.78,958.73,21412.4,420.53,256.1,1.74
Russia,South America,Coal,2021,Terawatt-hours (TWh),27612,24796,8069,6870,28.63,4607.48,5107.87,355.42,343.24,-0.27
Russia,North America,Nuclear,2015,Terawatt-hours (TWh),44309,9477,14491,10169,15.14,3364.96,458.18,1251.78,149.34,-2.43
Russia,Oceania,Nuclear,2017,Terawatt-hours (TWh),36441,5785,14514,16340,44.12,4871.87,24368.42,1352.53,351.62,-1.37
Russia,Europe,Nuclear,2017,Terawatt-hours (TWh),25276,21107,1410,6393,57.31,1343.45,23528.4,1309.26,311.97,7.35
Russia,North America,Wind,2021,Terawatt-hours (TWh),28791,32686,3469,18996,49.6,2304.61,11006.4,306.12,136.29,4.42
Russia,Asia,Natural Gas,2020,Terawatt-hours (TWh),36892,4360,4468,15862,13.71,2147.48,4518.28,270.2,281.29,6.41
Russia,Asia,Coal,2017,Terawatt-hours (TWh),31626,10964,1042,19546,21.63,2602.15,23705.69,147.97,94.72,-5
Russia,Asia,Hydro,2016,Terawatt-hours (TWh),24902,25580,2633,9048,64.2,4351.1,4152.74,1148.75,368.92,5.2
Russia,Oceania,Nuclear,2017,Terawatt-hours (TWh),4594,19562,5092,15462,23.31,2885.2,21206.45,268.88,258.62,9.61
Russia,Asia,Natural Gas,2022,Terawatt-hours (TWh),29500,42266,13730,15250,38,421.36,16323.95,1441.06,256.54,5.14
Russia,Africa,Nuclear,2020,Terawatt-hours (TWh),49761,42213,11595,18363,29.18,405.31,11329.23,15.25,399.9,3.2
Russia,Africa,Solar,2017,Terawatt-hours (TWh),27444,27511,14287,14094,20.61,3040.94,952.74,49.63,214.55,1.47
Russia,Africa,Wind,2016,Terawatt-hours (TWh),13213,44526,1777,9697,11.16,244.3,16556.81,487.23,384.84,-0.15
Russia,Africa,Hydro,2024,Terawatt-hours (TWh),42589,37520,6858,1347,18.91,4538.86,3764.86,377.05,323.68,3.63
Russia,North America,Nuclear,2015,Terawatt-hours (TWh),39935,49659,175,17492,44.06,4112.71,13576.07,906.35,218.88,-2.28
Russia,Europe,Solar,2022,Terawatt-hours (TWh),5790,22282,2752,9103,68.43,2225.73,5591.3,743.71,339.81,1.06
Russia,Asia,Natural Gas,2024,Terawatt-hours (TWh),16840,50228,13289,5953,13.4,3125.73,2663.41,604.37,399.6,-3.85
Russia,North America,Coal,2024,Terawatt-hours (TWh),11423,8470,2386,14702,43.39,2997.89,647.29,1080.56,383.87,-3.95
Russia,Africa,Oil,2017,Terawatt-hours (TWh),37231,36101,490,1436,56.09,1780.19,18470.65,956,193.62,-3.97
Russia,Asia,Wind,2023,Terawatt-hours (TWh),2791,39448,6594,7926,58.05,4005.63,22590.59,1271.4,333.9,-3.66
Russia,Europe,Coal,2018,Terawatt-hours (TWh),26956,20650,121,239,49.34,3648.85,22329.85,400.97,103.94,6.03
Russia,Oceania,Hydro,2019,Terawatt-hours (TWh),11504,10628,13559,12151,25.24,3055.59,18833.3,1437.29,293.5,6.74
Russia,South America,Hydro,2019,Terawatt-hours (TWh),42142,9618,12160,16525,10.76,3060.72,6382.43,1269.25,217.96,5.14
Russia,Oceania,Oil,2018,Terawatt-hours (TWh),30549,41757,1918,278,17.27,683.88,8493.68,273.67,396.28,-0.89
Russia,Oceania,Oil,2016,Terawatt-hours (TWh),30767,2346,7359,7992,11.28,1872.93,3435.41,1106.74,200.44,5.32
Russia,Asia,Oil,2015,Terawatt-hours (TWh),34813,4349,5937,5288,67.91,3988.17,807.95,892.4,76.24,1.13
Russia,Europe,Nuclear,2016,Terawatt-hours (TWh),44876,18915,25,15958,25.96,2914.88,9904.01,651.65,89.29,-3.53
Russia,South America,Wind,2021,Terawatt-hours (TWh),13720,48193,1852,14833,42.25,3297.77,24509.84,863.9,228.23,4.52
Russia,South America,Coal,2023,Terawatt-hours (TWh),20721,3736,1311,14856,34.99,2078.24,22820.61,699.07,245.87,-0.19
Russia,Africa,Wind,2017,Terawatt-hours (TWh),35617,7446,14544,3500,44.41,259.03,7193.1,100.43,65.55,8.4
Russia,Europe,Wind,2021,Terawatt-hours (TWh),3740,11575,9279,8162,18.12,3701,11274.57,493.75,399.78,-3.45
Russia,Asia,Wind,2021,Terawatt-hours (TWh),39833,10872,5789,15637,35.17,1181.52,21271.55,367.57,256.17,3.21
Russia,South America,Hydro,2018,Terawatt-hours (TWh),12266,50287,10603,4792,66.87,3521.45,11964.88,267.6,103.28,0.37
Russia,North America,Hydro,2016,Terawatt-hours (TWh),31590,739,12152,17194,42.88,1293.98,1492.67,383.75,72.91,3.94
Russia,Oceania,Coal,2016,Terawatt-hours (TWh),5676,952,1117,17229,9.22,2710.2,17595.72,144.42,141.8,6.26
Russia,North America,Natural Gas,2019,Terawatt-hours (TWh),41644,37876,13811,19944,37.82,1698.89,11431.74,532.12,89.16,-2.92
Russia,South America,Solar,2017,Terawatt-hours (TWh),43125,26178,4655,15068,13.74,617.67,10249.43,280.24,60.73,8.8
Russia,Africa,Hydro,2020,Terawatt-hours (TWh),34673,25161,11849,15737,12.19,4355.29,8294.31,257.77,315.62,3.98
Russia,Asia,Hydro,2016,Terawatt-hours (TWh),13646,46012,7620,1886,47.93,3086.9,840.52,698.71,121.29,-0.19
Russia,Europe,Natural Gas,2023,Terawatt-hours (TWh),17926,13676,2065,16762,34.39,2215.37,2977.31,1433.27,130,6.03
Russia,Europe,Natural Gas,2021,Terawatt-hours (TWh),514,40078,5096,17684,33.6,4438.42,13455.07,1329.26,112.85,-3.51
Russia,Asia,Natural Gas,2017,Terawatt-hours (TWh),18364,36925,10512,15178,38.45,2484.47,11495.59,679.27,353.92,5.85
Russia,North America,Hydro,2021,Terawatt-hours (TWh),26821,37964,7925,19921,58.95,1243.46,6833.73,1306.83,380.58,-1.48
Russia,Oceania,Wind,2024,Terawatt-hours (TWh),7589,16342,1482,5273,33.32,2582.23,19193.11,1404.61,267.41,-1.62
Russia,North America,Nuclear,2017,Terawatt-hours (TWh),47846,6638,4170,18135,39.17,1574.7,20792.26,1271.11,358.52,7.51
Russia,North America,Solar,2015,Terawatt-hours (TWh),2267,36005,8151,3922,10.72,4737.24,22722.84,1267.17,319.46,2.91
Russia,Africa,Nuclear,2022,Terawatt-hours (TWh),47531,40051,1831,546,32.29,70.19,8686.27,808.87,381.99,2.32
Russia,South America,Wind,2024,Terawatt-hours (TWh),37543,19028,8637,16027,49.86,1649.58,2698.79,1402.31,94.11,3.81
Russia,Africa,Coal,2015,Terawatt-hours (TWh),11991,10249,12133,6830,49.87,4623.95,12226.51,957.67,338.77,6.15
Russia,Africa,Coal,2016,Terawatt-hours (TWh),40030,41772,14218,10015,65.8,2228.38,4172.9,1411.09,312.75,-3.42
Russia,North America,Wind,2024,Terawatt-hours (TWh),25327,44770,6356,19765,7,3853.57,14311.53,62.9,322.27,-1.62
Russia,South America,Hydro,2015,Terawatt-hours (TWh),40498,50681,4985,13088,27.32,4826.09,24909.12,1055.72,324.22,-4.93
Russia,South America,Hydro,2016,Terawatt-hours (TWh),29487,25699,9449,8207,28.76,2242.87,15159.79,736.22,54,6.53
Russia,Oceania,Hydro,2018,Terawatt-hours (TWh),20837,25518,12805,118,13.54,2674.58,6928.47,886.12,380.6,-0.35
Russia,South America,Natural Gas,2018,Terawatt-hours (TWh),35620,21145,10309,18155,6.24,1783.22,4461.89,1327.32,86.42,0.87
Russia,Oceania,Nuclear,2019,Terawatt-hours (TWh),19541,39292,2936,13081,14.9,1931.67,14102.8,986.64,310.72,2.73
Russia,Europe,Hydro,2022,Terawatt-hours (TWh),41668,21299,12241,11846,40.69,2525.98,24800.55,945.02,223.3,0.96
Russia,Africa,Wind,2024,Terawatt-hours (TWh),37078,22558,12771,17388,5.05,4624.62,4783.49,932.69,160.28,3.44
Russia,Oceania,Hydro,2017,Terawatt-hours (TWh),1492,18930,10546,11191,41.67,2059.15,7694.93,517.62,374.82,-3.45
Russia,Europe,Solar,2020,Terawatt-hours (TWh),654,12846,14675,17454,38.73,4529.54,6126.85,808.87,98.32,-3.24
Russia,South America,Oil,2018,Terawatt-hours (TWh),19138,43943,1373,8957,15.24,4196.71,11125.79,784.42,368.83,-4.85
Russia,Asia,Natural Gas,2023,Terawatt-hours (TWh),28986,5775,9734,5004,40.13,1200.9,22061.02,738.13,333.48,-0.07
Russia,Africa,Nuclear,2019,Terawatt-hours (TWh),46653,15979,6115,5575,5.42,2226.93,19321.89,802.46,333.27,2.78
Russia,Africa,Solar,2020,Terawatt-hours (TWh),11424,16241,10446,3442,38.03,3620.43,19583.24,187.24,127.25,-4.4
Russia,North America,Wind,2018,Terawatt-hours (TWh),31039,29505,12622,13384,27.68,1975.04,3007.31,276,297.16,-0.72
Russia,Asia,Nuclear,2024,Terawatt-hours (TWh),9848,7982,4981,13041,47.45,2434.58,2348.48,1160.02,235.81,9.97
Russia,North America,Nuclear,2017,Terawatt-hours (TWh),18045,4798,2001,6900,69.26,1210.73,11754.23,64.43,141.07,0.17
Russia,Europe,Nuclear,2019,Terawatt-hours (TWh),2369,24970,10379,15892,65.88,236.27,22736.94,819.99,122.35,-4.12
Russia,North America,Hydro,2015,Terawatt-hours (TWh),6202,51455,3134,4540,15.4,2274.89,8152.1,269.7,73.87,8.23
Russia,Africa,Nuclear,2017,Terawatt-hours (TWh),12054,48006,3678,180,59.49,865.8,13690.31,109.61,136.12,1.71
Russia,Oceania,Oil,2016,Terawatt-hours (TWh),36277,14806,7620,660,7.62,2938.38,2568.55,1473.41,96.97,6.72
Russia,South America,Natural Gas,2024,Terawatt-hours (TWh),30227,33781,7015,2840,40.3,4808.4,11663.28,1321.79,102.24,9.29
Russia,Europe,Natural Gas,2016,Terawatt-hours (TWh),3410,23018,80,10770,40.93,4739.62,23287.93,469.1,197.15,-0.53
Russia,Africa,Natural Gas,2016,Terawatt-hours (TWh),31176,9725,4798,16922,56.34,1290.56,17055.98,303.16,301.66,0.68
Russia,Asia,Wind,2018,Terawatt-hours (TWh),18126,50349,3157,18764,19.9,133.65,11254.53,1344.06,90.04,-2.15
Russia,North America,Wind,2022,Terawatt-hours (TWh),39421,22854,14728,18044,43.2,4094.08,17201.08,693.49,228.29,0.95
Russia,North America,Wind,2016,Terawatt-hours (TWh),32357,18147,5151,18445,41.05,4219.09,16255.4,1387.94,68.61,5.28
Russia,Asia,Nuclear,2017,Terawatt-hours (TWh),27514,38034,9263,3320,23.15,3597.78,10163.36,474.92,343.24,1.81
Russia,Oceania,Oil,2019,Terawatt-hours (TWh),4157,51169,10766,7420,27.55,1832.51,7245.01,411.31,191.66,5.23
Russia,North America,Solar,2017,Terawatt-hours (TWh),42883,5012,8401,6442,29.59,2422.43,5660.04,414.19,313.12,7.77
Russia,North America,Coal,2016,Terawatt-hours (TWh),36599,25680,9997,973,10.13,1774.39,9355.05,1392.16,262.21,2.3
Russia,Oceania,Solar,2015,Terawatt-hours (TWh),1527,43033,5261,9994,68.15,694.9,1724.56,1080.84,249.37,-0.89
Russia,Asia,Hydro,2016,Terawatt-hours (TWh),46551,45059,5984,14078,65.74,3060.9,3757.93,689.5,238.17,-1.32
Russia,North America,Oil,2015,Terawatt-hours (TWh),17064,16886,2389,13518,16.75,160.7,24291.18,1003,148.23,2.45
Russia,Asia,Nuclear,2015,Terawatt-hours (TWh),48265,33963,1740,6283,56.73,2271.24,24229.9,1009.54,178.84,6.77
Russia,North America,Oil,2023,Terawatt-hours (TWh),48352,31476,9582,17628,25.68,831.57,3250.92,1432.44,362.43,5.11
Russia,North America,Coal,2017,Terawatt-hours (TWh),6087,5538,6569,2749,33.66,113.31,14398.21,1398.09,324.1,7.87
Russia,South America,Hydro,2021,Terawatt-hours (TWh),18456,12552,3024,2318,11.85,3456.77,6949.76,497.86,309.05,-4.08
Russia,North America,Hydro,2019,Terawatt-hours (TWh),38627,10674,2702,17558,41.53,2279.34,1547.17,283.99,83.59,8.43
Russia,South America,Oil,2019,Terawatt-hours (TWh),42065,27829,11403,4764,28.24,3608.64,2226.51,1208.96,201.01,9.99
Russia,Asia,Coal,2023,Terawatt-hours (TWh),27931,51370,6999,18481,57.49,1946.62,10581.76,1282.6,152.13,2.19
Russia,Oceania,Wind,2017,Terawatt-hours (TWh),26068,1545,1264,1305,24.2,2629.23,22321.29,142.48,274.55,-4.2
Russia,Oceania,Solar,2024,Terawatt-hours (TWh),24713,1875,12612,5758,16.86,4067.32,16944.49,670.73,100.6,8.03
Russia,Asia,Wind,2019,Terawatt-hours (TWh),35929,24403,402,3892,33.92,3062.43,1582.33,103.33,291.22,9.44
Russia,North America,Coal,2022,Terawatt-hours (TWh),5198,6876,2607,18671,19.63,990.99,15460.06,409.74,330.43,7.18
Russia,Oceania,Natural Gas,2022,Terawatt-hours (TWh),10665,33002,8580,8696,35.89,3702.04,19817.06,544.8,212.28,-0.87
Russia,South America,Solar,2024,Terawatt-hours (TWh),23679,10362,9965,9595,38.42,3087.56,7760.97,197.06,371.83,-1.16
Russia,Asia,Coal,2023,Terawatt-hours (TWh),28302,29323,14082,6543,63.81,3437.62,5723.59,978.97,165.13,5.99
Russia,Oceania,Nuclear,2017,Terawatt-hours (TWh),4778,29280,1907,18819,57.86,1022.4,18299.79,5.58,79.23,3.41
Russia,Europe,Oil,2015,Terawatt-hours (TWh),29177,19370,6201,7523,16.09,3683.59,17116.08,193.04,204.95,4.13
Russia,Europe,Hydro,2015,Terawatt-hours (TWh),5386,10257,7245,10780,32.92,2930.16,16137.73,1003.31,256.23,1.01
Russia,Africa,Oil,2020,Terawatt-hours (TWh),15661,42014,4649,14400,13.19,4163.88,12269.79,995.62,110.9,8.27
Russia,Africa,Solar,2023,Terawatt-hours (TWh),4658,44344,14187,2075,41.46,1007.43,5164.04,140.49,302.11,9.41
Russia,Asia,Natural Gas,2016,Terawatt-hours (TWh),3828,9898,6090,5796,38.83,3519.4,23121.13,661.56,167.91,4.21
Russia,South America,Wind,2023,Terawatt-hours (TWh),11332,47123,13426,14159,17.02,3079.89,10050.19,1432.29,258.1,3.32
Russia,Asia,Wind,2022,Terawatt-hours (TWh),30678,7585,13831,19700,36.37,3993.69,8594.09,31.73,372.52,5.42
Russia,Europe,Wind,2023,Terawatt-hours (TWh),27028,31742,6989,5884,10.42,2982.07,12789.17,65.58,57.18,0.46
Russia,South America,Nuclear,2020,Terawatt-hours (TWh),16972,33164,13223,4160,21.73,2676.47,2244.45,525.1,143.45,1.06
Russia,Oceania,Oil,2018,Terawatt-hours (TWh),23021,18968,3454,16227,32.48,1323.32,19551.53,565.14,348.01,-4.73
Russia,Oceania,Nuclear,2017,Terawatt-hours (TWh),11549,4743,11881,15971,10.75,2550.51,9615.7,1385.78,202.11,7.97
Russia,Asia,Nuclear,2016,Terawatt-hours (TWh),18958,9381,9042,6639,37.06,1726.06,21260.25,289.82,268.07,-1.99
Russia,South America,Oil,2017,Terawatt-hours (TWh),38140,36824,4641,10467,34.83,3576.01,20574.51,209.25,335.58,7.47
Russia,Asia,Nuclear,2016,Terawatt-hours (TWh),35345,16417,591,12805,45.09,1341.95,12023.91,832.23,346.42,8.53
Russia,Asia,Solar,2022,Terawatt-hours (TWh),25338,37116,8725,16175,58.39,4790.1,19585.31,1180.22,388.5,6.6
Russia,North America,Hydro,2019,Terawatt-hours (TWh),15133,20778,6197,1335,17.45,4389.99,8890.05,1275.66,353.91,6.67
Russia,Asia,Oil,2022,Terawatt-hours (TWh),32799,49757,2859,13218,15.32,1393.94,1625.8,206.11,371.24,-0.28
Russia,Oceania,Hydro,2021,Terawatt-hours (TWh),5620,48873,14091,6613,49.08,3678.7,19120.15,559.15,55.26,1.42
Russia,Europe,Wind,2024,Terawatt-hours (TWh),9138,14035,4474,9737,24.46,3832.79,17673.43,388.22,102.06,9.7
Russia,South America,Coal,2019,Terawatt-hours (TWh),46165,11382,3397,3983,55.94,943.13,11865.78,517.71,253.76,9.25
Russia,South America,Coal,2020,Terawatt-hours (TWh),22363,47288,5521,15813,17.5,2041.78,4132.9,1159.33,198.23,-3.79
Russia,Asia,Natural Gas,2021,Terawatt-hours (TWh),34104,15327,6473,19163,26.44,378.87,2811.54,305.86,381.52,5.09
Russia,South America,Natural Gas,2024,Terawatt-hours (TWh),5812,50005,7058,2199,58.5,3278.73,2190.55,808.6,145.88,1.94
Russia,Europe,Hydro,2023,Terawatt-hours (TWh),26473,3859,11350,9551,53.24,2305.01,9482.68,578.78,184.01,6.42
Russia,Asia,Wind,2022,Terawatt-hours (TWh),29473,28477,3451,3439,9.38,4709.59,11336.75,745.38,271.67,6.25
Russia,Africa,Hydro,2020,Terawatt-hours (TWh),29270,49673,11007,7114,59.05,2507.86,16754.59,279.57,62.3,6.68
Russia,Europe,Oil,2020,Terawatt-hours (TWh),31149,6330,7551,1224,48.9,169.08,22465.08,748.9,164.93,-0.65
Russia,South America,Coal,2019,Terawatt-hours (TWh),2920,13954,2727,10939,61.76,4555.65,9530.59,693.86,211.41,-0.29
Russia,Oceania,Natural Gas,2020,Terawatt-hours (TWh),19221,28634,2977,9392,49.66,589.93,13848.9,515.87,196.68,7.04
Russia,Europe,Natural Gas,2018,Terawatt-hours (TWh),31436,2050,1963,12101,26.84,2754.57,11749.32,916.97,181.07,-2.76
Russia,South America,Nuclear,2015,Terawatt-hours (TWh),10694,16771,11183,282,16.83,482.56,19103.97,1027.05,341.93,1.95
Russia,Asia,Wind,2015,Terawatt-hours (TWh),49013,15947,11052,2733,63.8,1222.89,15817.76,1245.02,334.35,1.61
Russia,Africa,Solar,2019,Terawatt-hours (TWh),32099,4147,7418,3238,38.51,4386.57,23125.54,812.95,81.29,5.03
Russia,Europe,Nuclear,2022,Terawatt-hours (TWh),42843,3503,1076,15699,60.31,1820.03,8609.69,724.22,276.27,-4.7
Russia,Asia,Hydro,2019,Terawatt-hours (TWh),18507,6917,8825,16921,37.79,418.45,12916.96,1042.05,369.18,-0.78
Russia,Asia,Coal,2016,Terawatt-hours (TWh),44721,6015,5986,9136,29.54,2826.46,23552.13,938.57,86.75,9.2
Russia,North America,Natural Gas,2018,Terawatt-hours (TWh),21878,10868,3907,14216,51.07,2817.79,15447.32,1228.22,94.45,6.04
Russia,Oceania,Oil,2024,Terawatt-hours (TWh),12317,21974,490,14287,39.67,1529.61,10218.73,89.77,272.45,-2.64
Russia,North America,Wind,2024,Terawatt-hours (TWh),16791,9877,1904,2366,20.22,2305.8,20853.94,144.84,79.61,-0.41
Russia,North America,Hydro,2021,Terawatt-hours (TWh),30448,3318,11917,9890,59.79,602.22,1213.06,800.81,300.05,1.79
Russia,South America,Hydro,2022,Terawatt-hours (TWh),49540,41679,9652,19432,62.13,1299,15824.76,1432.03,308.55,5.13
Russia,Oceania,Wind,2023,Terawatt-hours (TWh),30256,24248,1619,13042,26.3,3962.88,24563.49,1107.68,213.68,6.34
Russia,Africa,Hydro,2024,Terawatt-hours (TWh),30536,33593,1728,12509,12.12,3757.96,16796.65,968.23,305.63,-2.66
Russia,Asia,Solar,2023,Terawatt-hours (TWh),19759,37693,1713,2462,66.54,4411.87,350.27,909.5,334.7,3.01
Russia,Oceania,Solar,2018,Terawatt-hours (TWh),19625,21458,5780,19754,58.2,4851.13,947.54,939.29,246.16,-4.57
Russia,Oceania,Natural Gas,2015,Terawatt-hours (TWh),48423,38364,12785,5404,58.12,605.94,7114.53,24.1,75.27,0.62
Russia,South America,Hydro,2018,Terawatt-hours (TWh),34422,18960,5559,16239,32.13,862.5,6975.65,898.79,201.85,6.04
Russia,South America,Oil,2024,Terawatt-hours (TWh),40435,8497,8707,7336,13.57,2388.12,24995.6,1370.53,63.2,-0.69
Russia,Africa,Solar,2018,Terawatt-hours (TWh),12459,27152,3656,17780,11.51,290.4,8293.84,71.09,216.18,8.05
Russia,North America,Hydro,2020,Terawatt-hours (TWh),9533,686,9576,16481,12.26,4220.7,14460.84,332.27,150.9,1.48
Russia,Europe,Hydro,2016,Terawatt-hours (TWh),35734,11746,48,2053,40.73,4980.83,23809.99,469.83,248,5.27
Russia,South America,Solar,2020,Terawatt-hours (TWh),25029,1278,2720,17600,59.57,4044.59,13047.95,126.8,165.59,7.74
Russia,Oceania,Wind,2018,Terawatt-hours (TWh),25860,34437,1958,2272,20.96,3093.33,13948.16,292.01,183.41,4.13
Russia,South America,Oil,2015,Terawatt-hours (TWh),49103,13235,3614,296,62.04,1532.55,5326.94,1338.24,259.84,6.15
Russia,North America,Natural Gas,2023,Terawatt-hours (TWh),33837,33100,1203,16479,9.48,2090.42,895.31,483.01,175.07,6.39
Russia,Asia,Coal,2018,Terawatt-hours (TWh),28041,2590,6331,6493,61.97,488.82,14616.23,504.52,123.03,1.01
Russia,Asia,Natural Gas,2019,Terawatt-hours (TWh),32976,37606,12246,14836,17.05,2286.26,2921.62,162.14,269.49,-0.07
Russia,Oceania,Coal,2015,Terawatt-hours (TWh),24825,4827,7434,5145,48.91,2592.88,13853.77,1133.6,64.78,-3.33
Russia,Asia,Wind,2021,Terawatt-hours (TWh),39495,51252,10850,4936,48.76,1609.71,15518.34,261.73,287.51,7.81
Russia,Africa,Hydro,2020,Terawatt-hours (TWh),28960,38790,7760,2389,5.17,4959.84,11961.26,1343.13,148.76,0.08
Russia,Europe,Hydro,2016,Terawatt-hours (TWh),46266,15143,2134,14703,36.46,3499.74,4832.34,1093.23,312.06,-4.53
Russia,Asia,Hydro,2020,Terawatt-hours (TWh),5314,11404,8022,15643,21.81,1365.45,1464.36,889.91,317.46,5.21
Russia,Europe,Nuclear,2017,Terawatt-hours (TWh),10151,26968,14248,14260,19.17,4302.05,13338.65,1322.85,191.12,3.39
Russia,Europe,Oil,2016,Terawatt-hours (TWh),8282,41457,697,12341,55.14,4973.25,12651.52,1141.4,111.69,2.21
Russia,Europe,Hydro,2016,Terawatt-hours (TWh),31980,51551,9476,12782,6.45,3375.92,5331.24,185.78,297.78,9.9
Russia,Oceania,Oil,2016,Terawatt-hours (TWh),35784,18439,6486,1806,37.07,2050.21,23930.02,468.41,59.38,-1.23
Russia,Oceania,Oil,2024,Terawatt-hours (TWh),49140,35701,5566,13285,57.81,3787.92,11050.46,510.01,396.45,2.86
Russia,South America,Coal,2024,Terawatt-hours (TWh),33189,21766,9046,1753,35.94,4979.35,21117.67,1359.22,157.34,-2.58
Russia,North America,Natural Gas,2018,Terawatt-hours (TWh),49846,35369,5350,3554,48.99,1657.27,19925.63,909.2,358.25,4
Russia,Africa,Hydro,2020,Terawatt-hours (TWh),16827,49828,10727,19752,6.75,3440.76,5235.14,296.4,376.09,6.9
Russia,Asia,Coal,2020,Terawatt-hours (TWh),33359,45558,10838,6462,49.82,2174.68,19003.34,994.27,50.44,7.83
Russia,Europe,Oil,2024,Terawatt-hours (TWh),27988,4775,12667,18175,42.33,2040.04,18650.56,882.57,52.08,-0.08
Russia,Europe,Natural Gas,2016,Terawatt-hours (TWh),15352,23881,12036,3074,60.7,1820.53,11424.96,72.41,293.97,8.67
Russia,Asia,Nuclear,2024,Terawatt-hours (TWh),14685,51455,12046,272,27.09,1373.55,9532.71,1429.46,200.68,2.59
Russia,North America,Wind,2017,Terawatt-hours (TWh),37958,31280,11506,9280,23.91,2670.32,6672.68,975.92,54.95,9.91
Russia,South America,Hydro,2020,Terawatt-hours (TWh),47778,5116,13163,17949,60.48,1082.18,9462.55,402.28,71.24,2.3
Russia,Europe,Natural Gas,2017,Terawatt-hours (TWh),5185,50846,4735,5642,12.5,785.1,9756.54,1322.05,128.63,-2
Russia,Africa,Nuclear,2016,Terawatt-hours (TWh),20041,28126,2615,14421,59.67,4591.65,9507.01,787.77,205.65,3.26
Russia,Asia,Solar,2017,Terawatt-hours (TWh),31243,43157,14476,1238,7.63,794.96,10599.43,691.81,355.59,4.66
Russia,North America,Coal,2016,Terawatt-hours (TWh),44298,21816,11974,4533,39.75,4738.57,502.59,1279.82,345.03,0.37
Russia,Europe,Oil,2019,Terawatt-hours (TWh),17721,47651,8139,4736,59.81,922.68,19876.48,790.75,153.3,5.69
Russia,South America,Wind,2017,Terawatt-hours (TWh),1417,4112,12672,5490,56.51,1660.33,19746.83,361.77,109.54,-0.95
Russia,North America,Wind,2022,Terawatt-hours (TWh),44160,48496,7458,18101,26.61,144.91,8349.61,1087.13,302.7,3.56
Russia,Africa,Solar,2016,Terawatt-hours (TWh),28148,37071,4572,16752,23.49,2133.28,6985.08,439.81,380.46,9.51
Russia,Asia,Hydro,2020,Terawatt-hours (TWh),12916,7520,5971,9828,39.11,798.59,7898.58,1087.01,227.75,7.5
Russia,Africa,Oil,2024,Terawatt-hours (TWh),32727,12780,984,18615,10.99,2289.01,5130.41,51.47,290.22,9.87
Russia,Asia,Oil,2016,Terawatt-hours (TWh),19546,31765,2373,19653,57.4,908.48,17023.65,340.26,310.54,6.3
Russia,North America,Wind,2021,Terawatt-hours (TWh),48730,31811,6468,19882,53.73,3284.32,15639.83,257.4,53.28,3.39
Russia,Asia,Coal,2020,Terawatt-hours (TWh),3167,36894,3769,15558,20.01,4246.16,20342.43,973.07,181.01,4.98
Russia,North America,Nuclear,2018,Terawatt-hours (TWh),3923,47607,14250,2595,61.81,4936.62,24184.4,37.66,258.61,2.01
Russia,North America,Coal,2023,Terawatt-hours (TWh),9083,11236,8641,17401,44.09,3920.37,775.89,534.88,68.87,-2.03
Russia,Europe,Natural Gas,2017,Terawatt-hours (TWh),7174,25596,14260,2890,40.86,959.51,19659.27,331.96,233.6,9.97
Russia,South America,Natural Gas,2019,Terawatt-hours (TWh),15102,20408,8403,2586,28.03,2026.25,11953.28,631.9,144.04,-3.87
Russia,Asia,Coal,2024,Terawatt-hours (TWh),40327,35247,6813,8142,50.93,2562.75,2912.6,955.58,75.13,9.73
Russia,Europe,Wind,2024,Terawatt-hours (TWh),40283,41219,1560,14055,48.6,4409.04,8384.83,1106.12,325.09,4.19
Russia,Asia,Hydro,2022,Terawatt-hours (TWh),42203,2527,7154,13755,66.94,1515.77,19042.93,279.05,117.31,-4.4
Russia,Europe,Coal,2018,Terawatt-hours (TWh),23992,8751,12094,19528,34.93,4275.22,13273.01,17.57,399.8,-4.14
Russia,Africa,Wind,2023,Terawatt-hours (TWh),18632,44880,12471,4548,20.07,641.09,23308.83,425.51,321.62,6.14
Russia,Oceania,Oil,2022,Terawatt-hours (TWh),4217,27656,13524,17767,59.45,2741.29,16178.38,163.3,88.67,-0.41
Russia,Europe,Hydro,2015,Terawatt-hours (TWh),24064,27388,4521,2472,17.81,2760.42,172.66,540.78,99.12,3.33
Russia,North America,Oil,2015,Terawatt-hours (TWh),35208,51369,13558,15300,65.28,2422.02,1064.92,450.86,240.29,9.75
Russia,Asia,Hydro,2018,Terawatt-hours (TWh),12699,50555,3847,594,58.62,3498.81,3776.33,673.86,258.62,3.67
Russia,Oceania,Natural Gas,2018,Terawatt-hours (TWh),1816,9933,5777,13830,39.05,4462.05,12887.84,428.23,336.09,4.07
Russia,Asia,Oil,2024,Terawatt-hours (TWh),21888,5877,2266,5043,14.2,2628.29,18320.52,62.48,225.8,-4.25
Russia,Africa,Oil,2017,Terawatt-hours (TWh),14012,9763,560,5116,15.43,2669.07,6567.71,747.81,53.08,1.95
Russia,Asia,Natural Gas,2017,Terawatt-hours (TWh),8579,9162,6147,16673,60.31,946.97,15251.75,988.22,84.91,2.12
Russia,Oceania,Oil,2024,Terawatt-hours (TWh),19691,39213,7664,8463,13.8,1338.32,11700.32,473.51,299.28,-4.13
Russia,South America,Coal,2019,Terawatt-hours (TWh),22153,23823,14853,18678,40.19,2246.89,20568.12,1315.95,159.27,-1.37
Russia,Asia,Nuclear,2023,Terawatt-hours (TWh),9400,49670,7424,10954,51.71,1403.42,2556.61,1462.53,261.86,-0.73
Russia,Europe,Natural Gas,2017,Terawatt-hours (TWh),23926,20702,11979,18780,53.03,262.3,2585.23,1385.2,177.39,-3.98
Russia,Europe,Natural Gas,2022,Terawatt-hours (TWh),29462,28825,4590,7253,24.99,3162.9,21883.48,906.04,358.45,3.96
Russia,Oceania,Nuclear,2021,Terawatt-hours (TWh),13764,40096,13825,14133,20.73,1812.43,1887.97,862.34,306.93,-2.06
Russia,South America,Oil,2023,Terawatt-hours (TWh),32189,43354,14790,2294,46.72,1302.85,12790.5,1131.81,92.53,4.92
Russia,Africa,Wind,2015,Terawatt-hours (TWh),6714,14017,9585,2681,57.41,4723.78,6529.6,1353.02,308.89,0.14
Russia,Europe,Nuclear,2023,Terawatt-hours (TWh),35723,15605,11593,12652,37.78,1028.41,18479.36,184.13,112.06,-1.42
Russia,North America,Solar,2021,Terawatt-hours (TWh),1520,40046,13647,13353,8.09,4156.54,7232.36,353.86,79.35,-1.67
Russia,Oceania,Wind,2021,Terawatt-hours (TWh),38169,4786,4153,7074,16.69,581.91,785.47,678.61,301.08,-0.99
Russia,South America,Hydro,2015,Terawatt-hours (TWh),12342,8557,12270,17143,26.77,1916.24,17965.65,402.23,189.12,-4.2
Russia,Africa,Coal,2022,Terawatt-hours (TWh),21470,8075,14072,13644,52.64,4846.26,16095.27,56.77,172.78,5.77
Russia,Oceania,Natural Gas,2020,Terawatt-hours (TWh),41673,45327,8087,6379,6.74,2025.6,1921.96,195.57,183.17,-2.65
Russia,Africa,Oil,2018,Terawatt-hours (TWh),15701,8396,7730,11019,26.1,1214.43,3845.38,397.11,162.17,6.52
Russia,Oceania,Oil,2022,Terawatt-hours (TWh),5844,30367,4734,6492,60.27,1644.24,4006.86,412.22,98.1,1.27
Russia,Oceania,Coal,2021,Terawatt-hours (TWh),7512,24988,13690,5413,33.6,1506.85,13277.36,102.81,158.22,0.19
Russia,Asia,Nuclear,2019,Terawatt-hours (TWh),45207,27444,11011,13238,30.13,1489.34,5238.63,587.5,310.7,7.55
Russia,South America,Hydro,2024,Terawatt-hours (TWh),2924,23900,6834,10842,65.16,2794.47,5618.4,8.8,250.06,6.33
Russia,North America,Wind,2024,Terawatt-hours (TWh),27388,43200,14111,1732,57.02,1247.95,14008.8,608.81,263.62,3.21
Russia,North America,Natural Gas,2023,Terawatt-hours (TWh),49856,36509,14891,14105,37.35,4708.6,13412.58,788.07,253.07,-4.51
Russia,Asia,Coal,2019,Terawatt-hours (TWh),33075,50019,6137,3261,69.52,2566.82,15350.47,32.65,167.84,6.92
Russia,North America,Nuclear,2015,Terawatt-hours (TWh),34092,38751,14373,405,31.44,2629.09,22311.15,74.9,161.56,9.08
Russia,Europe,Natural Gas,2020,Terawatt-hours (TWh),30601,49368,2857,3566,12.05,2804.63,9910.05,633.82,372.45,-0.39
Russia,South America,Nuclear,2022,Terawatt-hours (TWh),47046,42440,4349,8704,16.25,2488.96,2733.82,1044.65,63.3,9.6
Russia,Africa,Oil,2016,Terawatt-hours (TWh),28370,36547,6723,3285,21.81,1590.06,4406.41,1431.47,228.7,3.84
Russia,Asia,Coal,2019,Terawatt-hours (TWh),38247,51150,10200,12029,22.18,4426.18,15846.28,1474.21,175.27,4.84
Russia,Europe,Wind,2017,Terawatt-hours (TWh),21926,23547,11663,19015,61.59,4511.45,5099.89,1090.79,172.15,1.86
Russia,South America,Coal,2022,Terawatt-hours (TWh),32248,23867,8886,18578,58.41,3319.78,21031.8,747.62,104.88,5.25
Russia,Asia,Wind,2018,Terawatt-hours (TWh),38095,30625,8552,8863,41.72,4273.26,22881.22,987.21,157.11,0.1
Russia,Europe,Solar,2015,Terawatt-hours (TWh),32618,10293,859,18869,34.12,3573.73,16345.1,462.04,149.65,-2.85
Russia,Oceania,Wind,2020,Terawatt-hours (TWh),8360,51157,12276,17837,29.04,3357.65,22592.23,111.81,289.92,1.63
Russia,Oceania,Oil,2023,Terawatt-hours (TWh),6988,24835,9372,6119,31.78,1031.56,5404.13,1266.68,365.35,1.69
Russia,Europe,Hydro,2016,Terawatt-hours (TWh),24704,39141,6801,2994,43.95,2094.03,19963.16,877.63,346.21,6.64
Russia,South America,Nuclear,2018,Terawatt-hours (TWh),15198,476,5400,17225,23.48,1140.07,6409.19,527.26,343.88,-2.93
Russia,Europe,Hydro,2021,Terawatt-hours (TWh),36106,43168,8729,16239,56.33,2553.43,309.31,1083.38,334.31,2.9
Russia,North America,Hydro,2015,Terawatt-hours (TWh),47375,37168,7378,16932,26.89,3529.82,15863.19,1209.83,338,-4.35
Russia,Europe,Coal,2021,Terawatt-hours (TWh),13676,50189,11721,7603,31.42,2433.62,4868.35,163.18,193.47,0
Russia,North America,Nuclear,2023,Terawatt-hours (TWh),13602,446,4611,3566,63.77,2222.75,18869.42,938.43,75.09,-0.88
Russia,Asia,Natural Gas,2016,Terawatt-hours (TWh),26142,36975,7812,9700,39.15,3475.69,3763.36,844.14,306.23,5.37
Russia,Oceania,Natural Gas,2016,Terawatt-hours (TWh),26439,24756,12217,8052,24.56,417.42,19171.78,26.34,385.91,-0.5
Russia,Africa,Hydro,2017,Terawatt-hours (TWh),37235,29448,12558,16785,7.25,509.59,24259.72,127.12,157.33,-2.79
Russia,Europe,Solar,2020,Terawatt-hours (TWh),10617,20051,2955,5991,53.58,1040.67,23793.06,100.18,91.33,-4.34
Russia,Africa,Hydro,2017,Terawatt-hours (TWh),27190,10648,5208,377,29.82,1414.14,16809.06,428.35,52.86,1.45
Russia,Oceania,Oil,2023,Terawatt-hours (TWh),4647,11579,6673,4915,65.94,4042.36,3513.23,850.76,297.68,9.34
Russia,Africa,Hydro,2021,Terawatt-hours (TWh),27894,2290,13580,6775,33.15,654.19,14443.92,929.21,297.17,7.2
Russia,Europe,Solar,2015,Terawatt-hours (TWh),23122,46997,8082,9395,50.44,1729.11,10838.39,1370.76,50.73,5.4
Russia,South America,Solar,2016,Terawatt-hours (TWh),36773,45551,6372,7028,39.77,4352.89,8432.45,1173.38,359.63,-4.88
Russia,Europe,Solar,2022,Terawatt-hours (TWh),25776,44574,12434,3718,13.54,65.25,1230.3,13.35,132.17,2.57
Russia,South America,Coal,2021,Terawatt-hours (TWh),1002,12139,11561,13254,36.79,1110,12770.56,1303.5,63.77,2.86
Russia,Africa,Coal,2021,Terawatt-hours (TWh),28403,45267,11701,7087,19.18,3114.97,3645.81,1125.67,111.01,3.68
Russia,Oceania,Coal,2016,Terawatt-hours (TWh),4823,32537,5523,1984,18.95,3973.96,10431.1,726.17,60.62,7.22
Russia,Africa,Oil,2023,Terawatt-hours (TWh),49245,9954,1777,5254,61.04,2129.24,24901.82,58.41,371.68,8.98
Russia,Asia,Wind,2017,Terawatt-hours (TWh),41331,27672,3763,912,58.22,4337.28,3333.34,1051.9,73.09,0.93
Russia,Europe,Oil,2020,Terawatt-hours (TWh),34530,42668,14756,4445,22.31,4792.44,8353.65,287.09,191.46,-1.81
Russia,Europe,Solar,2020,Terawatt-hours (TWh),29102,13415,2465,467,22.41,1298.89,23900.11,128.57,69.95,7.21
Russia,Oceania,Wind,2021,Terawatt-hours (TWh),18355,18721,4835,8048,53.35,949.56,637.36,553.45,94.31,-0.02
Russia,South America,Natural Gas,2023,Terawatt-hours (TWh),5463,31638,13148,8340,27.17,4510.54,16491.23,493.53,191.76,7
Russia,Oceania,Coal,2021,Terawatt-hours (TWh),43286,25577,10874,16325,55.62,816.36,24240.73,675.81,79.69,1.28
Russia,North America,Nuclear,2015,Terawatt-hours (TWh),15810,51757,7692,13989,63.93,273.87,19742.54,1394.08,266.34,1.34
Russia,Oceania,Hydro,2022,Terawatt-hours (TWh),14655,26985,5641,11636,14.68,3757.29,16587.14,292.99,137.19,6.68
Russia,South America,Wind,2018,Terawatt-hours (TWh),2542,7137,11059,18800,53.7,2100.07,8855.9,699.96,345.27,4.55
Russia,North America,Nuclear,2024,Terawatt-hours (TWh),4158,20108,4943,368,5.82,4425.89,8854.52,1372.69,390.18,8.37
Russia,Africa,Oil,2019,Terawatt-hours (TWh),8162,38408,13258,19426,59.33,799.8,1594.91,210.57,341.18,0.09
Russia,Asia,Hydro,2022,Terawatt-hours (TWh),10042,5393,10253,13028,46.85,3015.36,8166.14,380.94,188.89,-3.99
Russia,South America,Solar,2022,Terawatt-hours (TWh),16404,19276,76,4589,40.9,2155.5,10815.18,502.63,239.99,3.45
Russia,North America,Wind,2016,Terawatt-hours (TWh),30516,2805,4528,9303,48.89,3045.66,12200.43,204.27,133.39,0.11
Russia,Europe,Wind,2019,Terawatt-hours (TWh),39987,6374,13407,6600,68.56,808.73,17460.84,57.87,153.6,-2.68
Russia,Asia,Coal,2016,Terawatt-hours (TWh),10305,37842,3475,1471,51.4,4082.17,21645.24,342.42,171.23,1.67
Russia,South America,Nuclear,2020,Terawatt-hours (TWh),20022,22824,14125,3679,33.77,298.04,24132.32,413.31,120.97,5.52
Russia,Africa,Natural Gas,2023,Terawatt-hours (TWh),15333,44801,11237,13648,23.35,441.22,834.22,1428.6,189.23,2.7
Russia,Oceania,Solar,2016,Terawatt-hours (TWh),18808,39767,8862,12689,23.37,1645.5,9618.12,764.64,395.27,-4.07
Russia,Europe,Nuclear,2020,Terawatt-hours (TWh),41230,29340,6025,6346,42.69,3662.28,23169.74,928.22,139.42,0.96
Russia,Africa,Natural Gas,2015,Terawatt-hours (TWh),27527,2307,1713,4024,22.5,4630.18,4004.3,1095.18,298.23,-2.32
Russia,South America,Solar,2023,Terawatt-hours (TWh),40587,42564,1510,1653,40.83,102.8,23485.17,973.23,365.08,1.86
Russia,South America,Oil,2020,Terawatt-hours (TWh),40374,38993,2796,2304,22.34,2833.47,20524.21,1240.25,225.22,-4.03
Russia,Europe,Oil,2020,Terawatt-hours (TWh),44415,44128,4302,3814,32.02,1753.21,22128.08,926.76,328.98,4.35
Russia,Africa,Nuclear,2022,Terawatt-hours (TWh),7095,1294,5760,5415,64.61,433.59,6797.4,583.12,341.27,2.63
Russia,Asia,Nuclear,2015,Terawatt-hours (TWh),34359,33148,7906,17680,28.14,4965.27,9016.58,451.19,355.85,1.5
Russia,South America,Natural Gas,2018,Terawatt-hours (TWh),41972,13774,2078,8092,7.13,4577.13,275.84,1454.51,119.92,5.04
Russia,Africa,Wind,2021,Terawatt-hours (TWh),24998,8414,10018,7087,21.03,296.79,9776.57,373.52,205.38,3.44
Russia,Asia,Nuclear,2018,Terawatt-hours (TWh),26688,20410,1717,15685,19.81,940.98,20091.53,1169.8,93.62,8.61
Russia,North America,Solar,2024,Terawatt-hours (TWh),18908,28594,10634,10559,13.23,1585.42,1495.61,1386.11,309.75,7.3
Russia,Oceania,Nuclear,2021,Terawatt-hours (TWh),46192,28504,11484,8299,29.56,3588.82,23020.66,1431.58,341.57,-3.48
Russia,Asia,Natural Gas,2024,Terawatt-hours (TWh),16588,47179,10006,13771,42.66,2892.85,1455.73,961.29,216.38,0.64
Russia,Africa,Solar,2022,Terawatt-hours (TWh),9433,13322,1630,8389,51.65,3985.54,21380.11,942.53,75.56,-2.29
Russia,Europe,Solar,2016,Terawatt-hours (TWh),1318,38863,8894,4527,58.88,3346.9,8943.1,1208.19,175.78,-3.79
Russia,North America,Hydro,2016,Terawatt-hours (TWh),39162,16555,6281,15050,5.85,683.84,10912.51,638.69,57.85,4.57
Russia,North America,Coal,2024,Terawatt-hours (TWh),5366,37518,7961,14353,50.18,1626.91,10980.34,396.96,385.05,2.41
Russia,Europe,Natural Gas,2021,Terawatt-hours (TWh),34575,21578,7906,17351,19.4,926.52,4581.5,1465.77,137.57,8.79
Russia,Oceania,Nuclear,2018,Terawatt-hours (TWh),2142,7746,7035,3324,20.09,1871.22,12351.04,1064.5,294.81,5.7
Russia,South America,Hydro,2024,Terawatt-hours (TWh),24650,24524,7581,10879,36.64,1966.81,23757.47,726.56,84.89,0.1
Russia,South America,Nuclear,2020,Terawatt-hours (TWh),11344,11615,12354,5175,30.28,759.91,7854.63,142.99,354.77,0.33
Russia,Oceania,Nuclear,2018,Terawatt-hours (TWh),9138,12251,8735,3878,12.15,1300.73,18259.46,144.59,274.18,7.54
Russia,South America,Nuclear,2018,Terawatt-hours (TWh),44161,1601,1136,13486,12.93,3411.26,19832,160.41,148.08,7.69
Russia,North America,Wind,2023,Terawatt-hours (TWh),3476,13064,14509,6639,18.97,1043.17,10118.81,514.05,342.61,0.97
Russia,North America,Wind,2021,Terawatt-hours (TWh),46439,21245,7369,15429,26.12,77.81,24751.66,841.87,251.79,-1.2
Russia,Oceania,Solar,2021,Terawatt-hours (TWh),13391,22428,9155,13693,11.93,4562.94,6213.68,1067.07,69.7,-0.65
Russia,South America,Wind,2024,Terawatt-hours (TWh),22974,37477,9029,15526,7.33,1873.04,150.51,272.02,52.56,9.27
Russia,Africa,Solar,2015,Terawatt-hours (TWh),48796,42562,2198,200,47.45,247.63,4111.29,8.61,217.3,-1.16
Russia,Oceania,Natural Gas,2020,Terawatt-hours (TWh),35328,23329,754,19615,13.4,2244.3,2219.79,684.85,387.1,-3.64
Russia,North America,Solar,2020,Terawatt-hours (TWh),31602,22769,415,5782,38.2,1540.72,13809.35,1325.01,192.36,2.2
Russia,Asia,Oil,2018,Terawatt-hours (TWh),14503,34068,3337,17244,10.33,2945.25,4138.66,1455.91,179.79,-1.81
Russia,Asia,Natural Gas,2024,Terawatt-hours (TWh),28443,16976,11804,18239,6.17,3012.27,17798.45,836.66,382.08,3.38
Russia,Asia,Natural Gas,2016,Terawatt-hours (TWh),12910,50773,2792,4275,22.61,677.57,18206.2,1390.47,130.34,2.38
Russia,Africa,Coal,2021,Terawatt-hours (TWh),40399,43678,14096,7275,27.66,2143.48,7288.34,641.49,171.51,6.56
Russia,South America,Oil,2020,Terawatt-hours (TWh),36225,31759,959,17186,69.92,4577.64,6541.86,750.57,227.72,1.35
Russia,Oceania,Coal,2020,Terawatt-hours (TWh),3555,37574,2168,5458,10.12,526.42,21937.17,701.01,199.91,5.65
Russia,Europe,Hydro,2019,Terawatt-hours (TWh),37219,13544,7235,6305,32.38,1702.33,24336.11,1414.46,241.93,9.89
Russia,Europe,Wind,2024,Terawatt-hours (TWh),44656,38145,9291,12515,10.31,283.92,3860.18,785.13,309.95,8.6
Russia,Asia,Coal,2015,Terawatt-hours (TWh),4383,15279,6139,3937,18.71,4176.51,8278.17,786.2,142.63,6.29
Russia,North America,Natural Gas,2015,Terawatt-hours (TWh),16262,51124,14100,17452,24.07,1867.11,4326.95,1179.99,274.14,8.21
Russia,Oceania,Oil,2017,Terawatt-hours (TWh),4106,15317,3256,7797,45.76,4809.67,9740.17,1042.3,273.68,7.03
Russia,Oceania,Nuclear,2018,Terawatt-hours (TWh),42034,31043,11160,950,54.44,540,7806.05,1316.75,200.44,2.27
Russia,Oceania,Natural Gas,2021,Terawatt-hours (TWh),39226,32122,2933,14656,57.86,390.93,2374.54,391.95,115.6,-3.82
Russia,South America,Coal,2018,Terawatt-hours (TWh),43363,21285,12026,11931,32.6,1413.85,18557.37,1228.53,320.43,4.53
Russia,Oceania,Hydro,2020,Terawatt-hours (TWh),8339,25169,2983,14774,55.86,4676.6,16939.14,720.87,390.41,-1.53
Russia,Africa,Coal,2022,Terawatt-hours (TWh),6448,13421,8308,6857,17.19,1303.32,11858.32,228.81,72.09,-4.79
Russia,North America,Natural Gas,2024,Terawatt-hours (TWh),31689,29315,13146,2012,33.88,1760.76,16066.95,571.39,150.66,-3.82
Russia,Asia,Solar,2019,Terawatt-hours (TWh),44888,50393,10763,3398,32.52,1790.23,2419.46,847.95,317.88,3.27
Russia,Europe,Wind,2015,Terawatt-hours (TWh),2362,48086,11328,5967,47.84,997.3,16708.53,1379.93,194.04,5.94
Russia,Oceania,Nuclear,2022,Terawatt-hours (TWh),44891,32029,3079,2261,65.59,1912.58,20462.02,602.52,119.84,3.36
Russia,Oceania,Wind,2024,Terawatt-hours (TWh),38783,10623,13517,8863,62.79,1490.1,19038.77,922.2,193.99,-4.51
Russia,Oceania,Wind,2015,Terawatt-hours (TWh),14834,9022,2492,3042,61.82,2954.34,23043.58,23.22,116.64,0.14
Russia,North America,Nuclear,2022,Terawatt-hours (TWh),25572,2065,7532,15611,69.34,2376.47,22519.16,140.03,274.92,1.41
Russia,Oceania,Hydro,2018,Terawatt-hours (TWh),30500,12084,10534,6404,42.01,366.09,4829.04,588.08,293.88,0
Russia,Asia,Hydro,2023,Terawatt-hours (TWh),17059,33427,12685,5457,65.74,3391.83,6106.52,1310.44,228.42,-4.19
Russia,Africa,Nuclear,2023,Terawatt-hours (TWh),27181,9700,1730,18618,20.29,3958.13,18510.66,1222.65,277.62,7.7
Russia,Africa,Oil,2021,Terawatt-hours (TWh),9832,18442,14842,4415,16.9,1037.66,9737.93,664.1,220.27,1.95
Russia,Europe,Oil,2020,Terawatt-hours (TWh),38075,27960,2207,15848,27,1107.56,17592.33,48.77,61.2,-3.98
Russia,North America,Nuclear,2015,Terawatt-hours (TWh),39185,12535,10217,7506,26.85,4322.52,23947.11,480.31,130.94,-3.7
Russia,South America,Coal,2021,Terawatt-hours (TWh),8090,21345,1888,1456,20.84,3152.88,8147.31,1180.85,66.39,4.22
Russia,South America,Solar,2023,Terawatt-hours (TWh),41486,19131,33,17617,57.29,2469.98,12287.6,221.07,142.26,7.78
Russia,Europe,Wind,2018,Terawatt-hours (TWh),30019,36869,10381,13167,61.96,1558.46,5547.12,330.77,281.17,1.96
Russia,Europe,Natural Gas,2015,Terawatt-hours (TWh),18251,9489,13325,15365,55.7,1715.41,24631.37,1449.65,217.15,9.24
Russia,Asia,Wind,2020,Terawatt-hours (TWh),36177,41351,3409,18170,13.77,4390.78,952.92,359.8,192.44,3.56
Russia,Asia,Oil,2016,Terawatt-hours (TWh),11517,22399,8351,847,25.4,461.79,14191.44,1409.19,240.69,-0.01
Russia,Africa,Coal,2021,Terawatt-hours (TWh),45474,16469,11000,9704,32.7,4858.39,14663.52,363.25,305.25,0.63
Russia,South America,Oil,2022,Terawatt-hours (TWh),8586,4902,2581,5648,7.17,2555,18204.61,567.21,268.04,7.86
Russia,North America,Coal,2015,Terawatt-hours (TWh),6871,20484,4653,2631,64.27,1997.82,13895.96,1277.87,359.37,-3.46
Russia,Asia,Natural Gas,2020,Terawatt-hours (TWh),47198,45887,2451,15930,47.28,2462.85,6437.93,1149.82,324.32,3.03
Russia,North America,Nuclear,2024,Terawatt-hours (TWh),2383,35687,12543,3812,18.68,3234.56,11219.46,1283.72,275.9,1.7
Russia,North America,Solar,2015,Terawatt-hours (TWh),10002,17246,9786,12712,19.72,2106.67,11578.2,274.39,277.55,9.92
Russia,South America,Oil,2020,Terawatt-hours (TWh),46866,38498,3585,3362,54.89,3500.27,17601.99,784.59,151.83,7.68
Russia,North America,Oil,2022,Terawatt-hours (TWh),1550,1894,6087,12624,33.72,1621.72,5584.46,799.85,396.06,6.85
Russia,Asia,Solar,2023,Terawatt-hours (TWh),4522,30924,9929,785,11.51,3579.22,5949.09,1293.03,276.08,-3.03
Russia,Oceania,Solar,2021,Terawatt-hours (TWh),9492,48483,4000,16297,64.56,3605.25,15138.27,811.78,295.68,0.03
Russia,Europe,Natural Gas,2017,Terawatt-hours (TWh),27505,20778,5339,4534,21.23,2852.44,446.46,586.82,114.12,1.87
Russia,Asia,Coal,2022,Terawatt-hours (TWh),4346,35701,4302,6389,56.89,3579.17,4626.31,1367.72,392.71,-4.05
Russia,Europe,Solar,2017,Terawatt-hours (TWh),40399,15851,14965,11811,10.75,2515.9,1671.81,1124.68,296.3,-1.37
Russia,Africa,Oil,2018,Terawatt-hours (TWh),15475,18305,6745,16906,49.82,2287.23,18109.59,980.53,316.11,9.8
Russia,Europe,Natural Gas,2024,Terawatt-hours (TWh),30646,48468,13128,7491,57.72,1865.68,18860.14,1038.16,208.09,3.76
Russia,Oceania,Nuclear,2024,Terawatt-hours (TWh),34620,49615,4839,10632,48.94,4454.68,14811.01,1046.38,171.15,1.17
Russia,Africa,Oil,2021,Terawatt-hours (TWh),41115,47130,7946,6997,30.47,465.26,16942.85,750.95,156.52,0.89
Russia,Africa,Natural Gas,2024,Terawatt-hours (TWh),47577,7614,10770,12571,41.87,198.95,12625.57,1270.73,196.88,6.66
Russia,Oceania,Nuclear,2019,Terawatt-hours (TWh),36587,50100,7018,1446,41.82,198.15,757.69,727.76,167.33,2.77
Russia,Asia,Hydro,2015,Terawatt-hours (TWh),4878,17697,11195,3029,30.06,3553.18,19441.08,1285.88,170.93,8.96
Russia,Africa,Coal,2018,Terawatt-hours (TWh),24053,50728,1702,8232,67.81,1986.55,12758.87,281.01,163.35,0.66
Russia,South America,Coal,2016,Terawatt-hours (TWh),840,48068,3873,9028,42.91,3640.21,8956.32,206.78,217.27,2.24
Russia,North America,Natural Gas,2019,Terawatt-hours (TWh),46017,45950,5378,14211,55.54,3389.63,10252.08,694.57,211.78,-4.29
Russia,North America,Hydro,2023,Terawatt-hours (TWh),24746,12364,13346,5033,43.03,3675.69,9652.31,735.81,146.55,8.69
Russia,Europe,Wind,2020,Terawatt-hours (TWh),8755,35816,8839,13910,15.77,2947.28,20091.39,749.1,170.3,0.16
Russia,Europe,Coal,2023,Terawatt-hours (TWh),4515,43728,12930,17412,8.41,1401.28,13047.92,1442.12,367.93,2.95
Russia,Oceania,Nuclear,2017,Terawatt-hours (TWh),32770,34846,12749,11054,42.74,500.97,21767.46,60.91,265.71,-4.28
Russia,Asia,Coal,2024,Terawatt-hours (TWh),37752,16135,5231,5595,51.87,3764.53,10040.24,1041.25,105.9,-1.86
Russia,Oceania,Hydro,2023,Terawatt-hours (TWh),4774,44225,8126,3115,58.07,1382.51,6129.37,785.32,285.63,-4.62
Russia,North America,Solar,2024,Terawatt-hours (TWh),49834,9378,12592,125,64.45,2912.88,20744.89,517.73,159.58,1.71
Russia,Asia,Wind,2016,Terawatt-hours (TWh),46260,27015,4191,13690,9.46,4240.8,10393.68,1041.67,364.91,4.11
Russia,North America,Coal,2017,Terawatt-hours (TWh),13157,2425,313,8104,61.4,3325.94,24239.86,1479.62,101.6,4.51
Russia,North America,Hydro,2017,Terawatt-hours (TWh),47309,47994,11169,3552,6.49,4160.03,23471.17,1046.68,109.17,7.57
Russia,Asia,Solar,2016,Terawatt-hours (TWh),45911,34785,2129,19392,6.14,3581.32,17300.43,719.14,52.29,0.5
Russia,Europe,Hydro,2017,Terawatt-hours (TWh),22655,10919,2917,10235,27.69,2532.01,4166.17,1429.53,361.89,2.53
Russia,North America,Hydro,2021,Terawatt-hours (TWh),37259,14728,12765,17792,16.25,4363.42,13734.22,1332.37,210.07,5.87
Russia,Africa,Nuclear,2016,Terawatt-hours (TWh),32901,46122,11577,11829,37.58,3321.55,20302.47,719.23,198.78,5.34
Russia,Europe,Solar,2022,Terawatt-hours (TWh),12065,7590,1579,3458,54.73,4986.92,8702.52,1384.84,294.96,2.95
Russia,Africa,Nuclear,2018,Terawatt-hours (TWh),25200,50992,14509,4397,61.13,4471.23,16538.24,827.61,305.92,-3.47
Russia,Europe,Oil,2024,Terawatt-hours (TWh),24265,27336,9662,16041,56.87,2229.66,2082.93,105.44,210.12,3.64
Russia,North America,Hydro,2015,Terawatt-hours (TWh),6806,16553,13333,13368,40.01,639.68,23286.46,289.84,367.95,5.53
Russia,Africa,Hydro,2023,Terawatt-hours (TWh),41265,33461,14086,18749,34.41,1422.46,1832.4,161.72,203.19,-4.87
Russia,Oceania,Coal,2016,Terawatt-hours (TWh),45784,1738,3235,16650,15.74,1165.15,20504.55,1292.69,235.41,7.26
Russia,Europe,Nuclear,2018,Terawatt-hours (TWh),4731,46213,7409,12865,61.04,68.94,12108.43,202.32,212.55,-2.66
Russia,Oceania,Natural Gas,2020,Terawatt-hours (TWh),17438,33466,8133,271,54.81,1765.08,21698.26,1060.48,224.02,0.79
Russia,Oceania,Natural Gas,2021,Terawatt-hours (TWh),31563,48988,4477,3842,28.13,4305.82,369.73,1061.9,336.03,4.8
Russia,North America,Nuclear,2016,Terawatt-hours (TWh),34123,4907,4309,8301,5.85,3613.74,17457.58,1442.79,180.96,7.46
Russia,South America,Nuclear,2017,Terawatt-hours (TWh),34306,46070,6898,5312,46.13,2817,19876.31,1291.12,333.95,5.17
Russia,Europe,Natural Gas,2017,Terawatt-hours (TWh),14651,39922,12916,14432,48.22,201.54,13218.64,1437.02,130.6,6.44
Russia,Africa,Natural Gas,2015,Terawatt-hours (TWh),4870,9321,4998,10042,34.53,851.61,5247.44,1360.54,388.71,0.69
Russia,Europe,Natural Gas,2016,Terawatt-hours (TWh),36715,38967,11305,8059,42.8,4295.62,5529.2,334.99,174.77,-3.25
Russia,South America,Oil,2023,Terawatt-hours (TWh),38497,31641,1636,2543,29.33,467.56,15371.07,944,215.36,-0.12
Russia,Asia,Nuclear,2018,Terawatt-hours (TWh),2741,24697,14934,16118,52.87,2715.37,5046.89,847.13,300.74,0.05
Russia,South America,Natural Gas,2018,Terawatt-hours (TWh),21778,9933,1244,14163,25.45,560.8,11653.47,915.96,289.96,6.57
Russia,Asia,Solar,2015,Terawatt-hours (TWh),47415,36839,8450,3309,61.33,345.19,22033.35,279.53,163.74,6.92
Russia,Europe,Nuclear,2015,Terawatt-hours (TWh),12277,11511,12143,19046,41.36,2316.8,16100.27,1418.57,153.43,-2.48
Russia,North America,Solar,2015,Terawatt-hours (TWh),13048,32299,3096,15855,19.1,3525.4,9647.85,254.8,151.96,-1.94
Russia,South America,Oil,2016,Terawatt-hours (TWh),13369,51245,11083,15203,47.6,2928.31,8177.35,903.52,148.74,7.93
Russia,North America,Hydro,2024,Terawatt-hours (TWh),19282,11385,14325,2701,60.92,3572.35,9088.74,1243.05,109.08,-0.88
Russia,Europe,Solar,2015,Terawatt-hours (TWh),27350,40836,5878,721,26.43,1780.49,15662.31,1493.3,176.24,4.21
Russia,Oceania,Hydro,2022,Terawatt-hours (TWh),49054,9051,4509,9143,59.83,2082.21,10092.94,866.15,113.46,0.03
Russia,North America,Natural Gas,2023,Terawatt-hours (TWh),22120,19095,12497,17816,65.3,3992.18,15291.32,1268.23,235.37,7.76
Russia,Africa,Wind,2019,Terawatt-hours (TWh),38229,1763,5679,621,63.23,3871.37,4078.3,413.44,64.39,6.73
Russia,Oceania,Wind,2015,Terawatt-hours (TWh),41984,50129,1221,18205,24.19,3720.73,23561.05,1467.12,121.49,2.13
Russia,South America,Natural Gas,2024,Terawatt-hours (TWh),8918,42941,2584,14972,10.82,3855.98,130.29,216.21,219.09,-4.43
Russia,Asia,Nuclear,2016,Terawatt-hours (TWh),18150,11052,1601,18584,45.01,2277.19,17765.42,821.5,240.23,-0.8
Russia,Europe,Oil,2019,Terawatt-hours (TWh),23615,35590,14327,6073,56.58,4238.8,15364.52,593.84,77.84,4.68
Russia,Africa,Nuclear,2017,Terawatt-hours (TWh),24769,7939,1568,19,63.62,3633.32,14746.23,908.89,94.74,9.57
Russia,Africa,Coal,2018,Terawatt-hours (TWh),24425,47093,4509,16890,46.03,4328.12,16629.75,598.55,108.77,5.03
Russia,South America,Solar,2017,Terawatt-hours (TWh),23591,45672,5909,15562,10.72,2093.82,15743.78,290.28,162.07,7.49
Russia,Africa,Natural Gas,2022,Terawatt-hours (TWh),39825,49808,3167,9361,41.69,4184.32,7335.92,1048.43,398.88,-4.24
Russia,North America,Hydro,2019,Terawatt-hours (TWh),37714,18605,10429,15804,40.65,769.65,23739.88,794.9,127.53,-0.62
Russia,Europe,Hydro,2021,Terawatt-hours (TWh),10129,35448,2021,9574,29.64,292.83,19770.52,607.88,124.02,6.5
Russia,Asia,Oil,2024,Terawatt-hours (TWh),34590,45706,3782,5730,13.77,827.17,23705.59,440.48,390.65,-0.46
Russia,Europe,Hydro,2021,Terawatt-hours (TWh),11048,30384,9782,17257,8.34,4468.59,11948.21,1321.51,194.72,0.37
Russia,Africa,Wind,2019,Terawatt-hours (TWh),5478,22204,10668,16696,68.79,209.87,2732.32,620.21,250.58,6.12
Russia,Asia,Nuclear,2023,Terawatt-hours (TWh),21297,29883,8986,6734,24.83,728.76,23631.03,1135.33,293.35,7.12
Russia,Europe,Coal,2019,Terawatt-hours (TWh),8618,44867,2621,7092,25.46,1086.49,9870.51,1134.51,153.59,3.52
Russia,Europe,Nuclear,2017,Terawatt-hours (TWh),47425,37620,9711,19476,49.42,4400.98,7759.66,98.52,249.77,-0.31
Russia,South America,Natural Gas,2018,Terawatt-hours (TWh),27657,36854,7617,1673,43.59,220.27,11736.31,1319.55,190.52,6.31
Russia,Oceania,Oil,2018,Terawatt-hours (TWh),10703,51170,9122,6237,16.73,968.85,15370.59,113.07,115.46,9.42
Russia,Europe,Wind,2016,Terawatt-hours (TWh),19588,30810,2091,16916,62.32,513.23,6509.47,347.87,341.28,-1.95
Russia,Asia,Coal,2021,Terawatt-hours (TWh),48913,34539,4263,3852,15.44,2483.76,10205.05,1207.56,188.86,0.49
Russia,Oceania,Hydro,2023,Terawatt-hours (TWh),28133,9441,9768,1398,38.93,2536.34,4510.69,947.64,318.18,5.79
Russia,Africa,Solar,2020,Terawatt-hours (TWh),41512,36106,3639,14176,12.07,554.88,20493.52,948.58,382.2,7.97
Russia,Asia,Wind,2020,Terawatt-hours (TWh),20914,31722,8482,2172,65.41,1305.49,6324.89,1271.58,372.4,1.39
Russia,Africa,Wind,2019,Terawatt-hours (TWh),38424,6974,7230,7724,52.88,3546.91,12206.24,1460.77,356.9,-2.21
Russia,Europe,Oil,2018,Terawatt-hours (TWh),16430,4209,10719,11739,42.88,886.38,6241.71,382.26,81.79,0.12
Russia,South America,Nuclear,2021,Terawatt-hours (TWh),31482,17950,8572,5811,18.66,2487.49,18071.68,837.75,104.63,7.39
Russia,North America,Solar,2024,Terawatt-hours (TWh),19598,46874,9623,17144,60.01,3355.39,7197.39,944.01,61.16,8.48
Russia,North America,Coal,2018,Terawatt-hours (TWh),48811,19380,7380,14920,32.61,2416.39,16532.53,948.67,292.08,1.85
Russia,Europe,Solar,2016,Terawatt-hours (TWh),41465,15489,8715,19012,25.41,184.97,8224.19,322.28,382.36,0.76
Russia,Asia,Oil,2017,Terawatt-hours (TWh),36777,47430,7093,5081,40.75,463.64,23246.76,643.42,245.48,-0.98
Russia,Europe,Hydro,2019,Terawatt-hours (TWh),9111,37455,14230,11281,9.3,821.94,12881.42,20.26,392.68,-4.96
Russia,North America,Natural Gas,2018,Terawatt-hours (TWh),20742,17889,9112,13672,44.35,4691.91,20385.22,1254.41,204.11,0.08
Russia,Africa,Hydro,2016,Terawatt-hours (TWh),47254,14173,12096,5341,17.08,2337.3,12454.88,582.12,199.67,-2.9
Russia,Asia,Natural Gas,2020,Terawatt-hours (TWh),9639,50748,5972,14341,39.54,1804.97,10487.64,62.63,275.9,-3.64
Russia,Oceania,Hydro,2024,Terawatt-hours (TWh),39275,50016,677,10715,13.53,2169.3,4710.41,88.29,85.61,3.56
Russia,Africa,Hydro,2015,Terawatt-hours (TWh),24210,20804,6444,4493,40.91,4290.27,20532,140.75,244.97,0.14
Russia,Asia,Wind,2018,Terawatt-hours (TWh),41416,33462,9802,18599,63.96,1618.12,14408.45,630.73,221.72,-1.28
Russia,South America,Solar,2022,Terawatt-hours (TWh),30328,5827,10323,13842,45,3173.3,14741.47,335.38,344.95,2.38
Russia,North America,Hydro,2020,Terawatt-hours (TWh),21221,31470,11269,10468,58.47,4282.21,7049.9,355.71,228.65,7.76
Russia,South America,Hydro,2021,Terawatt-hours (TWh),11593,7010,2119,10559,56.42,1342.33,140.99,1102.01,57.01,-1.41
Russia,Europe,Hydro,2017,Terawatt-hours (TWh),24435,4514,13725,12561,61.2,1575.31,9264.52,1456.43,348,1.14
Russia,Africa,Coal,2018,Terawatt-hours (TWh),27828,36583,1553,13046,16.29,2292.22,6297.53,1239.82,397.82,7.17
Russia,Europe,Oil,2018,Terawatt-hours (TWh),22153,734,1293,13368,66.23,1944.25,4965.04,406.56,133.03,9.15
Russia,Asia,Solar,2015,Terawatt-hours (TWh),47665,5048,6564,2342,46.35,148.97,24604.4,625.83,235.7,-3.73
Russia,Oceania,Coal,2024,Terawatt-hours (TWh),47009,38765,12607,5391,11.86,1212.63,11745.85,820.71,328.07,-0.63
Russia,Oceania,Wind,2018,Terawatt-hours (TWh),40999,45478,14640,5995,62.31,3898.49,8388.03,928.1,357.79,-3.11
Russia,Europe,Oil,2021,Terawatt-hours (TWh),8049,27967,14774,12237,57.93,4934.77,8069.44,1481.38,353.41,2.96
Russia,North America,Oil,2015,Terawatt-hours (TWh),44331,41832,14023,14026,13.01,471.51,22013.79,868.09,385.26,2.14
Russia,Europe,Nuclear,2015,Terawatt-hours (TWh),17270,17642,10905,324,19.56,1853.68,16547.65,1333.89,311.31,7.62
Russia,South America,Oil,2019,Terawatt-hours (TWh),18762,9651,4396,10155,31.69,1119.85,9708.3,682.05,143.28,4.08
Russia,Oceania,Solar,2015,Terawatt-hours (TWh),37373,9348,1391,13074,48.28,1460.96,17293.38,1246.39,75.07,7.15
Russia,Asia,Wind,2022,Terawatt-hours (TWh),45290,3933,238,6336,66.79,252.92,5343.74,165.25,318.71,-4.35
Russia,Oceania,Coal,2020,Terawatt-hours (TWh),24551,33361,4386,1393,44.44,4932.33,16725.92,551.25,51.65,1.95
Russia,South America,Solar,2024,Terawatt-hours (TWh),12054,31962,12655,3693,53.44,2653.65,24008.84,1064.97,156.54,-4.89
Russia,South America,Oil,2017,Terawatt-hours (TWh),10434,11677,1108,6767,27.61,4597.65,4307.2,265.53,114.97,8.58
Russia,Oceania,Solar,2019,Terawatt-hours (TWh),46030,40791,9083,9139,16.02,4757.37,23395.09,406.5,257.53,7.06
Russia,South America,Coal,2018,Terawatt-hours (TWh),30589,41584,2859,14341,10.97,4577.29,17525.3,1482.41,220.88,0.88
Russia,Africa,Coal,2023,Terawatt-hours (TWh),21292,1647,2412,5825,27.08,1901.33,10490.95,195.29,162.03,4.95
Russia,Oceania,Oil,2015,Terawatt-hours (TWh),4411,22443,12925,4667,9.47,3775.21,16860.42,1035.39,350.78,-3.9
Russia,Europe,Coal,2020,Terawatt-hours (TWh),11716,25344,14703,18617,53.92,163.14,7895.68,1206.14,248.76,2.48
Russia,Africa,Solar,2024,Terawatt-hours (TWh),1908,36714,3813,11357,34.02,4069.84,8978.46,1272.89,152.94,-2.58
Russia,North America,Coal,2023,Terawatt-hours (TWh),7613,43364,3417,12167,24.18,3493.18,1808.55,515.82,253.75,7.14
South Africa,Oceania,Oil,2022,Terawatt-hours (TWh),49480,10042,775,8905,38.57,3150.56,13921.49,576.37,157.57,-0.25
South Africa,South America,Nuclear,2016,Terawatt-hours (TWh),15070,7435,12973,11173,45.56,3535.52,15545.68,935.79,363.56,-2.29
South Africa,South America,Oil,2021,Terawatt-hours (TWh),18399,49884,8416,13130,15.86,1959.96,1741.17,99.81,173.75,6.6
South Africa,Europe,Oil,2024,Terawatt-hours (TWh),40611,16530,1787,8934,35.1,837.57,17109.43,1153.11,87.48,-1.4
South Africa,South America,Nuclear,2020,Terawatt-hours (TWh),10744,12644,11726,9871,34.48,3691.53,4484.15,446.23,156.48,2.22
South Africa,North America,Natural Gas,2024,Terawatt-hours (TWh),4296,43068,3915,9906,43.81,4799.25,23172.57,973.88,172.33,-1.97
South Africa,Asia,Solar,2017,Terawatt-hours (TWh),10553,17184,12644,18721,30.39,2203.7,18112.64,37.84,212.42,3.95
South Africa,Asia,Oil,2016,Terawatt-hours (TWh),1525,9762,1606,8680,10.87,1832.26,24499.47,900.55,195.22,4.16
South Africa,North America,Nuclear,2016,Terawatt-hours (TWh),4903,13352,3131,3215,50.16,1484.09,12789.14,1285.08,301,-3.39
South Africa,Africa,Hydro,2019,Terawatt-hours (TWh),36591,16640,1532,3911,65.24,4252.2,16179.17,271.32,91.18,3.31
South Africa,Europe,Wind,2023,Terawatt-hours (TWh),5517,19682,10169,649,59.46,1800.83,16945.19,1441.87,371.75,1.79
South Africa,South America,Solar,2023,Terawatt-hours (TWh),33312,40611,12833,4206,12.05,272.84,22876.96,262.57,272.13,-4.74
South Africa,Europe,Coal,2020,Terawatt-hours (TWh),24759,6309,8003,8366,8.41,1207,20539.12,896.81,94.78,2.83
South Africa,South America,Hydro,2019,Terawatt-hours (TWh),48138,10456,10053,2090,44.83,4583.05,10529.69,1195.15,133.87,-3.59
South Africa,Europe,Wind,2015,Terawatt-hours (TWh),33874,1115,11824,15461,44.84,3075.56,3545.03,385.02,200.49,3.14
South Africa,Asia,Wind,2024,Terawatt-hours (TWh),9363,17675,797,10944,52.16,1507.27,12239.76,872.09,334.01,3.1
South Africa,Europe,Coal,2022,Terawatt-hours (TWh),25691,43369,9819,14956,12.48,4483.18,5180.92,725.75,140.75,5.25
South Africa,Asia,Wind,2018,Terawatt-hours (TWh),49361,15716,5785,13097,40.69,3896.33,12341.06,1178.41,169.51,-1.71
South Africa,Africa,Solar,2024,Terawatt-hours (TWh),17753,48516,1913,7934,26.55,4684.27,14063.84,292.09,219.25,-0.79
South Africa,North America,Wind,2016,Terawatt-hours (TWh),29502,7109,6513,2496,69.61,4943.26,235.72,282.73,394.82,-3.64
South Africa,South America,Oil,2019,Terawatt-hours (TWh),36604,41449,6564,10872,68.82,2845.16,1048.17,1112.47,73.66,3.73
South Africa,Africa,Coal,2019,Terawatt-hours (TWh),46371,50070,4106,907,60.5,4158.29,18023.82,261.4,143.82,8.83
South Africa,Oceania,Solar,2021,Terawatt-hours (TWh),30410,36154,7302,4344,60.01,1813.64,1335.21,67.05,114.08,0.54
South Africa,Oceania,Oil,2017,Terawatt-hours (TWh),43418,28514,5492,7426,43.87,4584.26,14265.05,643.94,384.8,3.06
South Africa,Africa,Nuclear,2017,Terawatt-hours (TWh),37007,23474,460,9993,61.54,4879.21,2949.21,887.52,205.78,8.02
South Africa,Asia,Solar,2024,Terawatt-hours (TWh),48179,21598,11498,6334,61.4,4495.75,12007.29,1435.89,156.16,3.14
South Africa,Oceania,Hydro,2017,Terawatt-hours (TWh),24625,16960,5493,1416,60.28,4767.14,3783.13,338.59,369.49,9.66
South Africa,Africa,Natural Gas,2024,Terawatt-hours (TWh),13783,35304,13336,11180,53.21,4722.76,24706.08,494.34,390.69,3.28
South Africa,Africa,Hydro,2017,Terawatt-hours (TWh),41884,31662,4438,14347,42.91,1514.32,18845.37,1292.94,393.83,-0.02
South Africa,Oceania,Wind,2020,Terawatt-hours (TWh),48183,11126,13044,12988,50.48,3629.21,15794.33,911.85,83.76,5.19
South Africa,Oceania,Hydro,2021,Terawatt-hours (TWh),25865,37890,3098,5278,9.22,114.7,4050.47,898.35,332.72,4.02
South Africa,South America,Hydro,2022,Terawatt-hours (TWh),12833,10268,3162,5760,55.85,3233.99,23939.96,929.11,273.24,7.46
South Africa,Oceania,Hydro,2021,Terawatt-hours (TWh),24086,36989,12090,358,68.03,118.72,19133.52,636.84,323.04,5.77
South Africa,Europe,Hydro,2023,Terawatt-hours (TWh),40321,29872,5191,2821,45.46,3250.2,3837.76,1450.8,92.13,2.92
South Africa,Africa,Coal,2017,Terawatt-hours (TWh),24990,35216,5842,2142,24.81,3418,11903.14,1038.48,202.54,2.77
South Africa,Europe,Hydro,2023,Terawatt-hours (TWh),3586,46211,4138,10846,64.52,1002.34,9431.4,235.85,141.38,-2.34
South Africa,Europe,Nuclear,2020,Terawatt-hours (TWh),8360,14013,2119,4356,27.76,856.35,23401.15,124.14,320.06,0.85
South Africa,Europe,Wind,2016,Terawatt-hours (TWh),2297,33467,13105,18326,8.9,4131.55,1631.54,938.76,251.68,-4.21
South Africa,Africa,Wind,2017,Terawatt-hours (TWh),7672,19347,12209,10700,31.4,3297.59,20784.42,914.23,264.58,-2.11
South Africa,North America,Coal,2018,Terawatt-hours (TWh),31243,30307,11747,17054,28.78,4468.59,474.53,1049.97,102.16,2.25
South Africa,North America,Coal,2015,Terawatt-hours (TWh),22089,46495,14884,16319,32.22,907.68,4276.38,1276.44,321.22,6.78
South Africa,South America,Solar,2020,Terawatt-hours (TWh),38130,1442,13380,19813,30.35,4292.72,14928.14,377.32,82.7,-1.62
South Africa,North America,Solar,2019,Terawatt-hours (TWh),25754,10633,13260,9880,21.01,3100.87,2748.67,1093.79,369.36,9.79
South Africa,Africa,Oil,2016,Terawatt-hours (TWh),6799,34915,6640,12601,10.83,1627.84,621.4,944.18,323.84,1.46
South Africa,Oceania,Natural Gas,2021,Terawatt-hours (TWh),11608,11380,862,4216,9.68,447.31,20548.9,988.65,234.5,0.16
South Africa,Africa,Solar,2016,Terawatt-hours (TWh),47098,23375,2376,3592,18.26,761.27,10718.93,373.24,367.66,0.59
South Africa,Europe,Hydro,2024,Terawatt-hours (TWh),45137,19859,12063,19319,43.04,2900.87,11433.48,148.24,228.73,8.31
South Africa,North America,Oil,2018,Terawatt-hours (TWh),46627,11059,3163,14314,50.35,2086.5,4502,1004.93,151.82,7.86
South Africa,South America,Hydro,2024,Terawatt-hours (TWh),37642,41127,4751,18686,13.62,4195.32,4896.33,1318.73,182.98,4.46
South Africa,Asia,Natural Gas,2016,Terawatt-hours (TWh),22331,39409,6219,10666,16.17,4727.98,3060.07,33.9,325.17,6.94
South Africa,South America,Hydro,2024,Terawatt-hours (TWh),10349,15187,8418,16135,61.17,1219.74,13042.96,547.19,255.66,-1.92
South Africa,Europe,Solar,2018,Terawatt-hours (TWh),44269,23197,13140,1961,59.87,2733.81,3667.2,1398.72,148.27,4.91
South Africa,Asia,Oil,2018,Terawatt-hours (TWh),24680,737,12142,13107,58.23,122.51,13870.33,916.62,267.75,-1.18
South Africa,South America,Nuclear,2018,Terawatt-hours (TWh),33434,6889,9996,4582,42.46,67.31,24946.32,479.98,211.74,9.59
South Africa,Africa,Wind,2016,Terawatt-hours (TWh),3114,31513,12478,13281,14.67,4234.79,5387.52,974.49,191.99,2.46
South Africa,Asia,Oil,2019,Terawatt-hours (TWh),32814,49073,12867,13873,43.9,4800.58,5032.08,316.28,386.04,-3.85
South Africa,Oceania,Hydro,2022,Terawatt-hours (TWh),26478,19103,13957,18870,17.44,2656.41,2342.79,1146.79,171.06,-3.28
South Africa,Asia,Hydro,2021,Terawatt-hours (TWh),32624,34363,7842,1146,8.91,541.21,3694.11,1447.36,201.47,7.92
South Africa,Asia,Natural Gas,2018,Terawatt-hours (TWh),25381,14192,12527,15429,32.42,2127.28,7776.03,339.02,389.08,-4.66
South Africa,Asia,Oil,2019,Terawatt-hours (TWh),46819,32944,8523,19854,55.75,736.22,19494.84,1327.13,118.38,5.46
South Africa,Asia,Coal,2015,Terawatt-hours (TWh),3266,31526,4130,14978,27.81,1947.11,16554.99,843.49,302.46,-0.09
South Africa,South America,Nuclear,2018,Terawatt-hours (TWh),29679,8557,10987,12849,66.82,2893.14,11207.97,779.69,180.54,0.61
South Africa,Europe,Solar,2018,Terawatt-hours (TWh),18569,36555,1894,4608,57.1,4608.15,4068.63,1171.56,268.08,-4.1
South Africa,Africa,Wind,2019,Terawatt-hours (TWh),1749,45476,3725,1865,28.9,2699.58,10017.75,974.74,332.66,1.46
South Africa,Asia,Oil,2023,Terawatt-hours (TWh),43398,1161,6733,4185,31.59,4214,16945.62,605.2,176.93,-4.66
South Africa,North America,Oil,2022,Terawatt-hours (TWh),28104,20510,11479,19999,63.57,4138.98,23260.89,1404.06,206.16,-4.7
South Africa,Oceania,Hydro,2018,Terawatt-hours (TWh),12089,18717,3012,2105,49.98,430.19,3301.58,1455.13,342.84,-1.49
South Africa,Africa,Wind,2019,Terawatt-hours (TWh),25920,13211,9668,12793,40.95,2493.2,14325.21,805.19,91.11,2.5
South Africa,Oceania,Natural Gas,2019,Terawatt-hours (TWh),4838,50928,7166,12760,56.5,4244.94,12570.7,296.72,115.16,-3.1
South Africa,Asia,Nuclear,2019,Terawatt-hours (TWh),14284,41357,9747,4439,24.4,2997.21,23823.16,1229.92,66.59,8.56
South Africa,Oceania,Solar,2020,Terawatt-hours (TWh),28751,21416,7510,2036,35.08,3168.74,15688.18,41.78,329.62,-1.05
South Africa,Africa,Oil,2021,Terawatt-hours (TWh),32477,13372,8099,15556,43.31,3439.67,6683.43,5.93,122.26,3.43
South Africa,South America,Wind,2020,Terawatt-hours (TWh),10416,15105,6960,14794,48.58,3459.58,18981.77,62.62,251.81,4.45
South Africa,South America,Solar,2020,Terawatt-hours (TWh),44750,30406,2183,18430,52.1,2836.06,1192.29,797.54,399,6.85
South Africa,South America,Hydro,2020,Terawatt-hours (TWh),41388,7231,7834,1103,26.02,2938.24,21684.06,1356.15,150.12,-4.84
South Africa,Oceania,Nuclear,2021,Terawatt-hours (TWh),5980,30941,3972,11666,19.95,1918.1,22909.73,26.69,384.68,6.36
South Africa,Oceania,Natural Gas,2024,Terawatt-hours (TWh),4491,47866,14734,15956,41.4,519.89,16885.45,179.24,181.68,9.76
South Africa,Europe,Natural Gas,2015,Terawatt-hours (TWh),17013,16005,8749,13732,32.33,4678.83,16012.42,303.27,164.51,4.88
South Africa,Europe,Hydro,2017,Terawatt-hours (TWh),42938,2093,4823,5117,49.09,3956.89,23284.56,1495.57,251.3,3.47
South Africa,North America,Solar,2015,Terawatt-hours (TWh),34874,8321,939,6746,47.38,4986.02,11455.46,780.63,139.76,4.22
South Africa,Africa,Coal,2020,Terawatt-hours (TWh),8816,42442,11501,6120,42.28,1584.63,11477.65,873.25,211.6,1.21
South Africa,Europe,Wind,2021,Terawatt-hours (TWh),39518,44777,10219,42,65.41,1738.61,19144.99,1076.84,359.68,-3.83
South Africa,Oceania,Oil,2018,Terawatt-hours (TWh),19635,16183,13626,10408,68.57,3960.76,22509.96,1016.29,150.09,-0.11
South Africa,North America,Wind,2017,Terawatt-hours (TWh),32981,2470,9556,6686,25.77,2472.38,24282.31,1314.65,226.12,8.04
South Africa,Africa,Nuclear,2023,Terawatt-hours (TWh),28901,17714,9042,10341,27.89,3383.05,5780.9,1248.44,209.54,-0.12
South Africa,Africa,Natural Gas,2015,Terawatt-hours (TWh),40649,3498,14900,11452,50.81,2156.11,7399.02,875.77,380.21,-3.39
South Africa,North America,Solar,2022,Terawatt-hours (TWh),4658,3746,3580,16988,50.53,2702.55,13811.81,639.42,339.27,-0.46
South Africa,Africa,Wind,2017,Terawatt-hours (TWh),49026,5999,11278,17783,39.26,1609.08,23772.27,1106.06,57.91,2.17
South Africa,South America,Solar,2016,Terawatt-hours (TWh),12543,38769,13640,4820,62.36,280.83,5743.49,581.9,105.55,8.59
South Africa,South America,Nuclear,2022,Terawatt-hours (TWh),21664,43675,4470,15155,44.48,4878.84,16985.13,609.09,198.18,-4.04
South Africa,Africa,Wind,2021,Terawatt-hours (TWh),28582,24691,8688,9678,48.84,1872.63,7206.21,737.2,214.71,8.32
South Africa,Oceania,Wind,2017,Terawatt-hours (TWh),34981,26578,12800,1259,34.42,1169.66,24091.65,84.68,50.72,1.36
South Africa,South America,Solar,2020,Terawatt-hours (TWh),16253,20597,12197,15040,21.42,242.07,12749.24,1174.21,111.84,8.85
South Africa,Oceania,Natural Gas,2021,Terawatt-hours (TWh),8848,19569,9504,9443,14.38,2729.42,8034.78,530.64,141.9,6.6
South Africa,Oceania,Hydro,2016,Terawatt-hours (TWh),39529,30827,7598,12015,21.96,4163.41,20937.15,341.05,250.45,6.09
South Africa,Africa,Wind,2024,Terawatt-hours (TWh),13923,21926,13974,5631,49.64,4644.47,22276.43,1000.23,259.41,5.67
South Africa,North America,Hydro,2015,Terawatt-hours (TWh),45435,24888,4110,12063,25.82,4375.42,24847.41,707.12,210.76,1.05
South Africa,Europe,Hydro,2021,Terawatt-hours (TWh),42103,8003,13061,3963,40.01,3308.11,12109.3,830.12,111.51,1.05
South Africa,Oceania,Wind,2015,Terawatt-hours (TWh),47223,3646,12351,1339,10.8,3916.74,20902.83,1017.42,393.87,-0.81
South Africa,Oceania,Nuclear,2016,Terawatt-hours (TWh),3087,34691,10818,9565,20.47,506.16,22533.03,379.31,163.45,-0.81
South Africa,Oceania,Hydro,2018,Terawatt-hours (TWh),20013,31912,3487,596,43.39,2547.2,20269.14,288.57,63.04,3.86
South Africa,Asia,Nuclear,2021,Terawatt-hours (TWh),43335,19701,9274,12773,42.7,1492.84,7322.81,1430.57,169.64,6.55
South Africa,North America,Wind,2020,Terawatt-hours (TWh),20854,27923,13785,9426,5.1,739.92,6191.74,411.71,175.09,9.16
South Africa,Europe,Coal,2016,Terawatt-hours (TWh),40418,41919,12308,12134,56.58,1362.99,8303.28,458.22,281.44,8.14
South Africa,Africa,Coal,2021,Terawatt-hours (TWh),3920,7332,3235,7297,51.19,3746.67,17041.36,959.58,123.23,6.06
South Africa,South America,Coal,2017,Terawatt-hours (TWh),2568,18309,2594,14868,30.07,3148.16,9677.96,1368.9,214.7,1.91
South Africa,North America,Hydro,2018,Terawatt-hours (TWh),36174,22756,5419,12296,42.84,3073.91,24908.37,75.75,54.74,4.42
South Africa,Oceania,Solar,2015,Terawatt-hours (TWh),4165,4251,775,14453,32.83,1328.17,11461.61,502.36,169.37,1.71
South Africa,Europe,Hydro,2024,Terawatt-hours (TWh),8382,5007,6777,12517,14.39,2845.52,18856.95,1248.53,156.93,-1.84
South Africa,Oceania,Wind,2023,Terawatt-hours (TWh),35389,33903,4655,13882,41.37,2515.48,15690.59,19.08,123.51,7.54
South Africa,Asia,Oil,2018,Terawatt-hours (TWh),17596,51335,4717,16398,42.61,3224.26,5107.27,872.13,289.32,1.56
South Africa,Oceania,Nuclear,2023,Terawatt-hours (TWh),12355,27252,2091,14048,31.43,3550.91,6636.59,1366.48,227.76,8.42
South Africa,Oceania,Oil,2019,Terawatt-hours (TWh),6087,12107,13754,1763,18.36,4318.79,7981.8,296.76,369.23,0.74
South Africa,Oceania,Natural Gas,2019,Terawatt-hours (TWh),9327,31967,5209,17913,44.63,2675.57,12671.11,464.54,135.29,7.15
South Africa,North America,Natural Gas,2020,Terawatt-hours (TWh),857,4501,2665,8067,27.25,1750.55,20296.54,593.74,320.62,-0.42
South Africa,Africa,Nuclear,2017,Terawatt-hours (TWh),14699,31928,4268,15394,65.87,1848.75,2466.44,1218.32,294.87,5.26
South Africa,Europe,Oil,2022,Terawatt-hours (TWh),21026,21929,10649,164,22.96,2540.46,16971.1,888.39,117.52,-0.12
South Africa,Europe,Oil,2016,Terawatt-hours (TWh),13627,40674,2755,193,29.36,4823.51,3410.87,1469.62,231.49,1.51
South Africa,Oceania,Coal,2020,Terawatt-hours (TWh),43259,1606,6566,19398,17.88,1358.95,21847.63,564.19,373.14,1.99
South Africa,South America,Wind,2020,Terawatt-hours (TWh),9700,15005,11919,311,23.46,1013.34,22997.07,35.08,294.69,8.17
South Africa,Asia,Nuclear,2018,Terawatt-hours (TWh),23587,49393,13038,16785,6.16,710.55,1326.89,23.55,308.99,4.28
South Africa,North America,Solar,2018,Terawatt-hours (TWh),29799,23171,5470,11924,14.03,2301.7,23680.9,489.86,350.66,0.01
South Africa,Africa,Hydro,2023,Terawatt-hours (TWh),46881,35157,8624,6984,45.99,999.07,15942.04,1113.21,125.47,-3.36
South Africa,Oceania,Nuclear,2019,Terawatt-hours (TWh),24940,31680,5999,10067,56.87,2800.92,5662.92,1042.26,246.9,-2.23
South Africa,South America,Solar,2021,Terawatt-hours (TWh),4368,27862,7514,2105,65.77,1692.78,3311.52,1419.2,149.5,-4.4
South Africa,Africa,Nuclear,2017,Terawatt-hours (TWh),17886,49956,617,11365,45.9,490.35,20908.27,10.38,144.68,3.74
South Africa,North America,Solar,2017,Terawatt-hours (TWh),11954,44074,13054,19666,23.02,1296.46,10923.89,272.83,351.45,6.59
South Africa,Asia,Coal,2015,Terawatt-hours (TWh),36016,30821,8422,2280,29.39,2325.75,11540.08,819.89,222.69,-1.59
South Africa,South America,Natural Gas,2022,Terawatt-hours (TWh),13198,46761,10083,3063,68.59,1918.24,18721.11,104.2,68.12,3.85
South Africa,Asia,Solar,2019,Terawatt-hours (TWh),23385,43364,3232,10379,18.61,715.99,6635.98,528.86,333.9,-4.82
South Africa,Africa,Natural Gas,2020,Terawatt-hours (TWh),14950,39935,6272,10252,44.2,1017.11,20694.61,134.02,161,7.61
South Africa,Europe,Wind,2024,Terawatt-hours (TWh),6118,18281,14654,4317,53.76,3320.25,7837.83,275.88,171.43,5.14
South Africa,Europe,Solar,2017,Terawatt-hours (TWh),29294,43311,4847,13922,32.95,1973.94,24380.47,775.85,250.15,-3.2
South Africa,Africa,Oil,2018,Terawatt-hours (TWh),22072,49844,12893,19887,65.63,981,14209.29,1305.74,279.86,-1.32
South Africa,Africa,Wind,2017,Terawatt-hours (TWh),39628,6603,13938,14723,6.62,1693.38,12984.74,431.19,344.98,5.05
South Africa,Oceania,Wind,2024,Terawatt-hours (TWh),1069,33433,13708,13463,61.19,3657.63,10223.19,25.56,280.69,2.32
South Africa,North America,Wind,2022,Terawatt-hours (TWh),1619,36151,4335,12589,67.71,4835.74,2708.66,958.53,320.61,-1.52
South Africa,South America,Nuclear,2015,Terawatt-hours (TWh),13851,15035,13697,17022,5,4465.08,7764.64,963.3,219.48,8.79
South Africa,Africa,Hydro,2020,Terawatt-hours (TWh),39113,12996,6746,11470,44.23,754.54,735.94,194.89,222.83,2.73
South Africa,Africa,Oil,2018,Terawatt-hours (TWh),44469,6137,2545,2633,28.55,217.17,12233.36,1000.44,300.59,6.07
South Africa,Oceania,Oil,2017,Terawatt-hours (TWh),18714,9521,13107,16995,25.28,88.07,22215.89,1195.74,159.56,1.51
South Africa,Oceania,Coal,2024,Terawatt-hours (TWh),12456,11195,6216,13732,50.54,2437.31,2144.59,1071.21,123.65,5.97
South Africa,Asia,Solar,2023,Terawatt-hours (TWh),46484,31375,8482,16365,68.67,3873.13,5106.26,344.93,53.07,1.7
South Africa,Asia,Wind,2015,Terawatt-hours (TWh),25602,34468,7105,3833,9.65,105.23,10724.86,1031.6,318.26,4.89
South Africa,Oceania,Coal,2015,Terawatt-hours (TWh),15178,27327,6071,4319,69.01,2318.3,16732.83,245.19,271.13,3.2
South Africa,Asia,Solar,2020,Terawatt-hours (TWh),36944,21329,11767,4087,50.66,1665.31,2072.39,202.22,293.38,-4.19
South Africa,Africa,Hydro,2019,Terawatt-hours (TWh),41593,18941,6281,5606,6.51,4034.42,2870.54,211.55,194.21,-2.66
South Africa,Oceania,Wind,2019,Terawatt-hours (TWh),2603,41306,3499,4661,50.11,4864.07,12329.19,472.49,277.56,8.7
South Africa,South America,Nuclear,2015,Terawatt-hours (TWh),25695,38309,6995,16181,62.79,74.74,14158.8,1468.02,69.75,4.31
South Africa,Oceania,Coal,2018,Terawatt-hours (TWh),23591,51928,6652,15523,48.33,2861.05,18851.06,706.36,285.89,3.01
South Africa,North America,Coal,2022,Terawatt-hours (TWh),28160,48840,14630,17527,24.8,3355.5,17327.98,315.08,264.88,-2.39
South Africa,North America,Coal,2015,Terawatt-hours (TWh),49589,43017,4067,19215,47.59,2460.86,20364.81,1125.66,104.24,6.13
South Africa,Asia,Coal,2020,Terawatt-hours (TWh),35246,48009,3480,4650,22.14,4793.93,16588.09,230.87,111.24,-4
South Africa,Asia,Natural Gas,2018,Terawatt-hours (TWh),4784,14143,7526,1782,32.52,4494.21,2940.47,1452.6,249.37,8.66
South Africa,Oceania,Solar,2017,Terawatt-hours (TWh),25993,6626,5281,9399,60.56,2356.27,20331.84,275.56,70.96,-1.6
South Africa,Oceania,Nuclear,2022,Terawatt-hours (TWh),14184,47432,3166,5067,30.13,3743.16,5692.62,922.29,113.67,-3.62
South Africa,North America,Wind,2020,Terawatt-hours (TWh),23566,29436,963,11840,45.54,2718.79,22869.34,595.26,300.78,1.29
South Africa,Europe,Oil,2020,Terawatt-hours (TWh),27366,9213,14368,11127,30.94,994.39,9164.77,490.46,317.8,8.28
South Africa,Europe,Hydro,2023,Terawatt-hours (TWh),35135,13478,5224,13994,55.43,3782.47,17971.73,1409.92,301.33,-2.93
South Africa,Europe,Nuclear,2016,Terawatt-hours (TWh),19707,11310,3468,19309,25.86,1384.37,2932.67,1372.19,295.64,-1.98
South Africa,South America,Hydro,2020,Terawatt-hours (TWh),22021,44605,1650,10428,11.05,4541.12,22557.45,109.63,162.73,6.95
South Africa,North America,Natural Gas,2024,Terawatt-hours (TWh),2073,38722,10896,3303,59.83,1804.64,10141.13,847.88,308.06,-4.89
South Africa,Asia,Wind,2019,Terawatt-hours (TWh),9212,43677,4357,9239,54.98,4089.06,17375.69,1342.65,381.41,2.08
South Africa,Europe,Nuclear,2022,Terawatt-hours (TWh),12664,26029,2832,8122,24.75,3876.14,14111.97,1412.69,197.69,-0.93
South Africa,Asia,Wind,2020,Terawatt-hours (TWh),12894,26681,7698,19082,23.4,484.56,21024.85,322.3,258.45,-1.51
South Africa,South America,Natural Gas,2023,Terawatt-hours (TWh),10169,15931,6863,8695,29.67,2154.81,11048.17,636.36,393.59,-4.18
South Africa,Oceania,Oil,2020,Terawatt-hours (TWh),2539,27596,3914,11355,59.24,3356.9,5928.91,919.13,267.7,-1.35
South Africa,North America,Coal,2021,Terawatt-hours (TWh),15941,45735,2642,17680,5.2,4150.77,16284.91,578.03,160.66,7.09
South Africa,South America,Hydro,2023,Terawatt-hours (TWh),32808,37816,5985,4068,37.92,3153.06,6533.74,783.36,70.44,-1.06
South Africa,Africa,Nuclear,2020,Terawatt-hours (TWh),32675,8165,114,18136,31.24,4295.39,11774.91,619.45,222.82,-0.6
South Africa,Asia,Solar,2021,Terawatt-hours (TWh),7418,15079,2818,15361,66.37,1701.38,21425.3,1084.07,76.86,-1.92
South Africa,North America,Natural Gas,2018,Terawatt-hours (TWh),41017,39509,833,4014,54.22,1897.78,7160.78,1481.98,331.88,2.29
South Africa,Asia,Natural Gas,2015,Terawatt-hours (TWh),18196,46712,4801,1882,65.94,1859.91,8067.69,573.5,167.29,6.05
South Africa,Oceania,Solar,2020,Terawatt-hours (TWh),36354,6745,13270,16690,63.31,4792.86,7158.93,111.22,88.25,-1.74
South Africa,Europe,Coal,2023,Terawatt-hours (TWh),17605,6700,13605,6189,41.91,3515.23,21645.01,1276.43,266.04,-0.82
South Africa,Oceania,Nuclear,2024,Terawatt-hours (TWh),16705,38227,3256,3630,34.04,1114.73,2774.13,1067.7,243.01,2.7
South Africa,North America,Solar,2021,Terawatt-hours (TWh),36351,16302,3155,6594,17.85,4782.7,3253.95,22.94,119.91,7.74
South Africa,Europe,Coal,2017,Terawatt-hours (TWh),7452,19192,6396,576,45.55,301.53,21094.82,144.08,314.18,-3.29
South Africa,South America,Hydro,2023,Terawatt-hours (TWh),27468,40253,12511,16492,36.9,1638.47,2672.84,710.87,307.2,-3.21
South Africa,Africa,Oil,2019,Terawatt-hours (TWh),18756,32374,11105,8156,21.42,3258.45,4874.79,271.11,309.93,-2.08
South Africa,Europe,Oil,2016,Terawatt-hours (TWh),33124,21129,44,4811,53.82,2447.5,14286.52,1171.27,81.46,7.97
South Africa,Europe,Oil,2015,Terawatt-hours (TWh),7444,18384,10707,17192,43.2,2956.23,9957.24,273.24,195.73,0.46
South Africa,North America,Wind,2020,Terawatt-hours (TWh),12802,27860,13372,7476,53.98,132.06,11948.13,265.29,94.31,9.94
South Africa,Asia,Coal,2015,Terawatt-hours (TWh),707,44849,13430,5963,36.74,974.81,18893.42,278.96,165.3,8.4
South Africa,Asia,Hydro,2019,Terawatt-hours (TWh),47373,51944,5698,5886,20.88,403.55,5468.38,64.55,262.94,-3.22
South Africa,North America,Hydro,2020,Terawatt-hours (TWh),2827,34067,5196,3723,9.81,1380.85,6775.38,1248.48,96.11,-2.24
South Africa,Africa,Wind,2020,Terawatt-hours (TWh),7804,42579,5558,16664,34.49,355.26,2867.13,985.19,73.63,-2.41
South Africa,South America,Hydro,2016,Terawatt-hours (TWh),19589,7467,14453,14690,24.01,4559.94,15757.4,838.91,362.9,4.57
South Africa,Europe,Nuclear,2017,Terawatt-hours (TWh),12866,40096,633,12238,69.9,4385.34,12060.69,1277.45,105.76,0.71
South Africa,South America,Natural Gas,2022,Terawatt-hours (TWh),42857,42020,4392,18997,25.53,4022.97,4040.79,1104.02,199.11,-1.8
South Africa,Europe,Nuclear,2016,Terawatt-hours (TWh),38431,13298,6679,3018,6.21,3892.21,8292.94,688.11,131.7,0.19
South Africa,South America,Hydro,2015,Terawatt-hours (TWh),39956,10556,8540,19628,38.14,4217.98,14601.77,985.87,331.08,7.26
South Africa,South America,Solar,2017,Terawatt-hours (TWh),18904,24964,5467,18640,34.09,2896.13,24350.69,525.66,297.84,1.37
South Africa,Oceania,Hydro,2017,Terawatt-hours (TWh),9642,20346,1204,13854,36.52,4388.97,19818.75,1475.28,375.9,5.48
South Africa,Africa,Coal,2015,Terawatt-hours (TWh),41484,43182,6449,7361,47.1,4516.23,21247.27,1199.83,325.79,8.03
South Africa,South America,Hydro,2018,Terawatt-hours (TWh),12517,26695,8539,7654,22.24,608.15,15741.58,823.1,102.76,-0.04
South Africa,South America,Natural Gas,2021,Terawatt-hours (TWh),6405,8494,7631,1188,60.12,1134.16,3298.33,159.45,332.93,-2.05
South Africa,Oceania,Natural Gas,2021,Terawatt-hours (TWh),49104,1633,7500,16882,11.59,2226.1,5003.44,738.93,293.48,-3.53
South Africa,Oceania,Nuclear,2022,Terawatt-hours (TWh),47235,3330,14166,10685,33.89,3097.02,11785.68,1480.93,130.75,8.36
South Africa,Europe,Nuclear,2024,Terawatt-hours (TWh),14222,47896,497,938,20.19,383.85,19099.49,456.16,333.86,3.67
South Africa,Oceania,Nuclear,2017,Terawatt-hours (TWh),49399,23680,2253,1656,26.89,567.37,12885.92,653.92,141.69,1.13
South Africa,North America,Solar,2021,Terawatt-hours (TWh),4053,10461,6880,7648,34.62,3695.95,2368.54,538.2,356.1,0
South Africa,Asia,Coal,2020,Terawatt-hours (TWh),35390,5302,1288,1,7.29,1190.25,18211.51,424.1,241.7,2.42
South Africa,Europe,Oil,2023,Terawatt-hours (TWh),1863,40936,12427,16308,24.77,3820.23,3062.49,654.35,68.96,1.38
South Africa,Oceania,Hydro,2016,Terawatt-hours (TWh),21971,49883,5632,15993,30.26,2434.5,24052.3,247.84,307.16,2.98
South Africa,Asia,Nuclear,2017,Terawatt-hours (TWh),15012,33240,1061,9200,50.4,2044.82,22569.42,1112.08,231.26,1.23
South Africa,North America,Coal,2017,Terawatt-hours (TWh),43739,4288,12690,6947,53.9,210.97,1236.79,503.41,62.98,-2.63
South Africa,Oceania,Solar,2019,Terawatt-hours (TWh),32347,10447,303,13944,37.9,778.12,19908.65,421.6,62.12,6.18
South Africa,North America,Nuclear,2022,Terawatt-hours (TWh),46002,11753,5724,5857,43.53,3167.52,22717.51,354,313.49,7.6
South Africa,Oceania,Natural Gas,2015,Terawatt-hours (TWh),47309,35529,14269,2629,49.18,1955.76,10557.08,822.43,146.12,-3.62
South Africa,Asia,Natural Gas,2022,Terawatt-hours (TWh),43371,8250,2588,10003,23.36,3463.97,14113.43,1278.63,96.52,-2.09
South Africa,Asia,Nuclear,2022,Terawatt-hours (TWh),47785,2732,14173,4393,37.43,4513.46,3245.97,120.66,85.93,7.22
South Africa,Asia,Natural Gas,2020,Terawatt-hours (TWh),1340,40243,2153,7516,11.92,304.3,5882.22,221.92,337.4,0.57
South Africa,Africa,Hydro,2023,Terawatt-hours (TWh),19337,39082,1890,4756,30.13,2262.26,2964.87,48.62,304.64,7.29
South Africa,North America,Solar,2015,Terawatt-hours (TWh),40283,31503,4966,11445,46.23,1704.51,21633.53,1368.05,302.07,-4.82
South Africa,South America,Hydro,2018,Terawatt-hours (TWh),38780,27777,544,1961,11.51,269.5,21067.99,600.19,142.51,-2.27
South Africa,Africa,Natural Gas,2023,Terawatt-hours (TWh),29915,29389,6005,17560,29.06,2873.78,9630.35,1060.15,312.86,7.13
South Africa,Europe,Natural Gas,2023,Terawatt-hours (TWh),20513,38485,12025,19772,41.13,2114.7,13426.76,142.38,141.79,-3.42
South Africa,Asia,Wind,2022,Terawatt-hours (TWh),7005,1595,12683,6540,9.7,2279.56,19689.1,280.86,370.3,8.05
South Africa,Oceania,Solar,2022,Terawatt-hours (TWh),48173,49956,10900,2743,55.04,2050.28,20915.57,284.86,351.43,0.5
South Africa,Africa,Natural Gas,2018,Terawatt-hours (TWh),4171,4037,7263,8330,49.73,1495.36,17511.78,197.09,276.44,7.29
South Africa,Asia,Coal,2022,Terawatt-hours (TWh),28580,12968,14650,1145,62.06,2749.2,19042.03,1241.85,320.09,-3.34
South Africa,South America,Nuclear,2024,Terawatt-hours (TWh),41349,48050,7618,12290,43.56,114.18,19774.9,315.51,306.3,8.06
South Africa,Oceania,Hydro,2022,Terawatt-hours (TWh),14207,21516,13474,7828,57.72,2422.6,291.38,885.68,300.45,4.55
South Africa,Africa,Hydro,2023,Terawatt-hours (TWh),29987,40663,13578,18840,26.27,136.68,1521.51,1129.46,317.83,4.73
South Africa,Europe,Solar,2019,Terawatt-hours (TWh),21531,5816,3658,3852,12.08,4440.78,5572.19,806.86,185.15,7.29
South Africa,South America,Hydro,2018,Terawatt-hours (TWh),47241,2427,10906,2003,64.75,715.14,10922.27,1446.05,62.85,-4.79
South Africa,North America,Oil,2015,Terawatt-hours (TWh),44347,48666,11520,7710,19.04,3250.04,1256.3,960.85,62.72,9.56
South Africa,Europe,Oil,2019,Terawatt-hours (TWh),18382,51202,11914,4401,56.2,3314.58,8392.07,1128.11,377.41,5.43
South Africa,Africa,Coal,2017,Terawatt-hours (TWh),25606,27361,4722,6867,29.37,2076.83,2071.3,1189.48,101.66,5.06
South Africa,Asia,Wind,2018,Terawatt-hours (TWh),25291,13968,2811,11481,33.55,2892.46,14718.17,1170.49,155.86,-2.65
South Africa,North America,Natural Gas,2015,Terawatt-hours (TWh),40770,25299,12571,5175,57.51,4873.97,18981.47,460,374.41,-3.15
South Africa,South America,Coal,2022,Terawatt-hours (TWh),2149,44198,833,17982,49.89,540.79,16847.2,1139.89,90.72,-3.54
South Africa,Africa,Hydro,2017,Terawatt-hours (TWh),25685,18469,14207,14460,50.66,2631.9,24269.79,1330.42,262.32,-2.59
South Africa,North America,Nuclear,2022,Terawatt-hours (TWh),41621,19728,9015,10455,37.7,3177.63,4120.82,82.04,100.45,-3.59
South Africa,South America,Nuclear,2017,Terawatt-hours (TWh),40928,21801,12949,1451,9.4,2026.98,7216.2,865.14,56.49,6.63
South Africa,South America,Hydro,2017,Terawatt-hours (TWh),45049,5088,3203,18219,47.72,4149.18,18401.69,108.91,254.44,0.44
South Africa,South America,Hydro,2023,Terawatt-hours (TWh),47659,40035,5587,13588,11.22,1771.82,4896.67,632.16,179.51,-3.04
South Africa,Asia,Solar,2018,Terawatt-hours (TWh),43364,37159,4602,18281,25.58,3306.84,3826.66,509.29,156.48,-0.27
South Africa,Asia,Oil,2022,Terawatt-hours (TWh),33197,45419,614,10536,51.87,4010.62,610.9,675.94,269.91,0.59
South Africa,Africa,Hydro,2017,Terawatt-hours (TWh),16069,19300,11850,15756,63.8,4412.24,13391.98,1100.43,307.66,0.3
South Africa,Oceania,Coal,2021,Terawatt-hours (TWh),31432,14723,3687,4886,61.73,2379.84,8763.05,565.21,320.33,-4.61
South Africa,Oceania,Natural Gas,2019,Terawatt-hours (TWh),1101,37709,1065,7987,33.98,2134.8,1935.98,1498.26,345.5,1.02
South Africa,Asia,Wind,2016,Terawatt-hours (TWh),18726,17665,11393,18767,25.14,220.77,5256.58,366.11,364.74,5.71
South Africa,Asia,Solar,2015,Terawatt-hours (TWh),45636,14636,8080,14315,31.53,1497.09,725.84,583.45,348.34,-4.94
South Africa,Oceania,Nuclear,2018,Terawatt-hours (TWh),24027,48889,7828,19083,13.81,1076.15,10989.89,1093.14,163.25,9.46
South Africa,South America,Natural Gas,2024,Terawatt-hours (TWh),10374,34907,3921,18577,38.2,3156.32,23020.37,979.04,52.22,4.71
South Africa,Oceania,Nuclear,2018,Terawatt-hours (TWh),18540,46380,12506,9641,55.04,1141.8,15806.39,58.16,92.82,8.32
South Africa,Oceania,Coal,2018,Terawatt-hours (TWh),39073,41563,2508,10154,5.38,3864.02,16118.55,891.97,217.12,8.27
South Africa,Africa,Coal,2022,Terawatt-hours (TWh),24618,16100,7626,8707,59.4,4216.62,5319.3,7.27,324.31,3.85
South Africa,Oceania,Solar,2022,Terawatt-hours (TWh),2505,28176,833,2250,49.35,2624.26,12124.84,1373.94,305.71,3.86
South Africa,Asia,Solar,2021,Terawatt-hours (TWh),31241,1344,11404,12492,52.59,3426.79,19955.07,23.69,261.71,7.73
South Africa,Africa,Oil,2020,Terawatt-hours (TWh),48692,4584,1690,5557,61.14,3565.13,17202.73,625.07,73.9,-2.7
South Africa,North America,Wind,2019,Terawatt-hours (TWh),32695,15244,13287,13386,35.75,3429.33,9760.63,1056.1,175.95,3.87
South Africa,Asia,Oil,2019,Terawatt-hours (TWh),46634,48449,3571,16111,35.22,3388.05,22834.65,257.66,67.95,7.23
South Africa,South America,Wind,2024,Terawatt-hours (TWh),13238,10333,592,1992,54.35,4637.22,7793.55,958.05,159.11,-3.77
South Africa,Asia,Oil,2024,Terawatt-hours (TWh),3331,45301,2421,13034,28.62,81.21,12679.86,1094.77,151.13,0.16
South Africa,Europe,Natural Gas,2016,Terawatt-hours (TWh),47873,12893,4966,648,35.05,2581.96,5875.2,959.38,106.39,-2.53
South Africa,Africa,Hydro,2015,Terawatt-hours (TWh),36000,14198,1728,16290,39.43,3849.7,6601.05,880.33,351.61,4.25
South Africa,Oceania,Hydro,2021,Terawatt-hours (TWh),49560,51867,11870,6817,35.94,1111.95,2630.03,1392.73,355.63,7.77
South Africa,Asia,Solar,2016,Terawatt-hours (TWh),16654,3916,3329,3579,18.65,4289.79,8694.54,732.61,175.03,-1.67
South Africa,Asia,Solar,2016,Terawatt-hours (TWh),3845,43875,12434,11352,10.2,1902.33,22465.73,624.64,380.87,2.6
South Africa,Africa,Hydro,2015,Terawatt-hours (TWh),3165,44911,13155,9362,9.25,871.67,8545.24,1303.41,166.77,2.29
South Africa,Asia,Natural Gas,2019,Terawatt-hours (TWh),28722,42041,11066,2695,50.77,3136.47,10093.4,252.88,338.81,3.7
South Africa,Europe,Oil,2016,Terawatt-hours (TWh),38472,31192,1854,10716,22.14,2414.27,19402.64,1454.89,225.79,-4
South Africa,Asia,Wind,2016,Terawatt-hours (TWh),27664,46704,4987,19517,13.03,4207.7,2686.24,992.84,311.18,-4.3
South Africa,North America,Wind,2020,Terawatt-hours (TWh),36362,19648,14852,207,21.45,478.07,753.93,418.24,234.71,6.08
South Africa,Europe,Natural Gas,2016,Terawatt-hours (TWh),23540,27477,8792,5967,53.73,2648.58,20119.68,1327.1,236.15,-2.21
South Africa,Asia,Nuclear,2018,Terawatt-hours (TWh),3682,8037,14959,15981,38.62,1615.14,7629.75,719.82,63.39,-3.08
South Africa,Africa,Solar,2023,Terawatt-hours (TWh),47566,25355,3790,11797,38.25,1194.63,2974.43,16.18,365.08,1.55
South Africa,South America,Oil,2018,Terawatt-hours (TWh),15314,3350,6632,5030,20.1,4008.08,16435.65,521.36,173.14,2.75
South Africa,South America,Oil,2023,Terawatt-hours (TWh),1762,6463,1547,5092,64.48,2574.41,10075.79,1101.44,386.68,-0.35
South Africa,North America,Nuclear,2024,Terawatt-hours (TWh),29260,8061,4749,19144,26.23,531.82,18256.22,1161.84,278.7,1.9
South Africa,North America,Solar,2017,Terawatt-hours (TWh),4909,37388,11770,8601,46.08,823.92,20482.01,893.68,360.42,5.77
South Africa,South America,Wind,2018,Terawatt-hours (TWh),12073,9561,3531,10237,47.53,3366.97,5184,1044.68,154.88,6.48
South Africa,Asia,Coal,2015,Terawatt-hours (TWh),33231,12094,5508,5508,31.09,2022.83,7243.92,693.57,256.85,-2.05
South Africa,Asia,Hydro,2018,Terawatt-hours (TWh),16828,39407,69,2250,45.12,4247.75,342.65,269.39,295.36,-4.35
South Africa,North America,Coal,2020,Terawatt-hours (TWh),26259,24102,12828,12868,10.81,2778.85,2134.51,714.26,332.95,-1.32
South Africa,North America,Coal,2017,Terawatt-hours (TWh),30672,13485,14375,7798,43.2,707.55,12213.85,69.41,292.24,-1.86
South Africa,Oceania,Nuclear,2024,Terawatt-hours (TWh),23560,16662,3549,19265,9.72,2587.92,4837.14,1074.87,227.63,-0.44
South Africa,South America,Coal,2020,Terawatt-hours (TWh),10985,11284,14202,16404,51.31,1635.87,6759.56,583.11,197.12,-3.39
South Africa,North America,Solar,2023,Terawatt-hours (TWh),20065,25060,2812,10256,13.75,2927.89,23232.32,431.09,252.4,-3.46
South Africa,Africa,Solar,2023,Terawatt-hours (TWh),45809,18651,4462,3722,5.96,2508.08,15633.39,1281.63,167.83,-4.43
South Africa,North America,Hydro,2019,Terawatt-hours (TWh),27851,46009,3589,3772,44.51,4999.46,13619.25,936.42,101.38,9.71
South Africa,Oceania,Wind,2023,Terawatt-hours (TWh),39250,9524,13642,18165,69.08,2618.1,19002.18,458.56,225.82,1.57
South Africa,Asia,Oil,2024,Terawatt-hours (TWh),2599,9209,2613,6902,18.65,4956.93,10293.11,262.49,141.2,0.95
South Africa,Europe,Solar,2020,Terawatt-hours (TWh),8800,19471,6698,18962,40.39,773.94,23302.23,1356.4,110.92,-4.25
South Africa,Europe,Oil,2024,Terawatt-hours (TWh),13310,23504,8986,1362,6.17,4182.22,22945.34,429.34,268.6,8.06
South Africa,Europe,Hydro,2017,Terawatt-hours (TWh),1003,14127,14841,17622,56.05,3968.41,3805.17,919.71,168.52,-0.39
South Africa,South America,Wind,2017,Terawatt-hours (TWh),1881,49703,9681,13488,64.95,4770.12,11765.84,600.48,331.64,-2.54
South Africa,Europe,Hydro,2019,Terawatt-hours (TWh),48441,33888,6315,2901,47.26,1537.88,10576.69,1447.08,125.02,0.61
South Africa,Africa,Hydro,2020,Terawatt-hours (TWh),13850,28175,7940,19398,37.44,1856.45,14626.63,276.24,206.77,5.65
South Africa,Oceania,Hydro,2015,Terawatt-hours (TWh),37579,19605,12738,10170,51.27,380.92,1166.08,456.61,150.81,7.94
South Africa,Asia,Solar,2020,Terawatt-hours (TWh),30610,23347,2883,7397,19.68,2645.55,9528.73,967.85,386.76,7.29
South Africa,Europe,Wind,2021,Terawatt-hours (TWh),22443,43487,4339,2942,64.58,919.33,23338.81,1481.95,207.96,-1.58
South Africa,South America,Solar,2021,Terawatt-hours (TWh),16240,8945,674,16832,7.76,4280.68,13735.33,1447.02,87.1,1.23
South Africa,North America,Nuclear,2017,Terawatt-hours (TWh),12118,4975,12404,12219,66.1,4331.02,542.58,1079.54,95.05,6.5
South Africa,Africa,Oil,2017,Terawatt-hours (TWh),25236,21356,1495,19158,47.73,2259.89,23358.96,554.15,392.51,-2.79
South Africa,Europe,Coal,2024,Terawatt-hours (TWh),33350,16746,11698,16830,32.3,917.8,12939.12,107.27,297.41,3.95
South Africa,Asia,Wind,2016,Terawatt-hours (TWh),41084,51040,6933,7815,15.75,2890.38,13331.6,84.04,244.34,-0.57
South Africa,Europe,Wind,2020,Terawatt-hours (TWh),44770,37252,14301,19824,59.99,4030.89,9835.48,1379.21,349.23,8.4
South Africa,Asia,Oil,2022,Terawatt-hours (TWh),28286,24686,1510,2921,68.59,3823.47,1200.57,840.8,266.52,8.48
South Africa,Oceania,Coal,2016,Terawatt-hours (TWh),9769,7014,8207,16282,68.36,4175.08,22356.79,490.67,292.25,-3.18
South Africa,North America,Hydro,2016,Terawatt-hours (TWh),3343,1979,4314,10751,18.28,3286.93,13351.74,1130.08,254.83,6.43
South Africa,Asia,Hydro,2016,Terawatt-hours (TWh),45188,31629,11588,15868,69.8,1266.06,16775.32,1008.97,66.93,-1.83
South Africa,Oceania,Oil,2015,Terawatt-hours (TWh),28799,17833,5005,11722,9.17,1211.2,8222.5,1378.26,224.13,6.35
South Africa,Africa,Nuclear,2016,Terawatt-hours (TWh),12057,9389,5636,13432,8.05,2714.54,6611.97,233.68,99.81,3.51
South Africa,Asia,Solar,2020,Terawatt-hours (TWh),14306,40333,11739,19374,7.06,1340.05,2903.34,615.57,331.44,1.49
South Africa,North America,Nuclear,2021,Terawatt-hours (TWh),9651,15556,13281,17204,18.24,3932.69,17347.75,1177.6,120.78,0.49
South Africa,Europe,Natural Gas,2015,Terawatt-hours (TWh),47784,19588,243,17269,40.5,3323.49,24751.37,88.72,221.47,-1.19
South Africa,Europe,Nuclear,2024,Terawatt-hours (TWh),26255,16307,14448,6142,28.35,3206.63,6161.94,416.21,88.89,4.29
South Africa,South America,Hydro,2023,Terawatt-hours (TWh),23562,38324,1047,18483,47.17,4608.48,12515.3,1259.22,111.68,6.47
South Africa,South America,Solar,2024,Terawatt-hours (TWh),47429,47433,11441,11119,57.74,1670.92,5952.46,30.18,360.53,6.38
South Africa,Africa,Hydro,2023,Terawatt-hours (TWh),41212,8551,4570,13185,56.3,937.43,5779.84,386.46,373.05,0.89
South Africa,North America,Oil,2016,Terawatt-hours (TWh),21260,12960,12645,17231,52.38,2443.93,250,53.05,147.35,7.67
South Africa,Africa,Oil,2015,Terawatt-hours (TWh),30332,50601,9542,2704,30.57,1365.02,3781.92,72.48,267.74,6.37
South Africa,Asia,Nuclear,2019,Terawatt-hours (TWh),46935,25060,8151,9401,22.24,2017.71,15601.67,1187.06,88.48,2.15
South Africa,Europe,Coal,2017,Terawatt-hours (TWh),10093,19208,8719,16169,11.56,644.71,153.85,552.09,209.73,6.09
South Africa,Asia,Nuclear,2018,Terawatt-hours (TWh),8637,20710,4953,13014,36.04,3214.44,24858.89,100.47,186.76,2.7
South Africa,North America,Coal,2017,Terawatt-hours (TWh),19143,3546,677,12206,61.33,3703.61,7388.9,888.32,284.32,6.97
South Africa,Europe,Natural Gas,2017,Terawatt-hours (TWh),39389,12326,4046,1533,21.46,3222.73,24401.79,948.16,390.01,8.5
South Africa,North America,Natural Gas,2022,Terawatt-hours (TWh),17167,39909,6859,6358,24.74,697.96,63.15,334.16,147.22,9.25
South Africa,Oceania,Hydro,2017,Terawatt-hours (TWh),29908,22418,13418,16481,34,2520.37,4864.22,631.37,94.76,1.94
South Africa,Oceania,Coal,2024,Terawatt-hours (TWh),13492,14293,8889,3827,28.17,2949.32,7975.94,465.48,271.47,8.04
South Africa,Africa,Hydro,2021,Terawatt-hours (TWh),22471,33226,7396,1935,32.44,4880.76,15573.59,635.96,162.28,-3.14
South Africa,Africa,Oil,2022,Terawatt-hours (TWh),30165,38597,11159,12292,57.41,888.65,10794.92,510.54,212.68,1.26
South Africa,North America,Nuclear,2018,Terawatt-hours (TWh),30673,8365,7644,660,54.93,2778.43,24914.89,805.34,96.67,5.68
South Africa,Europe,Coal,2021,Terawatt-hours (TWh),3203,23759,12271,8168,60.01,4394.72,20724.86,850.75,296.99,6.49
South Africa,North America,Solar,2016,Terawatt-hours (TWh),40154,29803,4591,19460,32.92,1227.14,12973.68,534.53,143.89,4.16
South Africa,Oceania,Nuclear,2016,Terawatt-hours (TWh),43550,2901,3083,12927,45.76,2300.77,22193.01,626.27,68.04,6.48
South Africa,Oceania,Natural Gas,2023,Terawatt-hours (TWh),24610,36558,2612,9933,55.54,2776.89,10034.22,142.33,141.94,-2.23
South Africa,Oceania,Wind,2017,Terawatt-hours (TWh),49865,6216,4876,1203,51.48,3493.24,23330.88,1070.63,240.72,9.82
South Africa,South America,Solar,2019,Terawatt-hours (TWh),29333,39884,1222,11717,24.38,67.28,9889.09,1155.08,306.28,4.64
South Africa,Africa,Natural Gas,2017,Terawatt-hours (TWh),12159,42361,3023,498,10.38,2759.06,14892.91,474.16,93.61,-4.77
South Africa,North America,Wind,2015,Terawatt-hours (TWh),32507,10712,344,18114,23.98,2871.29,4930.96,1330.41,63.85,5.7
South Africa,Oceania,Solar,2019,Terawatt-hours (TWh),30896,36443,14078,5976,62.15,2348.33,21354.43,1292.42,339.81,4.61
South Africa,North America,Nuclear,2019,Terawatt-hours (TWh),28043,19726,12874,8421,23.36,641.45,9741.15,1473.5,267.67,2.31
South Africa,Europe,Natural Gas,2015,Terawatt-hours (TWh),26460,17195,7948,15009,20.16,2927.07,16220.76,711.14,363.93,7.28
South Africa,Asia,Natural Gas,2018,Terawatt-hours (TWh),28270,33717,11051,6858,26.51,3268.73,24060.79,659.14,163.63,-1.78
South Africa,South America,Oil,2019,Terawatt-hours (TWh),35561,2072,10082,16075,15.95,285.54,9785.8,1174.09,389.66,1.14
South Africa,Europe,Solar,2019,Terawatt-hours (TWh),44624,15722,4935,15130,18.94,4475.14,16244.94,1326.64,168.2,6.11
South Africa,Europe,Wind,2018,Terawatt-hours (TWh),2447,44994,9624,16921,58.42,1468.46,21283.12,368.76,87.87,6.82
South Africa,North America,Solar,2019,Terawatt-hours (TWh),29750,3638,689,18727,69.66,2465.23,19684.84,436.63,93.62,5.72
South Africa,South America,Solar,2018,Terawatt-hours (TWh),24644,44323,14707,10028,6.12,4666.59,20825.22,641.9,326.35,8.38
South Africa,Africa,Solar,2015,Terawatt-hours (TWh),48102,20603,1207,740,19.18,1610.97,17092.25,1188.91,370.4,-0.25
South Africa,Oceania,Natural Gas,2016,Terawatt-hours (TWh),19578,3386,10135,4909,44.75,2547.85,15326.61,1192.82,67.62,5.36
South Africa,South America,Wind,2019,Terawatt-hours (TWh),38374,12172,459,18031,28.54,1354.04,10639.42,72.75,306.9,5.63
South Africa,Asia,Wind,2020,Terawatt-hours (TWh),15322,23300,5980,1979,18.13,1040.44,4583.47,122.42,277.1,5.16
South Africa,Africa,Coal,2017,Terawatt-hours (TWh),20276,37794,8509,6612,20.25,1372.57,5857.95,401.2,281.46,5.87
South Africa,South America,Natural Gas,2016,Terawatt-hours (TWh),43496,24684,5574,13867,50,3480.06,15027.02,314.11,343.54,6.38
South Africa,South America,Nuclear,2022,Terawatt-hours (TWh),30897,9887,984,3781,6,926.13,9029.16,1158.69,140.48,1.59
South Africa,Africa,Solar,2018,Terawatt-hours (TWh),47228,25001,6018,15660,7.22,3860.54,1939.87,698.4,180.63,9.98
South Africa,Africa,Wind,2023,Terawatt-hours (TWh),27421,41905,13468,6642,28.87,1676.5,11576.07,876.76,178.59,1.62
South Africa,Africa,Coal,2015,Terawatt-hours (TWh),22986,14953,2588,5887,16.17,3064,1275.13,508.89,140.38,6.83
South Africa,Oceania,Natural Gas,2023,Terawatt-hours (TWh),6672,7359,10216,14754,32.21,2755.03,13478.2,553.55,390.8,0.77
South Africa,North America,Nuclear,2021,Terawatt-hours (TWh),43232,32652,14695,19351,69.58,4624.37,4270.59,611.91,103.77,8.09
South Africa,Europe,Coal,2016,Terawatt-hours (TWh),32348,46530,9945,1794,28.51,4249.21,22817.84,1367.83,167.06,6.96
South Africa,South America,Coal,2018,Terawatt-hours (TWh),31551,51917,9692,16448,20.95,3415.79,20693.21,847.6,167.48,4.85
South Africa,North America,Natural Gas,2023,Terawatt-hours (TWh),25723,26338,4783,8843,5.01,4426.52,8312.69,424.36,71.09,1.02
South Africa,Oceania,Oil,2016,Terawatt-hours (TWh),17015,12721,14735,1243,39.8,4256.57,13930.54,1351.97,375.19,5.24
South Africa,Asia,Solar,2021,Terawatt-hours (TWh),33662,4818,7179,19514,33.86,2746.6,19065.99,1037.77,87.22,-1.38
South Africa,South America,Coal,2022,Terawatt-hours (TWh),49594,32389,1643,5038,46.87,3068.1,19864.66,1120.31,216.62,3.34
South Africa,Asia,Coal,2018,Terawatt-hours (TWh),48111,10239,82,7301,14.9,2729.59,7453.75,746.77,163.8,5.31
South Africa,Europe,Oil,2018,Terawatt-hours (TWh),28262,23606,2440,11159,16.57,1364.41,318.28,93.43,161.62,-3.34
South Africa,Asia,Wind,2015,Terawatt-hours (TWh),32809,28441,1360,9356,43.79,1771.87,11626.5,486.75,178.85,3.8
South Africa,North America,Hydro,2022,Terawatt-hours (TWh),7038,11055,3300,4947,32.51,58.43,16147.6,1370.23,178.67,7.46
South Africa,Africa,Solar,2017,Terawatt-hours (TWh),24112,23370,8475,6256,18.57,3061.09,67.59,777.76,309.3,3.14
South Africa,South America,Wind,2023,Terawatt-hours (TWh),33543,13263,3466,7688,15.39,444.52,187.01,716.23,349.4,3.11
South Africa,North America,Solar,2022,Terawatt-hours (TWh),20747,2015,10653,5431,58.39,3256.15,947.14,436.51,183.01,7.5
South Africa,Asia,Hydro,2024,Terawatt-hours (TWh),44754,23087,2180,3790,33.08,4355.17,14187.99,333.09,391.6,8.58
South Africa,Asia,Coal,2023,Terawatt-hours (TWh),10014,37793,12402,3110,35.06,4177.63,7392.91,63.71,378.06,3.74
South Africa,South America,Wind,2020,Terawatt-hours (TWh),38916,28597,14712,1601,60.08,2379.15,12601.32,430.37,200.09,-1.89
South Africa,Europe,Solar,2022,Terawatt-hours (TWh),19142,42673,4227,12712,18.6,3250.34,15215.4,398.14,176.84,8.06
South Africa,South America,Oil,2017,Terawatt-hours (TWh),1071,24390,5485,16037,67.05,1074.58,499.58,720.08,200.03,5.38
South Africa,Asia,Hydro,2017,Terawatt-hours (TWh),49822,25478,14566,3855,15.41,3497.72,17997.93,610.03,221.03,-4.67
South Africa,South America,Nuclear,2024,Terawatt-hours (TWh),47625,5643,1337,14535,48.82,4980.84,7183.76,748.53,210.3,8.56
South Africa,South America,Coal,2018,Terawatt-hours (TWh),35095,19604,6826,18114,29.84,4575.74,13272.14,1401.56,117.89,3.73
South Africa,Oceania,Oil,2021,Terawatt-hours (TWh),32474,4686,8013,15366,62.56,4118.46,2929.76,433.25,260.33,-3.73
South Africa,Europe,Solar,2022,Terawatt-hours (TWh),20385,15392,5018,3766,47.9,2253.86,20166.01,1103.24,190.48,-3.93
South Africa,Europe,Oil,2021,Terawatt-hours (TWh),11718,10123,2233,7056,25.2,890.78,1608.41,603.44,83.82,4.28
South Africa,South America,Solar,2016,Terawatt-hours (TWh),12670,30865,14483,8216,16.95,4429.96,222.76,1249.36,354.7,5.88
South Africa,South America,Wind,2016,Terawatt-hours (TWh),12266,24453,986,10106,57.8,3283.8,5551.94,369.95,228.59,1.66
South Africa,Europe,Nuclear,2023,Terawatt-hours (TWh),23211,10701,9149,10793,16.37,189.36,12319.62,875.19,251.09,3.06
South Africa,Africa,Natural Gas,2021,Terawatt-hours (TWh),21187,38037,854,15295,12.9,3638.9,5860.86,1227.8,182.78,0.45
South Africa,South America,Natural Gas,2024,Terawatt-hours (TWh),8929,11282,5254,747,67.71,1898.95,9988.49,510.14,239.72,-3.58
South Africa,Oceania,Wind,2022,Terawatt-hours (TWh),26895,16815,12474,3547,47.22,2492.24,24164.56,249.33,199.94,5.67
South Africa,South America,Hydro,2023,Terawatt-hours (TWh),12768,12431,5173,9713,58.6,1623.18,18803.73,701.24,87.95,4.15
South Africa,Africa,Solar,2018,Terawatt-hours (TWh),40013,19591,7213,7618,68.93,3569.38,7954.17,1338.76,115.31,6.24
South Africa,Europe,Oil,2021,Terawatt-hours (TWh),49126,51800,14625,3755,21.68,4653.7,6920.67,399.24,112.32,7.02
South Africa,North America,Wind,2018,Terawatt-hours (TWh),49585,19550,7322,830,63.28,442.03,9980.01,7.68,342.06,1.19
South Africa,Asia,Solar,2021,Terawatt-hours (TWh),27007,43748,7384,1342,32.58,2105.65,484.77,741.23,200.04,4.73
South Africa,Europe,Natural Gas,2023,Terawatt-hours (TWh),11187,41478,10650,10356,69.28,3469.87,3598.36,1188.16,294.21,8.39
South Africa,Asia,Coal,2016,Terawatt-hours (TWh),35439,48900,10394,16845,28.97,879.85,6014.82,1290.65,251.77,-3.55
South Africa,Africa,Natural Gas,2019,Terawatt-hours (TWh),22602,46400,9072,13517,58.68,397.63,5843.66,729.12,102.77,-0.58
South Africa,North America,Oil,2023,Terawatt-hours (TWh),10009,14605,4771,9800,36.89,1425.8,21928.69,916.92,51.82,-3.93
South Africa,Oceania,Oil,2016,Terawatt-hours (TWh),7994,33565,8484,7605,47.88,2972.15,5030.91,453.83,224.36,4.14
South Africa,Europe,Coal,2019,Terawatt-hours (TWh),3059,11607,4308,12134,62.21,3819.14,23503.5,1368.43,361.41,8.43
South Africa,Africa,Oil,2016,Terawatt-hours (TWh),41405,29115,1862,1839,6.64,2429.04,24163.55,851.1,284.46,3.04
South Africa,North America,Solar,2017,Terawatt-hours (TWh),26117,22182,10405,4626,41.02,962.24,15272.62,1343.68,215.08,-0.55
South Africa,Africa,Coal,2021,Terawatt-hours (TWh),10433,38819,10081,6979,53.75,4633.87,11079.14,956.63,109.94,5.29
South Africa,Europe,Solar,2018,Terawatt-hours (TWh),21987,42876,14185,10697,16.19,2922.53,13305.35,1236.2,287.52,-2.79
South Africa,North America,Coal,2018,Terawatt-hours (TWh),41297,28021,11495,16041,65.64,288.34,23094.92,1234.76,107.8,2.04
South Africa,Europe,Coal,2022,Terawatt-hours (TWh),34045,27675,11830,15668,9.69,4449.82,19992.02,241.65,292.8,-0.73
South Africa,South America,Hydro,2018,Terawatt-hours (TWh),4027,22468,10671,15266,52.31,2613.53,16543.92,353.17,215.88,5.52
South Africa,Europe,Natural Gas,2019,Terawatt-hours (TWh),18585,25013,574,11291,35.28,3770.99,4104.15,822.76,377.52,9.77
South Africa,Europe,Oil,2020,Terawatt-hours (TWh),13839,29466,11336,17792,25.49,3639.61,7188.59,196.88,294.65,5.85
South Africa,North America,Nuclear,2020,Terawatt-hours (TWh),35602,27196,5615,7605,53.66,720.28,11391.46,93.84,114.42,8.09
South Africa,South America,Hydro,2018,Terawatt-hours (TWh),21063,43600,13332,7483,52.78,1290.88,6450.18,706.03,314.46,0.13
South Africa,Asia,Oil,2017,Terawatt-hours (TWh),33924,20213,3368,13068,7.76,3457.64,3106.64,375.67,84.98,0.96
South Africa,Oceania,Nuclear,2024,Terawatt-hours (TWh),34986,1503,5221,15203,61.51,2383.8,23389.43,829.26,153.51,-3.38
South Africa,South America,Nuclear,2023,Terawatt-hours (TWh),49314,9034,14331,10378,27.79,561.29,879.14,1064.47,284.45,-0.99
South Africa,South America,Natural Gas,2018,Terawatt-hours (TWh),35350,46878,1550,43,22.35,3316.53,16763.45,654.75,388.75,3.28
South Africa,South America,Wind,2018,Terawatt-hours (TWh),27539,6122,5635,8200,69.51,474.86,14909.48,393.48,297.81,6.48
South Africa,North America,Natural Gas,2016,Terawatt-hours (TWh),26274,14205,7444,12434,66.93,2442.71,19342.45,340.29,190.01,5.33
South Africa,Asia,Wind,2016,Terawatt-hours (TWh),5710,22874,9895,17994,22.45,3123.07,2997.89,1137.46,73.68,9.1
South Africa,Asia,Wind,2024,Terawatt-hours (TWh),34088,51564,2621,11492,62.71,3809.52,13818.71,203.88,108.09,-3.65
South Africa,Europe,Wind,2016,Terawatt-hours (TWh),20284,21371,7105,8418,17.54,228.65,21766.57,740.37,109.83,8.31
South Africa,Oceania,Nuclear,2019,Terawatt-hours (TWh),5321,30851,13377,17270,51.96,4432.05,19005.74,805.57,397.37,0.26
South Africa,Africa,Solar,2017,Terawatt-hours (TWh),7204,24140,14352,7905,15.5,4597.13,18719.79,670.68,304.99,2.4
South Africa,Oceania,Natural Gas,2021,Terawatt-hours (TWh),27645,23993,10334,9448,12.35,4975.86,16751.56,421.98,147.34,6.33
South Africa,North America,Wind,2023,Terawatt-hours (TWh),29801,14080,11644,17874,37.47,682.27,24663.73,1129.4,196.23,8.32
South Africa,Europe,Solar,2020,Terawatt-hours (TWh),32708,5128,12132,14464,47.73,2104.71,12990.13,905.41,377.74,8.07
South Africa,Africa,Natural Gas,2019,Terawatt-hours (TWh),39776,36897,2024,17787,6,2371.69,6568.66,426.57,152.06,5.2
South Africa,North America,Solar,2017,Terawatt-hours (TWh),44280,40441,14995,13025,12.24,4897.32,3098.24,241.03,162.73,3.77
South Africa,Africa,Coal,2016,Terawatt-hours (TWh),47940,48210,6324,14231,40.69,1642.21,8017.36,1057.07,368.16,-2.1
South Africa,North America,Oil,2023,Terawatt-hours (TWh),40788,18306,14459,9443,68.44,1482.63,23055.95,1322.51,393.55,1.51
South Africa,Africa,Natural Gas,2024,Terawatt-hours (TWh),2357,29402,6259,12793,62.54,1687.52,2639.16,1107.26,239.51,8.19
South Africa,North America,Hydro,2024,Terawatt-hours (TWh),42519,44952,5611,246,65.92,3736.69,7757.94,1032.17,363.09,1.23
South Africa,North America,Oil,2015,Terawatt-hours (TWh),20151,41385,4640,14689,24.35,3230.4,2833.17,1431.95,275.2,0.97
South Africa,South America,Solar,2019,Terawatt-hours (TWh),23860,32507,5333,19866,62.17,2277.05,4583.35,920.99,300,-2.68
South Africa,Oceania,Hydro,2022,Terawatt-hours (TWh),35989,5028,6669,3102,11.88,560.24,22374.66,1313.84,232.46,-1.89
South Africa,North America,Natural Gas,2016,Terawatt-hours (TWh),46031,20802,8061,9153,18.2,4543.44,24827.13,342.29,244.72,2.79
South Africa,South America,Solar,2017,Terawatt-hours (TWh),20954,1397,9067,14744,43.72,3952.12,10603.24,151.43,150,5.67
South Africa,Europe,Hydro,2020,Terawatt-hours (TWh),22164,11598,2448,5076,46.69,983.37,13904.79,1353.66,93.43,2.75
South Africa,Oceania,Nuclear,2021,Terawatt-hours (TWh),31788,45275,83,7228,6.05,3786.81,17990.63,1492.65,394.11,-0.05
South Africa,Europe,Oil,2018,Terawatt-hours (TWh),12518,47762,14856,9415,68.25,3063.2,18829.01,310.38,116.32,-2.59
South Africa,South America,Solar,2015,Terawatt-hours (TWh),47178,18994,12645,19154,60.71,4760.64,22088.67,306.57,108.9,6.73
South Africa,South America,Hydro,2015,Terawatt-hours (TWh),13016,34778,6671,14824,28.32,3039.32,3603.16,1186.14,302.21,4.06
South Africa,South America,Oil,2024,Terawatt-hours (TWh),8443,44630,12531,12609,66.29,1957.14,24073.34,425.69,287.4,-1.67
South Africa,Oceania,Oil,2020,Terawatt-hours (TWh),4269,42320,10797,18509,42.98,3884.23,21878.69,1187.65,347.03,-2
South Africa,South America,Natural Gas,2015,Terawatt-hours (TWh),36889,18430,3013,15723,67.48,941.19,6015.32,576.73,302.07,1.41
South Africa,Asia,Natural Gas,2015,Terawatt-hours (TWh),14261,45638,14408,7406,61,2357.14,20769.89,168.23,84.07,0.77
South Africa,South America,Nuclear,2017,Terawatt-hours (TWh),43291,11147,7902,19984,32.96,3893.09,362.94,1233.44,348.07,7.07
South Africa,Africa,Oil,2017,Terawatt-hours (TWh),18262,18523,5198,11430,28.45,2136.03,17817.7,709.57,172.17,5.93
South Africa,Europe,Wind,2016,Terawatt-hours (TWh),22422,24688,11271,10267,43.1,4314.14,11525.72,264.07,298.02,-1.71
South Africa,Oceania,Natural Gas,2024,Terawatt-hours (TWh),11056,24811,3852,12795,9.53,2062.76,4642.61,1018.13,271.25,-3.08
South Africa,Asia,Hydro,2018,Terawatt-hours (TWh),49714,1991,9372,9410,49.44,4930.54,14699.1,682.91,353.65,2.58
South Africa,Africa,Solar,2015,Terawatt-hours (TWh),3239,27390,251,13687,30.35,372.13,12614.82,1098.57,389.39,8.73
South Africa,Africa,Natural Gas,2019,Terawatt-hours (TWh),13694,31435,14167,15471,38.32,3750.64,19326.91,420.17,253.81,-2.11
South Africa,South America,Nuclear,2024,Terawatt-hours (TWh),1029,6128,12752,16019,57.06,2462.16,10684.77,1201.97,92.96,2.98
South Africa,North America,Nuclear,2023,Terawatt-hours (TWh),46102,19958,5378,8471,46.82,1963.68,20862.07,1117.4,136.33,-2.15
South Africa,Oceania,Hydro,2019,Terawatt-hours (TWh),15160,7475,1948,916,21.36,4360.43,18316.8,427.68,232.28,9.54
South Africa,Africa,Nuclear,2023,Terawatt-hours (TWh),30128,35484,9831,6126,12.6,2137.05,11374.54,656.97,63.55,6.17
South Africa,North America,Wind,2021,Terawatt-hours (TWh),15869,31297,1357,11001,65.87,1730.05,6354.19,838.82,200.24,5.17
South Africa,Africa,Coal,2016,Terawatt-hours (TWh),21397,25207,12177,69,11.75,964.48,3462.07,1360.19,290.07,0.62
South Africa,Africa,Hydro,2019,Terawatt-hours (TWh),43423,40695,11929,15095,55.91,2327.82,1797.48,622.73,182.2,-2.87
South Africa,Asia,Solar,2023,Terawatt-hours (TWh),47998,3511,7739,14903,56.94,2696.12,18547.2,120.37,163.63,7.76
South Africa,North America,Solar,2021,Terawatt-hours (TWh),13419,23864,7876,668,59.72,2415.57,917.45,301.8,350.08,4.78
South Africa,Europe,Natural Gas,2023,Terawatt-hours (TWh),37966,17236,6612,15698,49.94,4006.1,1735.79,494.77,187.08,-3.97
South Africa,Oceania,Natural Gas,2016,Terawatt-hours (TWh),13525,50076,14803,15231,30.48,2499.91,23460.04,1083.76,354.48,8.07
South Africa,Asia,Oil,2022,Terawatt-hours (TWh),35325,17363,13798,9233,27.24,2359.44,13893.16,42.61,318.47,-2.93
South Africa,South America,Wind,2019,Terawatt-hours (TWh),36209,8924,10851,11324,67.2,1600.73,10062.93,843.97,60.51,5.42
South Africa,South America,Wind,2024,Terawatt-hours (TWh),48073,42135,9641,3247,28.75,1381.2,1073.95,1339.91,206.97,7.79
South Africa,Africa,Nuclear,2023,Terawatt-hours (TWh),36379,17134,12864,17726,50.19,3668.55,13893.14,292.62,143.19,8.79
South Africa,South America,Solar,2021,Terawatt-hours (TWh),49143,2463,4808,15396,59.89,3960.27,24948.43,971.59,99.57,1.77
South Africa,Asia,Coal,2019,Terawatt-hours (TWh),5902,51137,1014,10497,14.99,2053.93,4314.14,1263.23,367.58,5.91
South Africa,Europe,Nuclear,2018,Terawatt-hours (TWh),3687,17605,7370,3734,48.43,4094.09,8281.39,274.37,354.49,-2.72
South Africa,North America,Wind,2017,Terawatt-hours (TWh),40384,43402,8467,4825,69.51,4875.23,18157.85,966.3,82.21,4.48
South Africa,Asia,Solar,2020,Terawatt-hours (TWh),31072,2353,3481,15876,67.83,4352.19,22901.22,804.1,111.46,1.98
South Africa,Europe,Nuclear,2017,Terawatt-hours (TWh),21853,5960,14014,11842,27.34,2107.28,17483.9,1228.38,235.02,5.04
South Africa,North America,Wind,2023,Terawatt-hours (TWh),26079,50298,3649,9701,13.43,4367.72,23605.65,1320.85,335.29,0.23
South Africa,North America,Nuclear,2015,Terawatt-hours (TWh),27230,5643,1814,9434,45.8,2181.14,19484.71,454.47,90.62,9.51
South Africa,Asia,Wind,2024,Terawatt-hours (TWh),44467,49074,93,7348,19.67,1539.98,223.08,97.4,314.39,-3.84
South Africa,North America,Solar,2018,Terawatt-hours (TWh),39802,19695,8769,7061,52.34,2245.36,17854.25,1060.11,379.98,5.98
South Africa,Europe,Solar,2022,Terawatt-hours (TWh),12131,7297,8259,9077,43.04,1279.25,19849.31,876.71,136.02,-0.49
South Africa,North America,Wind,2018,Terawatt-hours (TWh),38648,6238,8192,2380,54.62,3786.76,19267.09,502.54,115.38,0.37
South Africa,Europe,Wind,2024,Terawatt-hours (TWh),43906,41524,2596,16917,59.6,4628.26,18125.47,465.92,234.3,0.16
South Africa,North America,Natural Gas,2021,Terawatt-hours (TWh),20106,22217,3321,10378,62.02,3090.25,15757.04,1469.61,210.67,-3.88
South Africa,Africa,Nuclear,2024,Terawatt-hours (TWh),2714,31555,13749,19271,23.52,1764.92,603.3,1196.24,375.5,4.32
South Africa,Asia,Nuclear,2019,Terawatt-hours (TWh),45196,17396,4558,1345,31.62,1886.11,21092.92,1339.46,196.19,6.65
South Africa,South America,Natural Gas,2018,Terawatt-hours (TWh),12006,12269,10095,7061,10.56,4024.72,8146.47,1441.33,375.84,4.32
South Africa,Oceania,Wind,2022,Terawatt-hours (TWh),15919,18864,12873,2140,19.36,3444.41,2683.61,343.01,104.45,1.06
South Africa,Africa,Hydro,2020,Terawatt-hours (TWh),30452,13314,1971,11136,19.53,1709.93,4240.89,731.85,209.52,3.16
South Africa,Europe,Natural Gas,2015,Terawatt-hours (TWh),16510,11187,14611,13214,47.74,3160.97,11565.43,104.66,248.45,4.11
South Africa,Oceania,Wind,2015,Terawatt-hours (TWh),37815,8895,560,1555,47.22,2425.26,15761.17,627.95,133.5,7.19
South Africa,Asia,Coal,2020,Terawatt-hours (TWh),28403,50473,12829,16536,19.32,4934.59,8901.9,485.19,81.25,6.74
South Africa,North America,Hydro,2022,Terawatt-hours (TWh),28770,51575,5450,10891,36.41,533.6,21446.24,622.65,247.68,0.13
South Africa,North America,Natural Gas,2022,Terawatt-hours (TWh),46074,17317,5643,11288,52.9,4131.04,4361.87,665.27,383.93,0.65
South Africa,South America,Wind,2024,Terawatt-hours (TWh),15166,31077,14521,16120,34.58,1301.61,9867.75,946.13,209.08,0.2
South Africa,Asia,Hydro,2022,Terawatt-hours (TWh),14450,44367,5988,3091,50.08,4536.5,12015.88,150.72,141.1,6.16
South Africa,Asia,Wind,2015,Terawatt-hours (TWh),45541,48515,4604,4901,14.86,2464.71,6112.3,685.88,149.9,4.1
South Africa,South America,Coal,2015,Terawatt-hours (TWh),9054,19202,8500,10461,14.1,2085.89,24565.26,1137.74,114.28,-3.91
South Africa,Oceania,Coal,2019,Terawatt-hours (TWh),2222,10276,2306,1773,67.94,704.2,16568,124.13,397.38,-2.27
South Africa,Europe,Oil,2016,Terawatt-hours (TWh),26476,42604,5140,17550,5.35,4114.28,23514.12,21.7,378.02,1.42
South Africa,South America,Hydro,2020,Terawatt-hours (TWh),12595,41839,10649,15684,61.8,2125.89,13501.29,1082.86,167.99,1.53
South Africa,Asia,Solar,2021,Terawatt-hours (TWh),23925,29035,4508,19268,21.32,389.04,18520.38,859.5,319.63,4.17
South Africa,North America,Hydro,2022,Terawatt-hours (TWh),16567,21587,260,7430,27.55,766.84,10068.12,394.52,127.59,9.5
South Africa,Africa,Solar,2020,Terawatt-hours (TWh),17315,51484,8095,15158,25.69,4581.64,4886.26,1216.17,97.02,7.05
South Africa,Oceania,Wind,2019,Terawatt-hours (TWh),10359,22955,13169,19314,58.62,2991.66,18339.04,1118.84,153.14,-0.52
South Africa,North America,Solar,2024,Terawatt-hours (TWh),36888,1985,11351,16277,30.92,1586.11,13865.06,431.34,296.62,-2.75
South Africa,Oceania,Oil,2020,Terawatt-hours (TWh),9631,27147,3314,12161,29.19,1258.67,10826.77,664.16,381.4,8.64
South Africa,Oceania,Natural Gas,2019,Terawatt-hours (TWh),14807,23596,13417,14403,10.65,558.23,1033.49,536.64,153.98,5.73
South Africa,North America,Solar,2018,Terawatt-hours (TWh),4209,16020,13915,18529,6.39,251.56,18362.94,737.61,141.95,6.52
South Africa,Asia,Wind,2015,Terawatt-hours (TWh),9915,12599,12084,7939,35.04,1803.46,708.86,380.96,217.08,-2.86
South Africa,Europe,Oil,2023,Terawatt-hours (TWh),28461,15389,7280,3294,45.46,4991.53,22853.94,1157.46,104.64,1.73
South Africa,Asia,Natural Gas,2015,Terawatt-hours (TWh),18218,40051,10226,5123,5.39,2687,8700.12,521.56,237.01,9.26
South Africa,Europe,Wind,2018,Terawatt-hours (TWh),1150,43438,8608,15626,42.8,3526.08,24652.78,865.66,128.88,3.39
South Africa,South America,Solar,2021,Terawatt-hours (TWh),19916,12995,10877,8101,8,2677.18,7620.4,394.86,244,0.28
South Africa,Asia,Hydro,2019,Terawatt-hours (TWh),49487,45686,6991,15136,62.69,2920.73,13343.53,1386.46,204.6,9.55
South Africa,Asia,Nuclear,2015,Terawatt-hours (TWh),31747,10074,1336,11592,34.83,2610.52,15019.16,1274.04,68.44,0.36
South Africa,Asia,Natural Gas,2023,Terawatt-hours (TWh),43623,20370,1825,1307,45.31,3817.09,2716.28,462.41,221.25,9.26
South Africa,South America,Coal,2017,Terawatt-hours (TWh),41628,4755,3676,3591,54.34,4603.49,10727.55,131.75,163.04,3.13
South Africa,Asia,Solar,2019,Terawatt-hours (TWh),5308,27407,6770,15660,24.49,3302.37,15808.02,1120.46,311.11,4.86
South Africa,Africa,Solar,2019,Terawatt-hours (TWh),1698,28530,684,3340,55.85,1123.35,18710.79,679.63,101.99,4.63
South Africa,South America,Coal,2015,Terawatt-hours (TWh),23551,43741,3142,6053,23.26,2001.71,19390.9,653.09,291.74,-2.15
South Africa,Europe,Hydro,2020,Terawatt-hours (TWh),28885,21362,268,514,8.19,3460.51,11955.01,736.08,76.13,1.98
South Africa,Oceania,Hydro,2017,Terawatt-hours (TWh),39525,4304,12732,9941,19.45,2609.22,2106.64,6.54,310.96,9.84
South Africa,Asia,Solar,2020,Terawatt-hours (TWh),39554,26944,8054,14356,40.98,1104.54,3746.98,552.07,201.35,8.19
South Africa,Africa,Wind,2024,Terawatt-hours (TWh),19404,29259,8300,9710,22.17,2601.34,12746.33,495.14,305.59,7.46
South Africa,Oceania,Natural Gas,2020,Terawatt-hours (TWh),17835,46418,10917,10151,26.76,1768.1,7459.19,1471.58,274.71,6.68
South Africa,Africa,Oil,2024,Terawatt-hours (TWh),15159,7511,13805,8902,56.06,2162.35,14039.09,1297.92,104.71,8.66
South Africa,Europe,Hydro,2024,Terawatt-hours (TWh),40931,22469,10713,1709,58.89,1427.05,13722.89,260.03,238.89,-3.62
South Africa,Africa,Wind,2015,Terawatt-hours (TWh),43077,50515,13372,16261,41.4,3289.43,14567.87,1111.06,360.5,0.65
South Africa,Europe,Nuclear,2019,Terawatt-hours (TWh),43206,49003,4650,2171,14.89,2393.07,11960.47,1446.82,267.31,-2.31
South Africa,Europe,Wind,2016,Terawatt-hours (TWh),31408,25754,13747,8594,12.31,322.44,9692.13,149,71.75,3.09
South Africa,Africa,Solar,2019,Terawatt-hours (TWh),6877,25444,13276,2670,48.86,2966.8,402.41,730.66,291.39,-3.62
UK,Africa,Coal,2021,Terawatt-hours (TWh),5550,50460,12656,4030,34.77,4639.6,18428.65,992.54,74.97,8.09
UK,Africa,Oil,2022,Terawatt-hours (TWh),12578,34476,3505,18535,26.94,1630.8,20604.51,641.69,333.62,6.68
UK,Asia,Natural Gas,2023,Terawatt-hours (TWh),47073,47121,2252,2220,47.8,2872.01,13691.46,860.46,366.36,8.74
UK,Oceania,Nuclear,2015,Terawatt-hours (TWh),35923,33699,11759,16453,56.97,181.08,1196.05,837.06,317.44,5.05
UK,Europe,Solar,2015,Terawatt-hours (TWh),48969,37159,1677,8218,64.83,4845,8077.82,7.22,295.16,-1.42
UK,Asia,Hydro,2015,Terawatt-hours (TWh),7381,41101,5730,6531,17.93,2273.17,15652.6,333.02,329.48,8.26
UK,Asia,Solar,2019,Terawatt-hours (TWh),31066,11791,11123,12288,42.97,1851.71,10528.57,1234.09,268.25,1.87
UK,South America,Oil,2018,Terawatt-hours (TWh),1356,22263,11211,17747,48.45,3910.73,1168.97,787.78,221.99,3.23
UK,Asia,Natural Gas,2021,Terawatt-hours (TWh),9243,8219,6176,15028,50.36,4846.75,4011.83,959.95,79.42,9.62
UK,South America,Hydro,2020,Terawatt-hours (TWh),18357,37285,13952,11180,67.91,358.07,20625.73,725.77,59.25,7.51
UK,Africa,Oil,2015,Terawatt-hours (TWh),1773,25515,8985,11115,51.47,870.27,17489.06,722.21,329.27,3.59
UK,Asia,Natural Gas,2015,Terawatt-hours (TWh),8802,42936,5157,13390,41.14,2720.64,12355.72,769.78,136.26,1.51
UK,South America,Oil,2021,Terawatt-hours (TWh),12591,14645,7566,19165,19.52,2378.5,10363.05,753.35,382.49,3.26
UK,South America,Hydro,2017,Terawatt-hours (TWh),27911,44039,1236,19879,63.65,328.06,9775.33,559.78,245.95,9.83
UK,Africa,Wind,2022,Terawatt-hours (TWh),26200,39795,3731,18318,44.35,4243.22,1025.8,239.96,335.75,-3.88
UK,Europe,Oil,2019,Terawatt-hours (TWh),14602,20305,9310,16917,53.83,2584.42,20418.36,229.41,146.15,-3.51
UK,Oceania,Natural Gas,2020,Terawatt-hours (TWh),12267,34477,9083,227,69.17,1208.81,19757.66,1351.61,220.71,-2.76
UK,Africa,Natural Gas,2022,Terawatt-hours (TWh),15205,545,1855,437,34.72,2448.21,12349.07,175.72,103.46,9.67
UK,Oceania,Hydro,2024,Terawatt-hours (TWh),1188,35026,14476,12902,68.87,2232.6,18524.81,147.45,126.69,5.25
UK,Asia,Hydro,2015,Terawatt-hours (TWh),23385,5955,10893,9944,53.24,3899.57,9202.93,969.07,193.64,2.32
UK,Africa,Natural Gas,2021,Terawatt-hours (TWh),38676,14716,14426,6024,57.31,1060.09,8736.33,159.68,306.24,5.72
UK,Europe,Oil,2015,Terawatt-hours (TWh),2448,6487,7716,7605,47.05,2811.18,8925.7,916.85,275.31,-1.11
UK,Oceania,Solar,2021,Terawatt-hours (TWh),20312,15795,650,17912,39.75,1575.89,20018.08,1084.4,214.19,-3.42
UK,Europe,Nuclear,2024,Terawatt-hours (TWh),15916,19202,7394,17939,39.09,513.26,14268.63,488.27,277.04,8.84
UK,Africa,Solar,2024,Terawatt-hours (TWh),25852,47261,1729,10368,48.08,1763.44,6947.88,1061.56,353.87,3.3
UK,Oceania,Hydro,2016,Terawatt-hours (TWh),3570,38612,14632,14985,12.77,2907.7,15193.94,616.75,155.94,7.62
UK,Asia,Natural Gas,2019,Terawatt-hours (TWh),17085,2046,12922,12886,43.29,2590.22,22078.87,1398.79,265.94,-2.94
UK,Oceania,Hydro,2017,Terawatt-hours (TWh),15272,887,1050,6514,29.88,1712.57,16723.43,1338.53,234.41,9.38
UK,Europe,Solar,2022,Terawatt-hours (TWh),47279,16678,8898,5349,51.58,4746.56,15711,95.08,191.02,5.52
UK,Africa,Hydro,2017,Terawatt-hours (TWh),13646,8410,4463,12998,12.87,4924.1,18051.35,1041.56,79.29,0.04
UK,Europe,Wind,2015,Terawatt-hours (TWh),14702,16800,14058,6606,42.21,1001.89,17376.16,1216.25,378.98,-0.47
UK,Europe,Hydro,2018,Terawatt-hours (TWh),20939,8306,7530,10082,39.26,3448,16648.31,64.38,276.14,-3.68
UK,Oceania,Hydro,2022,Terawatt-hours (TWh),4050,1871,3321,10033,7.81,3889.58,287.38,85.6,230.44,1.62
UK,Europe,Wind,2019,Terawatt-hours (TWh),43902,44788,6011,4902,16.02,1699.24,12338.19,268.49,154.52,9.28
UK,Oceania,Wind,2020,Terawatt-hours (TWh),27092,8256,3359,2043,26.18,4725.02,19389.61,1254.92,214.85,7.42
UK,Asia,Coal,2021,Terawatt-hours (TWh),30905,2524,1029,496,34.87,1223.49,11801.97,399.18,307.78,-1.99
UK,Oceania,Solar,2021,Terawatt-hours (TWh),38345,5391,8853,915,48.88,2708.08,24738.85,1053.56,186.71,4.58
UK,Africa,Hydro,2024,Terawatt-hours (TWh),23582,28759,13246,2071,34.66,1832.47,21362.53,1001.52,94.55,2.4
UK,North America,Natural Gas,2015,Terawatt-hours (TWh),24000,18443,815,7145,6.91,3856.87,912.64,1349.19,380.24,6.96
UK,South America,Coal,2022,Terawatt-hours (TWh),20067,7599,5612,1589,32.65,2244.72,4534.07,568.95,312.95,0.13
UK,North America,Hydro,2020,Terawatt-hours (TWh),12503,28971,9522,8803,25.6,3981.94,14188.97,273.4,290.52,-2.28
UK,Africa,Wind,2018,Terawatt-hours (TWh),38166,50141,1149,7214,48.66,3431.23,3931.46,1231.97,70.45,7.13
UK,Asia,Hydro,2024,Terawatt-hours (TWh),6621,14597,11731,15323,11.57,3028.49,10029.9,976.9,287.27,-4.03
UK,Oceania,Nuclear,2016,Terawatt-hours (TWh),9451,34924,7737,16462,52.13,4684.3,9581.38,565.37,52.63,-1.93
UK,Oceania,Oil,2015,Terawatt-hours (TWh),46458,24065,7723,17910,28.51,3215.65,18694.74,86.44,124.08,-4.75
UK,Asia,Wind,2015,Terawatt-hours (TWh),18201,14440,8883,13276,31.72,4406.94,1950.64,1121.66,91.48,-3.16
UK,Oceania,Nuclear,2024,Terawatt-hours (TWh),46988,18862,4309,15042,49.07,2764.04,6288.44,1276.16,279.45,4.78
UK,Europe,Wind,2024,Terawatt-hours (TWh),15832,21335,3210,229,60.46,4146.29,19349.48,1490.89,317.59,2.21
UK,Oceania,Nuclear,2016,Terawatt-hours (TWh),36788,4145,12378,7194,66.33,4880.61,2047.54,718.94,268.75,-2.97
UK,North America,Hydro,2024,Terawatt-hours (TWh),10205,4844,1871,19480,62.27,1669.27,13569.21,800.41,93.94,3.43
UK,Europe,Coal,2020,Terawatt-hours (TWh),23180,3364,8270,189,53.61,2123.93,10315.9,473.74,309.1,5.6
UK,Oceania,Oil,2023,Terawatt-hours (TWh),2335,15526,6934,19795,46.69,4619.2,1376.64,368.48,309.54,5.62
UK,Europe,Hydro,2022,Terawatt-hours (TWh),43065,27390,3228,16989,46.36,2858.96,24769.99,768.17,397.77,3.95
UK,Europe,Coal,2017,Terawatt-hours (TWh),29404,31129,5737,9256,24.51,4977.55,10525.52,591.37,226.32,5.85
UK,Europe,Natural Gas,2020,Terawatt-hours (TWh),7698,7483,1425,18656,12.79,3240.32,23920.46,788.51,261.84,-1.23
UK,Asia,Solar,2018,Terawatt-hours (TWh),15664,9223,12459,11229,61.26,2553.69,15625.53,1361.12,337,6.35
UK,Asia,Wind,2017,Terawatt-hours (TWh),12722,32380,4721,12524,58.24,1321.25,12095.87,620.46,59.46,6.5
UK,Europe,Natural Gas,2022,Terawatt-hours (TWh),27430,21865,12291,7060,69.91,3361.96,6120.46,1058.23,397.69,0.34
UK,South America,Coal,2016,Terawatt-hours (TWh),24019,10590,7589,6968,62.27,536.08,10311.73,915.13,259.3,-2.19
UK,Oceania,Nuclear,2019,Terawatt-hours (TWh),1326,6660,212,4946,37.85,2683.66,4660.08,459.1,156.92,-0.97
UK,South America,Hydro,2020,Terawatt-hours (TWh),18301,18959,10797,4089,30.15,4278.57,24441.63,270.43,386.08,1.84
UK,North America,Solar,2022,Terawatt-hours (TWh),47123,20975,8233,19822,47.52,636.73,12346.12,599.57,348.76,-4.27
UK,South America,Nuclear,2017,Terawatt-hours (TWh),44914,51609,6298,2477,30.59,1962.23,2646.41,974.84,366.85,-3.53
UK,Africa,Natural Gas,2024,Terawatt-hours (TWh),40931,45914,8422,19034,43.96,2551.57,12447.54,521.42,180.17,0.34
UK,Africa,Wind,2023,Terawatt-hours (TWh),5941,26482,14472,6118,48.41,1711.6,5796.22,535.87,361.07,1.94
UK,Asia,Hydro,2024,Terawatt-hours (TWh),24588,8683,11084,11804,9.11,2471.67,3982.22,1435.94,85.24,-2.56
UK,North America,Hydro,2017,Terawatt-hours (TWh),15060,6181,8821,1932,21.08,3377.89,6296.65,735.01,172.64,1.13
UK,Africa,Nuclear,2015,Terawatt-hours (TWh),15395,26927,986,3200,51.56,469.74,14336.07,864.35,74.48,-0.72
UK,South America,Nuclear,2016,Terawatt-hours (TWh),35351,41396,14650,16848,6.77,4231.58,13263.03,423.45,66.26,9.27
UK,Oceania,Solar,2024,Terawatt-hours (TWh),36050,49160,2204,15335,7.69,1452.09,14784.75,204.41,318.14,-3.51
UK,Europe,Coal,2015,Terawatt-hours (TWh),21072,4600,871,2602,33.73,481.75,23862.77,1452.06,69.51,8.4
UK,Asia,Wind,2021,Terawatt-hours (TWh),16025,47413,6095,8160,19.92,613.48,16707.69,405.26,352.24,9.37
UK,Europe,Wind,2022,Terawatt-hours (TWh),597,18344,11094,6681,57.28,3430.63,96.49,896.12,163.97,-1.18
UK,Europe,Natural Gas,2016,Terawatt-hours (TWh),9983,40690,12922,15903,53.91,1660.93,7841.52,630.19,396.1,3.7
UK,North America,Wind,2017,Terawatt-hours (TWh),36732,46341,10695,11309,45.23,4362.69,6381.36,593.74,313.31,9.71
UK,Asia,Oil,2024,Terawatt-hours (TWh),16592,5252,5550,15106,54.78,1490.5,5169.79,980.2,242.49,9.88
UK,Africa,Oil,2016,Terawatt-hours (TWh),6622,45257,2511,4149,42.99,66.8,24424.69,1163.4,355.98,3.56
UK,North America,Hydro,2017,Terawatt-hours (TWh),22594,8708,7426,18867,56.31,3663.94,24792.15,756.43,268.48,-4.43
UK,Asia,Solar,2019,Terawatt-hours (TWh),12192,43571,12410,3212,33.08,3739.43,24111.8,313.21,130.43,-3.91
UK,Europe,Nuclear,2018,Terawatt-hours (TWh),48646,43271,8198,12264,21.86,4654.61,7779.25,1491.59,344.19,-2.9
UK,South America,Nuclear,2024,Terawatt-hours (TWh),15130,47629,6840,7049,35.04,1510.57,15938.48,555.55,268.83,4.26
UK,Asia,Hydro,2015,Terawatt-hours (TWh),33606,51525,13984,4737,13.83,1122.23,22474.4,547.16,173.35,3.91
UK,Europe,Hydro,2015,Terawatt-hours (TWh),25149,4901,10354,11164,55.43,53.42,4305.82,1056.74,344.17,6.47
UK,Asia,Natural Gas,2022,Terawatt-hours (TWh),47283,23823,1275,16475,53.67,4441.7,5602.09,1299.53,294.83,-3.92
UK,Europe,Wind,2020,Terawatt-hours (TWh),17139,28619,8707,11498,40.04,732.34,5555.86,1480.13,352.12,-3.99
UK,South America,Hydro,2016,Terawatt-hours (TWh),49541,17238,1019,4235,32.79,2965.87,2666.79,1326.11,322.99,2.62
UK,South America,Nuclear,2023,Terawatt-hours (TWh),35970,3198,689,16982,63.91,4625.51,4412.6,482.04,292.58,2.07
UK,Europe,Nuclear,2021,Terawatt-hours (TWh),33226,30443,4802,13896,52.58,508.02,12789.59,804.52,90.02,6
UK,Asia,Hydro,2024,Terawatt-hours (TWh),7908,19405,455,12766,65.49,3105.64,17394.73,984.85,369.79,-4.78
UK,North America,Natural Gas,2023,Terawatt-hours (TWh),20260,19960,4620,16855,17.13,170.62,10412.11,846.79,230.87,-1.14
UK,North America,Wind,2023,Terawatt-hours (TWh),24693,40652,9193,308,18.56,1950.06,22766.39,960.05,56.4,6.15
UK,South America,Nuclear,2023,Terawatt-hours (TWh),40085,32255,7008,9423,20.55,2995.83,18119.96,1426.1,187.06,1.37
UK,Oceania,Wind,2015,Terawatt-hours (TWh),8307,51770,12439,443,41.82,4643.04,19393.68,855.58,343.76,-1.55
UK,Oceania,Nuclear,2021,Terawatt-hours (TWh),40909,20351,12311,919,10.57,4146.93,19871.98,369.35,291.42,0.48
UK,Africa,Hydro,2015,Terawatt-hours (TWh),39047,48985,4358,19783,40.47,1796.05,13116.51,1351.48,277.51,8.19
UK,North America,Hydro,2024,Terawatt-hours (TWh),22928,26784,4301,15231,18.87,1460.94,4761.9,329.99,343.75,9.59
UK,Africa,Natural Gas,2022,Terawatt-hours (TWh),43952,18916,11495,10401,10.89,1563.15,20820.72,997.9,206.87,-2.76
UK,North America,Nuclear,2017,Terawatt-hours (TWh),5306,17112,12209,5759,40.12,3009.54,3766.23,251.59,189.23,-4.17
UK,Oceania,Natural Gas,2024,Terawatt-hours (TWh),29283,40991,735,9727,26.16,3742.86,13862.84,1208.32,215.59,-0.72
UK,North America,Solar,2022,Terawatt-hours (TWh),14410,6334,5147,10070,21.67,808.61,19853.12,668.85,218.79,-4.96
UK,Asia,Hydro,2024,Terawatt-hours (TWh),41066,42371,1486,9276,42.9,3658.49,3180.36,559.12,346.86,8.82
UK,North America,Hydro,2015,Terawatt-hours (TWh),32483,22352,395,8050,27.2,2334.56,19347.82,1054.5,379.47,2.97
UK,Asia,Coal,2021,Terawatt-hours (TWh),43486,26766,12381,15620,53.64,1469.86,4711.15,1438.62,101.1,-3.65
UK,Asia,Oil,2020,Terawatt-hours (TWh),14050,16188,8564,9388,26.7,1804.62,22435.01,1058.5,198.55,8.61
UK,Africa,Natural Gas,2021,Terawatt-hours (TWh),2325,22275,14299,10910,38.33,1098.89,20446.39,589.05,366.56,6.91
UK,South America,Nuclear,2015,Terawatt-hours (TWh),32662,18349,11870,17945,43.01,1580.46,22433.34,1043.77,326.52,5.95
UK,Oceania,Hydro,2021,Terawatt-hours (TWh),15174,1276,11812,6146,49.55,3572.93,4065.45,349.55,162.44,3.03
UK,North America,Wind,2018,Terawatt-hours (TWh),31811,39424,11217,6910,58.58,2837.23,24849.82,845.13,82.26,5.71
UK,Asia,Natural Gas,2023,Terawatt-hours (TWh),11304,13146,5740,14740,9.13,2198.17,638.29,979.32,95.4,8.28
UK,Africa,Oil,2015,Terawatt-hours (TWh),45711,44758,11179,2803,57.67,1213.6,17246.56,515.74,148.01,6.48
UK,South America,Nuclear,2015,Terawatt-hours (TWh),4947,1456,2578,6209,53.94,2318.91,20745.31,1446.92,213.49,-0.28
UK,North America,Oil,2023,Terawatt-hours (TWh),27635,10482,6042,18333,60.55,4871.29,602.39,786.98,200.59,-1.38
UK,South America,Nuclear,2022,Terawatt-hours (TWh),30762,19909,11682,12361,21.83,2454.61,6204.6,807.47,300.95,-1.21
UK,Africa,Solar,2017,Terawatt-hours (TWh),40360,37318,7150,7793,51.92,1188.11,17255.56,795.76,233.14,2.49
UK,Africa,Oil,2020,Terawatt-hours (TWh),3412,17676,10562,14810,69.56,71.49,14023.71,1253.5,309.85,-4.39
UK,Africa,Wind,2021,Terawatt-hours (TWh),16506,20496,2552,3337,45.65,281.29,2716.4,996.22,359.71,2.89
UK,Africa,Coal,2021,Terawatt-hours (TWh),39985,14233,703,765,29.47,3540.46,15344.01,310.24,213.64,7.44
UK,South America,Wind,2019,Terawatt-hours (TWh),24756,49366,5862,9295,46.68,3173.4,14282.77,708.34,61.03,-2.54
UK,North America,Hydro,2017,Terawatt-hours (TWh),10769,45980,12973,12137,35.7,2913.14,17640.72,1280.19,309.92,-2.31
UK,Europe,Solar,2018,Terawatt-hours (TWh),16720,14237,3856,8770,11,778.67,14579.19,1288.24,333.76,0.68
UK,Asia,Coal,2016,Terawatt-hours (TWh),39020,51959,1141,1468,63.05,4612.56,16939.73,1275.74,387.28,-3.92
UK,Africa,Solar,2019,Terawatt-hours (TWh),36379,44658,9287,11920,51.05,1113.81,2837.06,1197.29,235.88,6.21
UK,South America,Hydro,2021,Terawatt-hours (TWh),3237,27867,5824,15272,69.42,4268.19,2898.19,935.59,270.78,9.59
UK,Europe,Solar,2019,Terawatt-hours (TWh),5149,38677,2455,16808,23.32,2091.89,20371.33,23.37,67.27,9.54
UK,North America,Oil,2019,Terawatt-hours (TWh),11574,933,5557,18252,37.27,4482.98,3801.38,489.4,178.28,8.98
UK,South America,Hydro,2021,Terawatt-hours (TWh),28071,19125,11794,11444,43.11,1026.86,378.84,1208.06,100.88,4.67
UK,Oceania,Solar,2020,Terawatt-hours (TWh),21502,38075,1545,2149,49.27,2503.07,21240.09,429.81,136.82,9.54
UK,Oceania,Coal,2020,Terawatt-hours (TWh),3915,49062,11670,12626,52.97,1199.51,13489.35,408.76,60.34,-4.96
UK,South America,Hydro,2015,Terawatt-hours (TWh),29539,30816,6003,12025,45.15,4355.85,4671.02,815.95,165.12,9.22
UK,North America,Nuclear,2023,Terawatt-hours (TWh),3161,22463,2780,19006,7,4893.28,7160.82,1424.56,85.46,5.32
UK,Europe,Wind,2023,Terawatt-hours (TWh),39375,15332,6814,4029,66.88,4473.59,19380.92,479.25,302.02,-3.9
UK,Oceania,Oil,2020,Terawatt-hours (TWh),36626,15383,10966,3395,20.08,4794.61,6821.48,87.75,273.95,4.9
UK,South America,Solar,2022,Terawatt-hours (TWh),29850,47160,6619,4957,34.52,2313.46,23115.73,788.65,160.05,1.66
UK,Oceania,Hydro,2015,Terawatt-hours (TWh),13452,24703,5138,3677,62.58,630.47,6370.32,1003.48,56.78,-3.49
UK,Oceania,Solar,2018,Terawatt-hours (TWh),8326,41939,12220,7755,40.61,3415.35,12778.56,236.62,269.38,-0.28
UK,Europe,Hydro,2023,Terawatt-hours (TWh),17829,13304,9917,15047,27.32,4768.86,4787.63,538.61,356.87,-3.58
UK,Asia,Natural Gas,2024,Terawatt-hours (TWh),3386,8425,1620,12903,47.51,4858.25,15496.43,641.8,321.99,1.34
UK,Oceania,Hydro,2018,Terawatt-hours (TWh),4543,37182,6149,19192,14.71,3521.81,17882.2,1023.56,254.56,0.64
UK,Europe,Natural Gas,2023,Terawatt-hours (TWh),26778,46240,10793,11934,59.78,2474.59,22236.61,912.52,330.83,5.02
UK,North America,Wind,2024,Terawatt-hours (TWh),14070,33778,6879,14171,37.37,4577.36,13402.45,1359.27,319.49,3.51
UK,Africa,Hydro,2019,Terawatt-hours (TWh),24407,38195,2090,9717,15.36,571.9,16028.28,1104.21,114.33,-2.8
UK,Asia,Coal,2020,Terawatt-hours (TWh),32260,44778,2051,645,7.93,1852.56,3424.31,334.48,333.73,4.58
UK,South America,Solar,2024,Terawatt-hours (TWh),39603,48881,8048,4984,58.8,953.88,19908.66,614.81,222.88,-0.16
UK,Oceania,Natural Gas,2016,Terawatt-hours (TWh),37810,913,10564,18645,23.85,3240.58,19560.99,674.09,290.01,6.61
UK,North America,Solar,2015,Terawatt-hours (TWh),34096,7537,6860,8068,48.73,1636.02,13745.42,1210.54,369.5,2.68
UK,South America,Oil,2024,Terawatt-hours (TWh),18906,49050,11903,14466,68.84,977,5261.8,1355.66,364.34,1.96
UK,South America,Nuclear,2017,Terawatt-hours (TWh),42266,22968,14359,10707,29.61,3153.64,11245.88,330.63,233.18,0.7
UK,Asia,Hydro,2024,Terawatt-hours (TWh),5155,28506,414,412,14.37,2867.76,5724.54,790.48,194.25,6.49
UK,South America,Coal,2019,Terawatt-hours (TWh),26665,23157,14777,3019,32.52,526,3983.95,163.22,205.28,6.16
UK,Asia,Oil,2021,Terawatt-hours (TWh),28455,9001,264,6997,47.06,4578.14,23312.23,646.84,155.16,1.27
UK,South America,Nuclear,2020,Terawatt-hours (TWh),45479,3869,3595,9374,46.91,324.95,23428.18,1302.97,168.07,3.53
UK,Africa,Coal,2019,Terawatt-hours (TWh),27130,17632,13008,15620,13.98,137.81,5217,852.33,397.3,9.14
UK,Asia,Hydro,2020,Terawatt-hours (TWh),3640,48218,3354,7609,42.22,1286.96,8775.04,870.66,356.79,-1.05
UK,Asia,Nuclear,2019,Terawatt-hours (TWh),6590,24918,12767,12093,19,1146.68,13474.15,727.9,217.82,3.69
UK,South America,Hydro,2019,Terawatt-hours (TWh),19800,24956,6209,16076,22.8,574.41,3348.16,121.81,362.36,0.39
UK,North America,Hydro,2015,Terawatt-hours (TWh),38393,50273,7881,17376,7.83,3308.28,7633.84,727.59,339.47,-3.09
UK,Africa,Wind,2019,Terawatt-hours (TWh),16599,50074,1436,19297,50.2,3273.79,16112.41,338.09,73.99,4.27
UK,Africa,Nuclear,2020,Terawatt-hours (TWh),10105,36890,259,14027,51.28,3417.8,19206.61,854.02,365.46,4.02
UK,South America,Wind,2017,Terawatt-hours (TWh),19412,5988,11093,10072,25.16,3042.57,19994.45,908.88,351.53,7.15
UK,South America,Coal,2017,Terawatt-hours (TWh),18085,13118,10968,4412,38.91,4357.28,23638.95,41.63,373.41,6.9
UK,Oceania,Nuclear,2015,Terawatt-hours (TWh),28024,45295,5760,9187,54.2,2199.88,21249.17,1220.54,399.64,0.19
UK,Asia,Oil,2024,Terawatt-hours (TWh),29054,32376,13771,6714,55.99,2462.75,17295.22,622.62,352.49,2.64
UK,Oceania,Solar,2015,Terawatt-hours (TWh),44720,33836,1197,19112,57.1,1249.2,3752.94,954.88,370.24,-3.36
UK,South America,Oil,2019,Terawatt-hours (TWh),31770,51763,11788,7375,14.99,2601.2,2028.74,1404.56,76.77,3.38
UK,North America,Oil,2018,Terawatt-hours (TWh),1999,39833,8111,8983,5.63,2993.36,23583.88,214.9,397.81,-1.67
UK,Africa,Solar,2022,Terawatt-hours (TWh),35011,17969,3711,4396,65.94,584.11,24956.86,1116.5,74.15,7.18
UK,Europe,Hydro,2018,Terawatt-hours (TWh),46551,23779,2960,16992,43.63,4851.16,5689.77,522.31,373.91,2.78
UK,South America,Hydro,2020,Terawatt-hours (TWh),43732,10275,6680,1994,56.1,1533.57,10257.84,955.51,132.17,6.84
UK,Africa,Oil,2023,Terawatt-hours (TWh),9464,13772,5942,4968,58.11,1153.49,21707.19,882.85,66.94,6.06
UK,Africa,Wind,2023,Terawatt-hours (TWh),38471,37329,2045,5809,61.7,4573.31,8785.99,1153.49,305.75,5.4
UK,North America,Coal,2016,Terawatt-hours (TWh),2788,46966,4511,19075,36.36,4259.26,24733.53,922.92,88.61,-0.59
UK,Oceania,Natural Gas,2024,Terawatt-hours (TWh),17627,31572,10562,2923,41.61,1316.32,24973.26,140.25,97.14,0.85
UK,Oceania,Solar,2015,Terawatt-hours (TWh),24432,11473,11573,1606,11.01,3818.16,18455.34,1072.84,73.87,8.53
UK,Asia,Hydro,2020,Terawatt-hours (TWh),49513,15052,11783,9392,6.75,2105.14,2737.61,737.65,365.76,-2.15
UK,Africa,Natural Gas,2022,Terawatt-hours (TWh),36002,3812,3768,17990,49.31,452.02,7001.57,598.03,216.33,9.1
UK,Europe,Hydro,2023,Terawatt-hours (TWh),32047,12169,6198,12924,55.68,3727.79,7861.75,1083.38,73.71,-3.15
UK,Oceania,Wind,2022,Terawatt-hours (TWh),11965,18201,3660,8106,16.27,2744.63,6615.57,857.33,355.6,-2.34
UK,Europe,Nuclear,2018,Terawatt-hours (TWh),17035,40935,1746,12461,30.58,419.78,7124.5,1270.19,52.19,1.12
UK,North America,Oil,2022,Terawatt-hours (TWh),22627,28138,8666,11923,29.24,3418.33,5427.41,821.84,207.07,8.25
UK,South America,Natural Gas,2020,Terawatt-hours (TWh),28557,9783,3820,1927,16.26,845.07,8460.12,1490.28,231.87,-3.38
UK,North America,Solar,2017,Terawatt-hours (TWh),18947,39746,4322,14578,6.31,396.95,23292.56,852.97,322.06,1.23
UK,South America,Natural Gas,2021,Terawatt-hours (TWh),21641,42413,12325,13554,69.1,502.57,7835.36,1169.42,250.02,9.98
UK,Africa,Natural Gas,2017,Terawatt-hours (TWh),22015,10151,6528,17926,47.44,4441.38,24425.59,600.96,270.49,7.86
UK,Asia,Natural Gas,2015,Terawatt-hours (TWh),754,38581,10792,6516,49.05,3257.22,13966.84,933.02,180.4,-1.83
UK,Asia,Nuclear,2021,Terawatt-hours (TWh),10806,23612,5905,16605,27.66,1040.99,15175.78,311.26,339.37,7.26
UK,Oceania,Hydro,2016,Terawatt-hours (TWh),3161,1402,8644,4117,38.1,1590.62,12406.16,221,273.51,1.38
UK,Europe,Natural Gas,2022,Terawatt-hours (TWh),5853,20921,1447,10677,62.19,3457.16,22088.81,1341.5,388.47,6.08
UK,Africa,Natural Gas,2015,Terawatt-hours (TWh),6005,31412,4344,11389,68.91,1961.04,15800.75,159.75,288.15,-0.53
UK,Asia,Solar,2024,Terawatt-hours (TWh),27845,10442,712,597,35.25,3955.97,19895.82,409.35,234.6,6.59
UK,South America,Natural Gas,2022,Terawatt-hours (TWh),16140,10103,12108,17470,62.8,3414.21,17860.23,723.79,219.67,8.88
UK,North America,Natural Gas,2020,Terawatt-hours (TWh),22913,32713,9909,12855,33.61,4472.43,20334.31,1320.76,219.98,0.6
UK,North America,Natural Gas,2019,Terawatt-hours (TWh),43274,38003,14993,10679,22.31,2532.66,18347.56,734.3,343.8,-3.04
UK,Africa,Hydro,2020,Terawatt-hours (TWh),46190,31196,4255,16973,61.89,478.32,19646.8,193.06,108.65,-4.3
UK,South America,Coal,2017,Terawatt-hours (TWh),24080,34080,8709,19804,68.07,1387.23,5807.75,1468.39,106.47,3.34
UK,Europe,Hydro,2015,Terawatt-hours (TWh),6348,37195,6532,3579,26.39,2859.72,23839.42,500.1,395.34,3.78
UK,North America,Solar,2024,Terawatt-hours (TWh),3802,37378,12066,12815,21.86,3869.38,246.07,1478.96,393.99,-3.53
UK,Asia,Nuclear,2015,Terawatt-hours (TWh),32936,38279,12520,12904,27.57,599.82,9548.4,208.02,347.64,8.64
UK,South America,Nuclear,2022,Terawatt-hours (TWh),5522,43813,307,2714,20.34,639.33,18571.37,94.16,97.8,3.26
UK,Asia,Nuclear,2016,Terawatt-hours (TWh),10656,49107,5157,10570,14,132.94,7029.03,311.71,285.65,-0.01
UK,South America,Natural Gas,2022,Terawatt-hours (TWh),9338,43482,9937,14587,6.96,2347.44,6865.07,164.14,129.53,-4.29
UK,Oceania,Oil,2023,Terawatt-hours (TWh),11201,4561,11841,4566,31.53,405.89,16788.85,207.47,220.52,4.97
UK,Oceania,Coal,2019,Terawatt-hours (TWh),12044,3878,8446,7082,41.27,635.52,12775.47,826.66,59.4,8.64
UK,Asia,Nuclear,2016,Terawatt-hours (TWh),33169,17752,780,3749,35.98,4443.16,19139.87,1274.45,222.79,-2.5
UK,North America,Oil,2017,Terawatt-hours (TWh),49592,41460,1169,9547,62.93,2338.12,18138.91,795.36,168.68,-0.77
UK,Europe,Wind,2022,Terawatt-hours (TWh),37891,11042,6243,1440,62.78,2009.98,17567.21,1092.86,245.17,-1.81
UK,Europe,Natural Gas,2016,Terawatt-hours (TWh),41050,6855,8352,2297,16.92,1006.67,1384.29,907.98,268.61,4.23
UK,Asia,Oil,2019,Terawatt-hours (TWh),3488,3173,4060,6282,10.99,3054.65,4696.63,844.54,109.94,6.79
UK,Asia,Nuclear,2023,Terawatt-hours (TWh),15872,23102,1236,4683,49.91,1514.03,15733.44,849.48,194.12,5.88
UK,Asia,Wind,2024,Terawatt-hours (TWh),40649,21104,1140,17361,23.38,2243.13,14337.29,926.9,187.82,-2.54
UK,Asia,Coal,2024,Terawatt-hours (TWh),44827,25483,10784,12412,44.29,3120.87,23381.27,623.37,256.58,7.57
UK,Oceania,Solar,2017,Terawatt-hours (TWh),49853,22838,8291,10069,12.59,490.77,5442.1,494.54,368.65,7.03
UK,Africa,Coal,2024,Terawatt-hours (TWh),11364,29736,7543,19984,49.67,2186.41,7234.18,376.17,211.6,-0.7
UK,Europe,Wind,2024,Terawatt-hours (TWh),43390,12564,6270,14123,17.13,4167.32,95.42,879.61,322.09,8.98
UK,Asia,Hydro,2016,Terawatt-hours (TWh),3647,715,13750,3547,21.62,4159.57,9093.99,1296.05,236.93,-1.28
UK,North America,Hydro,2024,Terawatt-hours (TWh),47275,41040,14691,16613,66.35,2596.78,21314.27,6.14,194.84,-0.66
UK,Europe,Solar,2024,Terawatt-hours (TWh),42215,1111,11922,19377,59.27,4269.7,16929.63,1275.28,260.29,9.42
UK,North America,Hydro,2019,Terawatt-hours (TWh),25824,3348,48,3032,37.89,4612.97,6069,1165.37,310.8,-4.42
UK,Europe,Coal,2022,Terawatt-hours (TWh),17356,11739,1685,6098,26.05,148.18,23280.78,389.73,159.85,-1.77
UK,Asia,Hydro,2019,Terawatt-hours (TWh),46974,36009,9926,4466,21.88,784.55,3255.49,958.85,167.67,-2.81
UK,South America,Wind,2016,Terawatt-hours (TWh),33041,42034,7183,13241,29.83,2545.21,3768.65,518.03,388.76,4.11
UK,Oceania,Natural Gas,2018,Terawatt-hours (TWh),3311,51812,12461,3224,5.44,1813.82,3289.75,700.6,232.62,3.35
UK,Africa,Hydro,2017,Terawatt-hours (TWh),4154,4366,2564,5628,39.35,786.48,22161.82,1240.01,397.88,2.96
UK,Asia,Solar,2019,Terawatt-hours (TWh),21310,9593,418,16887,11.68,4716.02,4117.43,434.43,359.35,7.74
UK,Europe,Solar,2016,Terawatt-hours (TWh),6122,47411,12599,8842,31.52,4625.13,5722.84,1381.49,55.19,-3.71
UK,Oceania,Natural Gas,2022,Terawatt-hours (TWh),9072,36838,11285,14335,30.2,2090.11,11845.95,1172.94,201.97,4.14
UK,North America,Nuclear,2016,Terawatt-hours (TWh),43526,22302,9787,19902,27.22,2140.65,7373.63,1140.5,83.15,9.88
UK,Europe,Wind,2021,Terawatt-hours (TWh),26275,8259,510,17528,12.79,2089.31,21125.49,358.3,318.44,-4.37
UK,Europe,Coal,2018,Terawatt-hours (TWh),19874,36824,5968,17,7.39,2585.66,2080.67,592.65,334.76,3.58
UK,South America,Hydro,2016,Terawatt-hours (TWh),1117,31590,73,17980,5.2,1968.93,4521.72,1194.36,372.14,-0.12
UK,Africa,Coal,2017,Terawatt-hours (TWh),35838,19554,2878,16651,37.48,3801.95,1331.53,1078.85,331.51,4.61
UK,Europe,Nuclear,2018,Terawatt-hours (TWh),3290,48011,2126,2497,16,1811.99,11146.91,559.73,369.08,9.25
UK,Africa,Oil,2017,Terawatt-hours (TWh),8326,4609,12522,6440,48.5,796.31,5133.03,1370.99,282.28,-0.91
UK,Asia,Nuclear,2020,Terawatt-hours (TWh),20193,15246,6470,7806,45.52,195.25,548.22,1141.72,221.47,9.62
UK,Asia,Nuclear,2018,Terawatt-hours (TWh),7008,10107,1298,14747,34.4,994.91,17008.57,949.5,229.62,1.07
UK,North America,Nuclear,2023,Terawatt-hours (TWh),10933,25468,11936,13637,69.62,1303.93,11988.26,618.52,61.35,0.54
UK,Asia,Natural Gas,2024,Terawatt-hours (TWh),28514,42515,14453,13578,63.53,1865.07,16010.46,1364.96,138.44,9.04
UK,Africa,Nuclear,2019,Terawatt-hours (TWh),31426,21816,8820,4804,17.69,1014.52,23150.42,141.07,262.35,2.06
UK,Africa,Natural Gas,2019,Terawatt-hours (TWh),10891,24917,14583,4619,40.68,3836.81,18120.06,801.33,99.24,6.13
UK,Africa,Solar,2015,Terawatt-hours (TWh),40146,38954,6725,1210,28.41,1487.91,24998.93,1016.41,384.25,5.94
UK,Africa,Hydro,2017,Terawatt-hours (TWh),15550,28079,2339,2649,61.06,4586.36,19044.59,360.32,340.58,2.96
UK,Asia,Wind,2020,Terawatt-hours (TWh),30634,13627,9067,17679,8.7,819.08,9679.23,588.74,50.76,0.96
UK,Africa,Oil,2021,Terawatt-hours (TWh),23104,50239,8277,18735,15.65,2207.88,22069.6,429.25,293.82,-1.75
UK,South America,Nuclear,2020,Terawatt-hours (TWh),27064,41320,11514,9327,42.95,638.77,453.55,1116.87,89.97,8.06
UK,Oceania,Solar,2017,Terawatt-hours (TWh),33240,755,2588,13046,45.26,657.29,23770.57,1432.13,104.24,7.22
UK,Africa,Oil,2018,Terawatt-hours (TWh),16717,45103,13842,8947,39.32,3232.17,24304.55,233.84,56.98,-2.77
UK,Oceania,Solar,2022,Terawatt-hours (TWh),4043,20534,10840,11298,33.05,1660.48,9428.31,208.26,341.31,4.93
UK,Europe,Coal,2019,Terawatt-hours (TWh),29555,33054,4288,1389,31.51,4408.95,18923.92,1319.96,230.2,0.97
UK,North America,Hydro,2016,Terawatt-hours (TWh),11625,41319,522,15817,36.89,350.31,2076.81,430.42,379.69,-3.29
UK,Europe,Wind,2016,Terawatt-hours (TWh),21994,428,4445,6253,12.6,418.46,15868.29,1352.73,110.6,2.11
UK,Europe,Coal,2015,Terawatt-hours (TWh),16272,12919,10860,6893,33.97,1004.16,12429.51,761.12,162.89,-1.53
UK,Africa,Nuclear,2019,Terawatt-hours (TWh),11555,39417,4127,14263,19.43,137.18,16274.98,669.85,248.47,-1.59
UK,Europe,Natural Gas,2024,Terawatt-hours (TWh),11782,16435,10897,4660,54.91,4535.6,8066.14,106.71,280.18,9.69
UK,North America,Natural Gas,2016,Terawatt-hours (TWh),2372,20284,7696,7695,67.89,933.26,17888.2,168.57,122.14,3.53
UK,Asia,Natural Gas,2024,Terawatt-hours (TWh),9179,11594,6880,18352,34.94,3458.76,12896.89,81.56,219.25,3.85
UK,Oceania,Hydro,2020,Terawatt-hours (TWh),35494,5174,7172,3355,24.39,2515.68,18657.13,1067.07,321.01,7.09
UK,Africa,Oil,2016,Terawatt-hours (TWh),22149,42988,7044,7490,17.81,1239.91,6463.37,1406.58,214.86,6.9
UK,Asia,Natural Gas,2023,Terawatt-hours (TWh),4368,24879,4247,4996,36.82,170.43,5931.8,1111.96,335.96,-2.83
UK,Oceania,Solar,2023,Terawatt-hours (TWh),39218,10057,4188,6282,11.22,4923.42,22881.43,1167.52,94.79,0.25
UK,Oceania,Nuclear,2024,Terawatt-hours (TWh),14641,17659,12204,4113,35.29,4970.51,6716.69,965.26,323.17,2.14
UK,South America,Solar,2018,Terawatt-hours (TWh),9129,18242,649,13003,64.7,1896.88,12000.95,832.8,352.05,5.96
UK,Europe,Oil,2015,Terawatt-hours (TWh),20764,18432,12997,15032,47.3,3126.77,2466.98,176.98,290.55,-0.83
UK,Africa,Natural Gas,2016,Terawatt-hours (TWh),34155,31052,1683,9476,13.46,2506.36,15379.86,375.21,289.27,5.6
UK,Europe,Natural Gas,2023,Terawatt-hours (TWh),36933,2692,7226,10420,45.83,532.26,2709.7,211.1,348.08,0.49
UK,Oceania,Nuclear,2016,Terawatt-hours (TWh),30432,4219,5709,13520,15.96,4476.23,6679.04,1150.25,350.46,-0.77
UK,Africa,Coal,2016,Terawatt-hours (TWh),45239,24487,9916,16549,49.63,99.17,22713.04,144.55,251.96,-4.23
UK,Europe,Hydro,2019,Terawatt-hours (TWh),48484,1680,282,9515,5.99,1942.81,3543.3,654.54,258.66,9.4
UK,Europe,Oil,2020,Terawatt-hours (TWh),39959,43179,7740,15420,5.45,1236.43,1875.37,1460.24,246.65,3.43
UK,Africa,Solar,2020,Terawatt-hours (TWh),9615,48481,12584,5630,45.6,2853.91,3545.94,757.09,281.18,2.07
UK,South America,Wind,2017,Terawatt-hours (TWh),29788,49606,14913,18942,47.09,735.73,8836.98,1136.6,132.52,6.33
UK,Oceania,Wind,2022,Terawatt-hours (TWh),33126,2672,11616,15089,43.21,317.16,22793.19,168.31,286.09,2.21
UK,South America,Oil,2022,Terawatt-hours (TWh),13657,26341,10955,10468,32.67,1719.8,20165.25,1071.65,301.03,-0.39
UK,Africa,Oil,2022,Terawatt-hours (TWh),2982,24533,30,9840,61.68,1428.28,14811.75,1481.59,346.63,4.75
UK,Asia,Oil,2022,Terawatt-hours (TWh),44780,627,14281,12464,17.28,823.31,15927.15,157.68,365.21,-4.36
UK,South America,Solar,2020,Terawatt-hours (TWh),12235,20354,242,13064,37.61,1338.28,21550.41,33.81,278.39,2.37
UK,Europe,Coal,2018,Terawatt-hours (TWh),34922,40910,5511,15544,56.79,3367.11,10718.32,673.17,235.86,0.86
UK,North America,Wind,2017,Terawatt-hours (TWh),8842,50349,13719,448,54.26,3208.94,19135.71,423.98,233.52,1.57
UK,Africa,Oil,2022,Terawatt-hours (TWh),36348,11510,9502,5127,6.95,3951.36,18227.76,1468.28,194.33,8.1
UK,South America,Solar,2024,Terawatt-hours (TWh),34255,34328,4713,6589,47.78,4223.62,3105.36,652.86,187.2,-4.02
UK,South America,Natural Gas,2019,Terawatt-hours (TWh),26336,30575,11840,12365,41.45,4268.34,6091.91,990.53,288.16,7.66
UK,Asia,Hydro,2019,Terawatt-hours (TWh),23581,26166,13668,15523,60.94,4648.97,5538.33,689.03,300.57,8.58
UK,North America,Oil,2015,Terawatt-hours (TWh),2582,49142,2815,18472,56.27,3385.3,10365.55,1359.19,178.14,0.25
UK,Oceania,Coal,2021,Terawatt-hours (TWh),43793,48990,7026,8999,17.67,2929.13,24496.23,156.44,385.3,7.24
UK,Asia,Natural Gas,2015,Terawatt-hours (TWh),24989,28434,8602,11382,63.36,561.58,20715.8,287.62,175.6,2.54
UK,Oceania,Coal,2024,Terawatt-hours (TWh),21983,44959,14173,8284,50.13,1090.63,14823.41,880.97,255,-1.44
UK,Africa,Solar,2019,Terawatt-hours (TWh),9447,24249,190,7502,13.7,4979.21,8447.57,38.66,126.87,4.21
UK,Africa,Oil,2019,Terawatt-hours (TWh),30624,32312,6445,3628,14.61,2123.95,5660.93,401.56,195.04,-3.31
UK,Africa,Solar,2020,Terawatt-hours (TWh),47076,1544,8829,18152,8.03,1879.55,24075.43,258.98,230.39,-3.38
UK,South America,Coal,2023,Terawatt-hours (TWh),44844,45479,9033,9923,38.46,1546.35,16209.3,1196.8,281.77,-4.39
UK,Asia,Solar,2024,Terawatt-hours (TWh),35891,45244,5586,7987,32.68,4648.18,3659.46,54.54,361.29,-3.75
UK,Europe,Hydro,2024,Terawatt-hours (TWh),49952,51241,102,4500,13.89,1030.59,20432.68,148.73,108.45,1.28
UK,Europe,Wind,2024,Terawatt-hours (TWh),25101,16037,3392,5020,16.24,503.42,7558.36,209.33,172.66,4.46
UK,South America,Wind,2015,Terawatt-hours (TWh),45561,9891,10426,19641,54.89,3004.15,8005.72,1401.06,166.21,-2.22
UK,Africa,Hydro,2024,Terawatt-hours (TWh),34820,15088,13023,4662,9.62,1112.91,4074.08,621.53,145.14,-4.43
UK,Oceania,Natural Gas,2023,Terawatt-hours (TWh),49617,27951,3938,4038,15.09,4530.77,22396.54,698.94,398.22,-1.09
UK,Oceania,Nuclear,2016,Terawatt-hours (TWh),2726,14054,13719,10248,26.97,4270.73,3523.27,332.95,74.02,7.1
UK,Europe,Hydro,2021,Terawatt-hours (TWh),4888,603,11409,16536,24.23,3659.22,22067.08,478.24,350.1,3.85
UK,South America,Solar,2018,Terawatt-hours (TWh),16463,19962,13600,8551,22.7,3817.77,16192.28,1478.06,335.84,-1.82
UK,Asia,Wind,2020,Terawatt-hours (TWh),7891,50842,3124,8310,58.14,3750.22,22178.54,1433.06,284.28,-4.66
UK,South America,Wind,2022,Terawatt-hours (TWh),33327,8191,11627,15507,52.21,4238.04,2858.54,479.88,378.59,-0.56
UK,North America,Oil,2019,Terawatt-hours (TWh),22303,30832,6601,16387,67.83,2816.41,8267.91,1103.03,329.11,0.21
UK,Europe,Oil,2018,Terawatt-hours (TWh),43683,14838,2781,2560,34.04,277.76,24638.37,877.39,290.43,6.6
UK,Europe,Coal,2020,Terawatt-hours (TWh),45276,35322,7019,10745,65.3,4459.62,1202.8,39.93,316.82,2.65
UK,South America,Solar,2020,Terawatt-hours (TWh),11670,14627,8290,8132,31.04,1743.67,8158.43,84.05,200.48,9.23
UK,Africa,Oil,2016,Terawatt-hours (TWh),8136,28965,7938,18674,21.13,759.23,6718.06,1267.08,314.58,3.03
UK,Europe,Solar,2022,Terawatt-hours (TWh),7271,26677,12112,14750,34.97,2188.25,1226.99,1360.29,207.05,0.42
UK,Oceania,Coal,2018,Terawatt-hours (TWh),36251,33390,12340,15350,21.59,2387.37,10450.48,465.87,133.05,4.43
UK,South America,Oil,2018,Terawatt-hours (TWh),22785,51162,8666,9286,57.49,808.5,7487.08,1474.08,219.2,9.6
UK,Africa,Hydro,2017,Terawatt-hours (TWh),33879,5793,4552,11743,45.72,4402.45,23934.78,927.94,369.32,7.91
UK,Asia,Wind,2015,Terawatt-hours (TWh),30753,7503,3754,14198,9.26,3268.38,15855.83,438.05,254.52,5.33
UK,North America,Wind,2023,Terawatt-hours (TWh),48571,15687,275,18404,39.55,3288.05,6971.71,108,245.22,0.25
UK,South America,Solar,2023,Terawatt-hours (TWh),22121,7693,245,6173,54.85,3703.13,21903.25,1139.82,138.59,-2.74
UK,South America,Wind,2023,Terawatt-hours (TWh),23956,47324,9320,9164,9.17,1997.17,10342.15,897.56,214.74,8.33
UK,North America,Hydro,2024,Terawatt-hours (TWh),21577,24348,8403,559,22.85,4189.12,16696.43,268.58,292.11,9.82
UK,Europe,Nuclear,2015,Terawatt-hours (TWh),38705,7861,3605,4174,21.13,169.31,9410.56,1210.17,380.9,-3.55
UK,Oceania,Oil,2024,Terawatt-hours (TWh),23125,27398,421,2199,42.69,635.24,6145.01,1216.84,190.61,-0.22
UK,Oceania,Hydro,2022,Terawatt-hours (TWh),11651,27800,14709,865,40.6,4722.14,12760.56,1371.35,311.54,6.18
UK,North America,Wind,2015,Terawatt-hours (TWh),11776,27329,9844,4047,18.32,86.7,20147.98,766.63,191.86,8.05
UK,North America,Wind,2020,Terawatt-hours (TWh),25726,36797,3280,11879,64.48,2071.88,22150.02,257.24,202.53,-1.89
UK,South America,Coal,2016,Terawatt-hours (TWh),2134,48281,540,11012,8.94,477.74,24594.15,854.12,355.76,-3.52
UK,Oceania,Solar,2018,Terawatt-hours (TWh),11105,49502,8590,8545,8.98,4683.61,7125.58,305,345.84,2.08
UK,Asia,Wind,2022,Terawatt-hours (TWh),12159,12390,14681,12365,9.37,3259.52,3876.84,754.18,218.81,-1.65
UK,South America,Nuclear,2022,Terawatt-hours (TWh),31674,5134,4451,3277,21.92,240.24,21868.91,986.58,213.81,6.37
UK,Oceania,Wind,2018,Terawatt-hours (TWh),19692,15562,4410,19959,10.14,3993.84,17439.33,898.45,174.01,1
UK,Asia,Wind,2017,Terawatt-hours (TWh),19446,44905,5135,1064,22.65,2227.21,17119.54,678.79,338.04,-0.65
UK,Oceania,Natural Gas,2018,Terawatt-hours (TWh),10747,33981,2592,11655,5.2,1905.14,12899.29,288.53,99.18,2.64
UK,Africa,Wind,2015,Terawatt-hours (TWh),30285,22572,10769,9666,6.72,1404.93,15607.36,338.04,50.22,1.14
UK,Europe,Coal,2017,Terawatt-hours (TWh),38802,8698,6873,9322,37.58,4715.87,21485.16,1343,173.83,8
UK,North America,Nuclear,2017,Terawatt-hours (TWh),25221,8225,2615,9336,25.96,4467.23,18225.73,443.19,234.83,-3.99
UK,Africa,Solar,2021,Terawatt-hours (TWh),14387,47768,2981,15113,54.47,3817.12,3029.46,738.1,81.7,5.06
UK,Europe,Solar,2022,Terawatt-hours (TWh),24310,801,3039,10188,7.96,1102.57,7199.65,861.97,60.09,-4.71
UK,Europe,Nuclear,2017,Terawatt-hours (TWh),32035,31260,825,8671,52.17,3183.5,24254.98,1250.73,158.9,-2.74
UK,Oceania,Hydro,2022,Terawatt-hours (TWh),3491,5120,10326,12446,53.83,3489.98,24958.75,65.36,380.77,4.81
UK,Europe,Nuclear,2021,Terawatt-hours (TWh),8465,8944,5647,16376,40.31,1459.13,8407.06,1262.49,273.01,3.28
UK,North America,Natural Gas,2018,Terawatt-hours (TWh),30053,39693,11286,11406,68.78,3053.44,19934.88,433.31,93.33,-4.08
UK,North America,Oil,2018,Terawatt-hours (TWh),21617,24298,12608,7951,44.68,3012.04,23344.8,1019.34,318.18,-1.97
UK,North America,Nuclear,2016,Terawatt-hours (TWh),36826,25848,10968,11035,5.06,2468.76,1479.04,245.79,53.38,8.36
UK,North America,Coal,2022,Terawatt-hours (TWh),37152,48126,10372,5219,68.28,2150.12,8109.02,373.12,225.69,-3.29
UK,Africa,Oil,2023,Terawatt-hours (TWh),15364,2575,8935,12377,20.92,2808.72,5504.05,180.39,155.5,3.89
UK,Africa,Coal,2015,Terawatt-hours (TWh),49124,5550,12315,14031,47.95,2324.35,15358.98,593.28,78.49,3.17
UK,Africa,Natural Gas,2020,Terawatt-hours (TWh),23986,33658,7092,13177,64.35,1636.88,1869.04,270.25,317.04,8.98
UK,Asia,Wind,2016,Terawatt-hours (TWh),41198,26622,4438,4009,63.87,692.44,15978.83,784.39,160.43,8.43
UK,Oceania,Hydro,2019,Terawatt-hours (TWh),14787,9831,4808,6307,69.51,3476.23,4424.71,90.18,155.34,9.42
UK,Oceania,Coal,2016,Terawatt-hours (TWh),29560,24905,8327,6027,20.63,4383.84,14425.2,789.14,388.15,0.11
UK,Europe,Nuclear,2018,Terawatt-hours (TWh),22905,34228,1249,12660,38.35,4498.96,3574.39,820.36,380.15,-2.58
UK,Africa,Coal,2019,Terawatt-hours (TWh),48681,36338,497,17480,25.01,2463.67,22125.58,799.81,392.73,-4.25
UK,Europe,Natural Gas,2018,Terawatt-hours (TWh),31089,11319,10179,1204,7.73,4622.18,16956.63,686.58,156.39,-4.37
UK,Oceania,Nuclear,2020,Terawatt-hours (TWh),47395,50147,7702,3583,53.5,4967.07,14585.47,1444.29,165.58,7.98
UK,North America,Oil,2019,Terawatt-hours (TWh),42702,4208,1918,916,44.08,2775.76,9019.39,1004.42,189.67,1.72
UK,South America,Oil,2016,Terawatt-hours (TWh),34922,50081,10316,9154,25.15,3596.8,13455.13,1140.64,361.63,-0.66
UK,Asia,Nuclear,2017,Terawatt-hours (TWh),19917,46583,13763,15375,53.51,182.71,1539.08,1493.33,207.75,-2.64
UK,Asia,Solar,2016,Terawatt-hours (TWh),2692,30812,6426,7485,65.81,2404.37,5419.4,1078.54,201.78,1.68
UK,Asia,Wind,2019,Terawatt-hours (TWh),45532,32629,12525,19667,60.6,299.51,1829.37,324.85,175.6,7.9
UK,Asia,Solar,2022,Terawatt-hours (TWh),43361,41673,8922,1647,16.89,2265.72,11031.14,1211.47,61.58,1.17
UK,Oceania,Wind,2020,Terawatt-hours (TWh),41891,36862,13916,13877,67.07,471.5,5070.25,257.13,268.35,0.15
UK,Asia,Natural Gas,2024,Terawatt-hours (TWh),2721,42264,4004,7477,36.88,4680.99,1154.73,609.53,112.68,4.76
UK,Asia,Coal,2018,Terawatt-hours (TWh),36480,20781,8327,13894,19.62,2220.85,10449.72,967.78,387.33,6.01
UK,Oceania,Hydro,2020,Terawatt-hours (TWh),30644,37194,10245,19173,18.79,154.55,12985.37,102.48,304.27,5.67
UK,Africa,Hydro,2021,Terawatt-hours (TWh),2011,8692,4306,11788,6.76,3953.01,534.19,397.81,163.33,0.53
UK,Oceania,Solar,2015,Terawatt-hours (TWh),41017,1614,4021,13291,41.41,2089.7,22580.09,788.61,105.78,-2.37
UK,Asia,Nuclear,2020,Terawatt-hours (TWh),45541,38647,1596,19678,28.12,1739.2,6391.7,1037.27,192.63,7.51
UK,Asia,Oil,2016,Terawatt-hours (TWh),5651,572,6594,13369,60.95,4943.01,4874.9,284.83,55.71,3.51
UK,Oceania,Nuclear,2024,Terawatt-hours (TWh),47562,28508,11925,724,68.82,342.2,7377.1,797.16,166.31,8.22
UK,Africa,Wind,2022,Terawatt-hours (TWh),32112,16038,7467,11098,64.64,4441.28,16729.87,1479.49,280.56,9.16
UK,Africa,Nuclear,2019,Terawatt-hours (TWh),23084,12416,1889,7959,65.3,3805.1,23915.45,629.38,71.13,2.22
UK,Asia,Hydro,2023,Terawatt-hours (TWh),30658,25081,13515,4131,44.6,3854.5,15391,1242.6,110.45,6.71
UK,South America,Natural Gas,2015,Terawatt-hours (TWh),23192,484,5060,19010,40.78,3942.17,534.03,858,60.55,1.56
UK,Europe,Oil,2016,Terawatt-hours (TWh),15737,39680,13024,9016,14.73,2418.43,14279.51,29.1,312.69,-0.97
UK,Africa,Wind,2023,Terawatt-hours (TWh),9269,24448,2225,3675,59.24,2835.86,3170.32,293.05,236.47,-0.06
UK,North America,Natural Gas,2023,Terawatt-hours (TWh),21810,23084,4030,9531,28.68,4193.19,20509.32,1240.43,207.78,9.21
UK,Asia,Hydro,2017,Terawatt-hours (TWh),27210,3488,2254,13820,53.09,1991.85,8555.37,648.55,346.99,3.57
UK,Oceania,Hydro,2016,Terawatt-hours (TWh),41887,41856,1366,2654,53.08,1698.16,20083.24,294.14,183.44,7.87
UK,Oceania,Wind,2022,Terawatt-hours (TWh),36602,32537,5217,3696,13.39,1550.53,24494.98,1209.15,296.15,-2.46
UK,Europe,Nuclear,2022,Terawatt-hours (TWh),43134,3170,5258,6951,26.31,987.05,5566.18,523.4,178.37,9.21
UK,Asia,Wind,2022,Terawatt-hours (TWh),20387,22186,4293,15853,14.5,1682,8480.35,735.94,291.66,-4.61
UK,Europe,Wind,2021,Terawatt-hours (TWh),47279,41564,12424,5163,49.29,3318.68,539.62,1240.51,281.21,-4.64
UK,South America,Oil,2019,Terawatt-hours (TWh),18613,36209,11470,10190,46.58,346.54,2654.91,1277.05,276.65,-2.23
UK,Oceania,Hydro,2020,Terawatt-hours (TWh),34926,44959,10570,12044,6,2433.41,9247.69,1272.69,105.13,8.29
UK,Asia,Solar,2015,Terawatt-hours (TWh),21898,34972,10525,6335,16.89,238.43,23606.11,1191.82,50.92,6.62
UK,Asia,Coal,2022,Terawatt-hours (TWh),23768,49157,7706,5722,45.56,1218.88,14698.21,476.15,71.57,-4.53
UK,Africa,Oil,2015,Terawatt-hours (TWh),43473,24638,6380,16114,20.91,2016.47,7373.93,1174.22,382.97,-3.94
UK,Europe,Solar,2015,Terawatt-hours (TWh),8438,11705,9332,11507,69.01,2605.84,1724.23,766.43,277.27,6.67
UK,Africa,Oil,2016,Terawatt-hours (TWh),9129,11288,10299,13604,9.32,4362.42,19956.05,703.85,113.05,-2.94
UK,Asia,Wind,2016,Terawatt-hours (TWh),10070,40249,12925,8553,30.17,4724.05,10839.13,405.27,300.33,0.09
UK,North America,Wind,2018,Terawatt-hours (TWh),7386,2771,4744,18484,66.13,4929.2,18975.48,1330.66,363.56,5.49
UK,North America,Wind,2020,Terawatt-hours (TWh),33346,47062,4834,8516,28.91,2782.89,6804.34,1026.32,312.35,-0.68
UK,Europe,Natural Gas,2018,Terawatt-hours (TWh),1728,29873,3988,7737,54.23,1500.12,1231.57,1155.77,356.13,3.13
UK,South America,Natural Gas,2019,Terawatt-hours (TWh),20189,28973,1630,13686,19.66,4121.97,10206.27,269.25,199.64,4.17
UK,Europe,Natural Gas,2024,Terawatt-hours (TWh),7624,38276,14239,14351,68.02,3529.43,205.88,1370.34,260.73,0.67
UK,Africa,Solar,2019,Terawatt-hours (TWh),4463,35719,6470,3905,29.8,654.45,9808.05,696.87,355.58,2.97
UK,Asia,Hydro,2022,Terawatt-hours (TWh),9612,20426,11370,13755,52.65,4695.34,15833.2,79.18,184.56,5.06
UK,South America,Solar,2024,Terawatt-hours (TWh),41574,31102,12250,15405,37.02,4732.63,4553.35,653.65,74.21,4.17
UK,Oceania,Coal,2021,Terawatt-hours (TWh),35405,32789,1456,7542,8.82,601.26,21043.07,541.6,264.93,-4.13
UK,Oceania,Solar,2019,Terawatt-hours (TWh),4069,7876,10973,352,47.46,4923.41,4378.96,1079.54,364.4,6.78
UK,Africa,Hydro,2018,Terawatt-hours (TWh),13477,14099,2117,18210,58.59,2777.95,23193.85,380.53,105.21,-0.15
UK,North America,Oil,2020,Terawatt-hours (TWh),20622,49753,11378,13056,49.07,1674.7,24204.35,770.48,210.94,6.49
UK,Oceania,Nuclear,2016,Terawatt-hours (TWh),33635,23343,11642,10862,22.01,2759.26,23395.98,954.5,165.9,3.4
UK,South America,Solar,2015,Terawatt-hours (TWh),49154,22531,11141,5688,37.61,3029.85,13201.82,278.5,217.95,9.47
UK,Africa,Solar,2020,Terawatt-hours (TWh),18427,8196,812,16781,14.29,2334.69,1703.72,247.47,183.26,-2.61
UK,North America,Solar,2019,Terawatt-hours (TWh),13982,30611,7642,12700,34.27,4826.28,24688.02,1387.07,288.91,6.68
UK,Europe,Solar,2021,Terawatt-hours (TWh),23922,8519,13706,7559,21.09,2734.51,7154.78,1424.5,395.38,5.53
UK,Europe,Nuclear,2015,Terawatt-hours (TWh),19818,39576,11254,16079,50.07,4287.01,1211.77,564.57,147.7,0.47
UK,Asia,Oil,2015,Terawatt-hours (TWh),43662,32444,4612,10219,45.66,2367.79,17386.59,361.76,93.46,-3.55
UK,South America,Oil,2024,Terawatt-hours (TWh),14801,10095,11108,18955,56.27,4568.77,20464.79,399.43,121.41,5.43
UK,Oceania,Wind,2016,Terawatt-hours (TWh),784,46570,11447,5632,10.7,2355.71,12023.6,880.18,252.29,-4.93
UK,North America,Wind,2018,Terawatt-hours (TWh),44841,32149,5246,6699,30.69,3235.49,14496.43,1188.01,281.64,-2.57
UK,Oceania,Nuclear,2017,Terawatt-hours (TWh),13658,49854,7051,11159,20.93,1782.65,16488.05,978.66,333.81,1.17
UK,Asia,Oil,2018,Terawatt-hours (TWh),12577,42586,3412,14703,58.04,2639.61,4379.32,832.4,375.17,-4.71
UK,South America,Wind,2020,Terawatt-hours (TWh),25658,14866,4328,418,54.87,4315.33,23699.28,1287.8,290.15,6.86
UK,Asia,Wind,2015,Terawatt-hours (TWh),48600,32034,12598,2876,48.4,2905.81,13354.1,748.31,309.43,4.85
UK,Africa,Solar,2019,Terawatt-hours (TWh),26339,17499,13869,16439,67.16,3629.88,16357.05,1363.54,388.62,2.73
UK,Asia,Solar,2015,Terawatt-hours (TWh),41604,7560,2578,937,55.37,4084.61,19118.25,1414.1,174.63,-3.29
UK,Oceania,Coal,2018,Terawatt-hours (TWh),24353,11130,10884,15109,21.73,1715.15,6232.83,426.64,379.5,3.59
UK,South America,Oil,2017,Terawatt-hours (TWh),42073,14269,14007,3900,42.04,3612.01,19441.27,636.05,243.09,6.68
UK,Europe,Oil,2016,Terawatt-hours (TWh),33394,10872,9734,10712,54.33,501.85,74.43,807.91,82.62,-3.96
UK,Asia,Nuclear,2018,Terawatt-hours (TWh),9173,14832,14357,15890,29.84,1453.9,6494.91,1437.35,180.84,-4.37
UK,Asia,Solar,2016,Terawatt-hours (TWh),44810,45602,8313,8716,53.82,1900.77,8687.86,1459.65,132.1,-1.46
UK,Asia,Natural Gas,2016,Terawatt-hours (TWh),31182,27296,13174,960,69.03,1165.83,17525.55,871.71,93.44,7.43
UK,Oceania,Coal,2018,Terawatt-hours (TWh),32207,32060,799,843,43.11,3901.57,6410.02,1425.03,398.09,8.06
UK,Europe,Wind,2019,Terawatt-hours (TWh),16420,35939,14191,13251,23.74,2890.47,20745.54,746.31,130.88,0.4
UK,Africa,Nuclear,2023,Terawatt-hours (TWh),6721,8724,10805,4221,19.96,2112.25,21674.12,1208.23,345.69,0.97
UK,South America,Natural Gas,2024,Terawatt-hours (TWh),872,28321,13887,7155,69.95,1609.13,132.02,976.52,308.38,-2.72
UK,Africa,Coal,2023,Terawatt-hours (TWh),9053,23251,8275,1323,5.56,4793.57,3653.72,806.1,182.68,3.58
UK,Oceania,Hydro,2024,Terawatt-hours (TWh),13857,50612,3853,2640,33.58,3357.01,4913.24,497.46,59.16,-3.46
UK,South America,Solar,2018,Terawatt-hours (TWh),10299,39495,2985,1768,44.27,311.73,21245.88,862.12,75.77,1.03
UK,South America,Natural Gas,2015,Terawatt-hours (TWh),702,49620,7156,4237,28.13,4078.99,20827.48,1189.78,250.96,2.36
UK,Asia,Nuclear,2020,Terawatt-hours (TWh),40824,19384,8209,2857,58.9,1223.62,18436.79,392.45,343.72,3.81
UK,South America,Nuclear,2023,Terawatt-hours (TWh),29320,15307,7174,6274,56.58,583.79,11470.35,608.84,79.18,-4.31
UK,North America,Hydro,2021,Terawatt-hours (TWh),14031,45527,1890,5020,7.96,2040.48,18043.97,320.05,234.06,1.6
UK,Europe,Wind,2017,Terawatt-hours (TWh),10685,20445,3063,8726,43.61,4685.77,13208.58,1056.38,290.73,-3.74
UK,North America,Coal,2017,Terawatt-hours (TWh),1574,44721,14368,5486,63.45,1846.26,20720.26,1253.24,146.88,6.32
UK,North America,Wind,2019,Terawatt-hours (TWh),38764,15664,13419,16325,60.98,4951.83,12949.99,429.92,68.96,-0.11
UK,Asia,Nuclear,2020,Terawatt-hours (TWh),18343,505,6633,14186,39.81,4553.54,3034.77,50.77,247.16,3.27
UK,North America,Oil,2022,Terawatt-hours (TWh),11651,34805,14206,11183,20.54,4375.63,7315.5,778.28,118.68,8.14
UK,Oceania,Coal,2016,Terawatt-hours (TWh),29104,31408,8307,7614,27.57,3446.05,23687.58,629.7,95.27,-0.62
UK,North America,Nuclear,2020,Terawatt-hours (TWh),11688,12026,3978,9872,54.16,2578.18,145.15,634.02,120.54,0.71
UK,North America,Hydro,2022,Terawatt-hours (TWh),46495,17250,7805,12469,64.09,2079.82,18987.44,550.97,69.77,2.69
UK,Africa,Coal,2023,Terawatt-hours (TWh),14311,36112,968,8262,20.35,397.44,12780.74,909.01,321.86,6.67
UK,Europe,Coal,2021,Terawatt-hours (TWh),6105,17171,2577,17495,43.58,1418.42,17187.51,129.6,182.12,-1.75
UK,Asia,Natural Gas,2016,Terawatt-hours (TWh),28685,46247,11847,16149,64.75,4279.68,18084.52,1054.65,389.7,2.54
UK,Oceania,Wind,2021,Terawatt-hours (TWh),28522,19426,12648,464,35.08,587.44,3312.56,660.62,213.27,5
UK,North America,Hydro,2017,Terawatt-hours (TWh),35877,48121,13537,65,7.85,1998.94,15724.36,617.46,396.63,0.05
UK,Oceania,Solar,2022,Terawatt-hours (TWh),15367,5383,2536,13999,60,3217.67,8643.39,715.08,139.73,-3.19
UK,North America,Natural Gas,2015,Terawatt-hours (TWh),18445,31791,9176,7193,27.62,3292.51,19389.01,669.57,92.68,-1.51
UK,Africa,Oil,2019,Terawatt-hours (TWh),31139,9702,11104,7353,50.92,1370.96,3666.49,1442.85,364.85,3.96
UK,South America,Nuclear,2021,Terawatt-hours (TWh),6944,7623,10290,2603,37.3,1910.7,23134.06,203.03,148.57,5.12
UK,Asia,Solar,2016,Terawatt-hours (TWh),35126,12422,11970,10022,42.67,3243.89,22815.46,1228.96,56.73,4.88
UK,Europe,Wind,2022,Terawatt-hours (TWh),1707,18728,11603,18243,12.11,4459.73,1355.73,1345.46,216.43,5.48
UK,Europe,Coal,2020,Terawatt-hours (TWh),45302,27893,6871,14427,68.46,309.85,22725.08,1082.88,148.46,3.13
UK,Oceania,Nuclear,2018,Terawatt-hours (TWh),49679,3486,2504,9667,41.26,1090.93,24734.98,755.01,187.19,-1.89
UK,Africa,Oil,2023,Terawatt-hours (TWh),2398,45330,5971,5520,36.36,1588.57,16116.1,689.59,98.22,2.61
UK,Oceania,Wind,2024,Terawatt-hours (TWh),33300,37670,2685,16843,33.47,304.53,9847.71,396.65,293.47,4.81
UK,Oceania,Wind,2020,Terawatt-hours (TWh),9387,20688,4821,5375,68.66,2643.6,20487.23,896.33,252.45,3.17
UK,Europe,Solar,2016,Terawatt-hours (TWh),31640,25679,12918,13799,35.23,329.79,1198.22,268.81,83.3,-3.02
UK,North America,Nuclear,2018,Terawatt-hours (TWh),9571,12398,10110,5357,34.42,4418.05,7801.28,906.77,113.39,-4.55
UK,North America,Nuclear,2018,Terawatt-hours (TWh),12131,17477,1411,18341,50.06,2379.56,8236.59,214.91,264.73,8.78
UK,South America,Solar,2021,Terawatt-hours (TWh),18518,35842,10478,6178,9.84,1916.09,5208.83,274.66,106.9,-2.05
UK,Asia,Nuclear,2015,Terawatt-hours (TWh),16240,12462,9304,14555,62.49,4931.2,2809.93,796.6,199.75,2.62
UK,Asia,Hydro,2022,Terawatt-hours (TWh),13465,45158,8862,4067,39.5,1670.08,4627.73,1472.12,244.06,6.57
UK,Asia,Oil,2020,Terawatt-hours (TWh),31877,22021,2584,15158,37.03,820.5,12379.86,1485.32,166.31,1.88
UK,Asia,Hydro,2019,Terawatt-hours (TWh),18954,28269,9616,2019,23.02,143.95,17411.75,836.07,310.71,-0.2
UK,Asia,Nuclear,2022,Terawatt-hours (TWh),47132,15789,4380,19812,46.51,2409.84,13308.32,460.43,109.08,-2.32
UK,North America,Wind,2021,Terawatt-hours (TWh),29060,43851,14060,5508,8.34,3979.06,23308.73,707.01,138.76,4.35
UK,Europe,Coal,2018,Terawatt-hours (TWh),42772,31319,3472,10634,24.48,553.86,181.96,383.28,136.66,2.83
UK,South America,Coal,2015,Terawatt-hours (TWh),28341,41309,2538,13607,67.76,3276.81,11908.02,478.48,163.5,4.54
UK,Europe,Natural Gas,2018,Terawatt-hours (TWh),9034,42698,3841,13700,49.62,226.52,19126.58,1419.84,375.96,4.69
UK,North America,Solar,2017,Terawatt-hours (TWh),10471,26880,8082,13354,69.32,458.74,3134.23,1303.68,391.02,1.74
UK,Africa,Coal,2024,Terawatt-hours (TWh),36347,1190,9460,11637,13.64,211.02,2587.13,1388.5,233.24,6.58
UK,Africa,Solar,2023,Terawatt-hours (TWh),11767,4638,2384,2768,28.48,4901.89,18121.64,462.95,157.29,4.53
UK,South America,Nuclear,2017,Terawatt-hours (TWh),19608,38502,305,9746,16.28,2342.25,13057.03,76.28,382.55,-2.36
UK,North America,Natural Gas,2022,Terawatt-hours (TWh),41389,1553,7123,7691,22.73,1196.55,17434.57,957.69,361.88,7.78
UK,Europe,Oil,2020,Terawatt-hours (TWh),11826,7936,13411,3497,68.03,2794.36,22729.09,713.99,179.19,9.1
UK,Africa,Solar,2024,Terawatt-hours (TWh),46902,21813,5789,3390,64.87,1474.21,4626.47,925,321.6,0.14
UK,Africa,Hydro,2018,Terawatt-hours (TWh),39941,51012,9690,18782,57.84,2964.62,17135.57,758.49,343.72,9.54
UK,Africa,Hydro,2021,Terawatt-hours (TWh),23265,43491,10264,1371,55.3,1148.44,5599.43,409.03,308.31,1.63
UK,South America,Oil,2024,Terawatt-hours (TWh),17222,37241,12114,392,5.55,2625.65,18142.71,1050.08,388.54,-4.71
UK,Africa,Oil,2017,Terawatt-hours (TWh),28837,51304,11511,4008,46.84,3763.93,1718.95,517.77,308.95,-0.1
UK,Asia,Hydro,2021,Terawatt-hours (TWh),22747,49493,391,14520,29.84,2200.26,1043.26,1157.6,336.69,3.38
UK,Africa,Natural Gas,2020,Terawatt-hours (TWh),41152,11852,5210,3796,14.96,773.92,13199.69,1283.33,131.98,8.79
UK,Africa,Hydro,2023,Terawatt-hours (TWh),38892,5718,7669,436,51.7,3984.77,4522.86,327.26,340.31,7.76
UK,Europe,Coal,2023,Terawatt-hours (TWh),25802,20379,13259,13569,5.79,2800.63,6235.69,939.28,163.84,1.13
UK,North America,Wind,2016,Terawatt-hours (TWh),47661,41105,23,16037,6.68,1246.59,14193.17,8.25,230.49,8.27
UK,Africa,Coal,2017,Terawatt-hours (TWh),14599,36301,9588,8097,31.86,2343.03,18766.46,1142.27,251.42,6.51
UK,Africa,Natural Gas,2020,Terawatt-hours (TWh),45367,18122,9949,19862,69.02,3640.4,17311.81,226.8,333.63,-4.5
UK,Africa,Oil,2016,Terawatt-hours (TWh),33790,9282,13138,19839,52.7,2100.77,7587.79,371.4,132.69,8.2
UK,Africa,Wind,2016,Terawatt-hours (TWh),34962,5710,8476,877,26.57,624.96,11960.01,1231.81,190.69,9.6
UK,Europe,Wind,2019,Terawatt-hours (TWh),5337,24863,5648,8738,10.43,1715.2,7894.35,786.09,150.29,3.26
UK,North America,Wind,2020,Terawatt-hours (TWh),32121,10227,1878,6135,53.89,3058.31,14345.27,1261.66,186.96,-2.43
UK,South America,Nuclear,2020,Terawatt-hours (TWh),36631,6099,392,18537,5.82,4777.61,8148.49,684.35,256.14,1.72
UK,South America,Hydro,2021,Terawatt-hours (TWh),35452,35339,4794,14275,9.44,4400.53,9234.1,1232.45,368.93,2.66
UK,Asia,Solar,2017,Terawatt-hours (TWh),40559,3234,11295,12348,31.17,3198.88,17593.01,722.86,267.53,0.12
UK,South America,Wind,2015,Terawatt-hours (TWh),12151,29820,177,18068,65.83,3700.84,4696.79,1075.9,368.76,3.11
UK,Oceania,Oil,2021,Terawatt-hours (TWh),14089,49682,14601,2203,62.26,3560.04,2728.74,1072.39,372.31,5.5
UK,North America,Coal,2016,Terawatt-hours (TWh),3707,50869,14082,1571,25.79,1241.77,14925.68,50.72,125.31,0.92
UK,South America,Oil,2016,Terawatt-hours (TWh),6236,23852,6661,18586,52.59,3615.18,4443.28,1185.38,364.63,9.13
UK,Oceania,Wind,2022,Terawatt-hours (TWh),18160,48571,4688,17597,31.56,344.14,10496.02,662.31,172.21,-4.55
UK,Europe,Wind,2020,Terawatt-hours (TWh),7053,1879,4511,11184,54.61,1624.73,14885.96,1357.64,262.51,8.01
UK,North America,Oil,2024,Terawatt-hours (TWh),33851,22236,2330,1545,29.35,1146.96,10839.14,1005.16,250.13,3.09
UK,South America,Hydro,2024,Terawatt-hours (TWh),9908,5115,12085,4909,38.04,2722.8,4000.04,255.05,367.97,-4.86
UK,Europe,Hydro,2018,Terawatt-hours (TWh),7137,43753,10181,11467,63.44,1565.02,17043.7,811.52,65.03,1.33
UK,South America,Nuclear,2016,Terawatt-hours (TWh),22907,40901,12779,19708,60.35,412.67,24712.28,1155.09,281.18,7.34
UK,Oceania,Natural Gas,2023,Terawatt-hours (TWh),38139,26465,4581,12499,63.64,2828.83,21623.71,1030.72,207.26,-1.89
UK,Asia,Nuclear,2023,Terawatt-hours (TWh),13854,32484,6698,18083,40.83,2793.87,22203.05,1432.84,378.23,-1.83
UK,Africa,Coal,2023,Terawatt-hours (TWh),2620,49887,8756,13455,22.48,1245.29,13244.43,1181.38,358.94,4.26
UK,Asia,Hydro,2020,Terawatt-hours (TWh),22485,46565,3145,14374,34.27,1500.66,5088.49,1370.14,337.84,6.62
UK,Oceania,Solar,2023,Terawatt-hours (TWh),45947,33221,10625,3633,26.99,4501.23,16483.22,1485.47,223.73,2.21
UK,South America,Hydro,2022,Terawatt-hours (TWh),11551,49358,7710,8475,52.31,1726.44,15051.11,952.79,153.65,3.22
UK,Oceania,Wind,2023,Terawatt-hours (TWh),10403,19251,9771,4360,52.33,2205.51,604.67,79.76,320.66,5.89
USA,South America,Hydro,2018,Terawatt-hours (TWh),15227,35435,10957,11956,46.83,3660.42,22121.99,1328.93,159.58,2.92
USA,Oceania,Solar,2019,Terawatt-hours (TWh),34841,42681,5056,18917,28.4,4527.87,2615.3,531.7,260.4,2.02
USA,Europe,Nuclear,2016,Terawatt-hours (TWh),46438,18342,8162,10578,20.05,3548.08,3510.74,638.63,245.03,-4.2
USA,Asia,Coal,2021,Terawatt-hours (TWh),49668,17284,5713,5098,58.16,4961.14,18717.31,992.3,333.05,-0.17
USA,South America,Natural Gas,2024,Terawatt-hours (TWh),2984,23721,3954,18497,37.23,1194.28,18868.69,693.84,88.99,8.6
USA,Asia,Hydro,2024,Terawatt-hours (TWh),4307,21843,5639,9204,59.01,3389.33,16935.24,110.26,355.91,2.51
USA,Oceania,Solar,2016,Terawatt-hours (TWh),31449,13513,9255,9658,41.98,4611.58,10033.18,243.49,286.73,0.86
USA,Oceania,Natural Gas,2018,Terawatt-hours (TWh),35995,2830,5570,9000,49.42,438.8,8069.76,1392.38,85.77,6.77
USA,North America,Wind,2020,Terawatt-hours (TWh),16363,35587,1137,542,20.85,1763.06,11441.89,1326.2,281.16,7.12
USA,Asia,Coal,2022,Terawatt-hours (TWh),3411,24588,4472,15809,16.65,4297.1,19472.16,662.38,256.63,8.51
USA,North America,Oil,2019,Terawatt-hours (TWh),2726,4590,5346,12854,28.37,1162.34,11406.41,297.96,198.4,7.38
USA,Africa,Natural Gas,2021,Terawatt-hours (TWh),32203,39338,208,6826,18.78,2471.35,21260.92,1469.78,162.27,8.96
USA,South America,Hydro,2021,Terawatt-hours (TWh),32269,35791,8458,6795,64.2,396.78,5548.48,1376.66,307.8,6.88
USA,Africa,Nuclear,2018,Terawatt-hours (TWh),2361,18659,1513,9409,15.86,1827.81,18773.23,1458.22,158.46,5.91
USA,South America,Oil,2016,Terawatt-hours (TWh),38797,9115,2344,6241,21.75,3703.35,2442.94,1182.92,390.87,-2.71
USA,North America,Nuclear,2018,Terawatt-hours (TWh),49111,22397,13514,12549,20.14,1398.12,23166.47,754.95,60.63,6.37
USA,North America,Solar,2017,Terawatt-hours (TWh),10691,27875,10176,13319,43.82,2307.96,6412.97,1338.4,351.21,2.41
USA,South America,Oil,2024,Terawatt-hours (TWh),18411,40370,14412,5242,45.83,4519.99,3887.55,340.31,134.79,7.03
USA,Africa,Solar,2023,Terawatt-hours (TWh),35294,5118,12994,14850,23.61,3006.5,8183.99,158.81,344.55,7.12
USA,Europe,Nuclear,2020,Terawatt-hours (TWh),44226,39118,5161,16177,38.57,376.83,3136.43,1255.69,299.9,-4.96
USA,Europe,Solar,2015,Terawatt-hours (TWh),31136,45182,1999,15995,49.79,1340.77,7748.25,120.6,192.34,2.41
USA,North America,Coal,2023,Terawatt-hours (TWh),43376,20358,2435,6180,36.01,1047.49,3688.19,42.15,210.21,4
USA,Oceania,Natural Gas,2021,Terawatt-hours (TWh),33061,45274,10696,5008,6.67,2076.46,14284.25,760.79,173.34,3.72
USA,North America,Oil,2022,Terawatt-hours (TWh),13476,26018,4605,19063,49.92,2829.35,18669.21,946.97,190.14,5.9
USA,Asia,Oil,2016,Terawatt-hours (TWh),22782,22672,6140,1075,61.74,1522.44,2830.4,83.02,50.86,0.1
USA,Europe,Solar,2019,Terawatt-hours (TWh),20165,11451,4680,17386,46.41,760.95,5064.47,687.91,287.72,8.12
USA,Oceania,Nuclear,2015,Terawatt-hours (TWh),44573,29124,5623,8664,20.37,4960.44,12442.36,570.69,370.56,8.04
USA,Oceania,Natural Gas,2016,Terawatt-hours (TWh),40393,44960,10234,15246,19.36,4642.44,16443.25,922.87,255.46,1.51
USA,Europe,Coal,2020,Terawatt-hours (TWh),5793,6501,7277,19986,11.86,3089.82,11834.43,37.59,65.42,0.54
USA,Europe,Solar,2021,Terawatt-hours (TWh),47663,33946,6786,9844,49.17,2737.81,22139.26,1165.1,120.8,-2.82
USA,Asia,Wind,2021,Terawatt-hours (TWh),42240,46892,1202,16326,66.01,3665.07,21449.36,966.73,222.6,-2.66
USA,Europe,Coal,2024,Terawatt-hours (TWh),1445,11023,14858,8354,55.11,4668,3880.41,64.71,225.91,4.72
USA,South America,Coal,2015,Terawatt-hours (TWh),16883,2609,4114,15244,39.39,3536.25,3952.37,514,340.88,-4.35
USA,North America,Wind,2016,Terawatt-hours (TWh),10866,9147,9375,17431,27.97,4645.63,4403.62,1183.59,161.78,8.57
USA,Africa,Oil,2024,Terawatt-hours (TWh),6652,47781,14234,7054,24.93,1417.77,9032.98,878.4,245.54,-2.11
USA,Oceania,Nuclear,2018,Terawatt-hours (TWh),3685,19735,11889,1028,6.39,1610.42,18637.5,864.5,360.63,9.74
USA,Oceania,Solar,2019,Terawatt-hours (TWh),49033,9519,2168,13394,56.54,426.49,16473.9,887.1,270.9,-2.4
USA,Oceania,Oil,2024,Terawatt-hours (TWh),17967,4955,12413,1855,46.03,2802.84,16808.82,496.14,228.81,6.93
USA,South America,Oil,2019,Terawatt-hours (TWh),49740,33015,10199,11966,6.14,1782.68,10644.76,1068.73,226.32,0.01
USA,Asia,Hydro,2018,Terawatt-hours (TWh),10688,17311,2899,16411,34.87,435.89,11419.65,634.07,147.41,6.24
USA,Asia,Coal,2015,Terawatt-hours (TWh),33017,12331,7674,6616,39.65,1162.82,16289,187.63,124.27,-1.36
USA,Africa,Nuclear,2015,Terawatt-hours (TWh),615,49147,8431,17716,5.77,2700.77,2590.57,122.77,202.95,-1.67
USA,North America,Oil,2023,Terawatt-hours (TWh),29494,10395,6210,12564,44.78,2246.63,22150.33,1151.78,60.8,7.16
USA,Asia,Solar,2019,Terawatt-hours (TWh),28705,51218,1328,2768,6.22,4585.75,5431.51,704.54,298.39,-1.24
USA,Oceania,Solar,2022,Terawatt-hours (TWh),43302,23475,7063,4597,11.04,280.01,10890.86,1071.62,206.99,-4.71
USA,Europe,Solar,2021,Terawatt-hours (TWh),46766,27169,4007,6136,36.58,3411.02,14791.92,1364.35,313.35,-2.61
USA,Africa,Nuclear,2020,Terawatt-hours (TWh),5381,45448,2022,9739,20.64,4430.52,16569.33,47.3,53.49,9.31
USA,South America,Nuclear,2018,Terawatt-hours (TWh),41577,29011,1730,3376,42.4,1315.63,21941.33,321.57,77.79,9.1
USA,Africa,Oil,2019,Terawatt-hours (TWh),24226,6064,5110,17007,42.13,853.75,19211.36,493.76,247.84,-1.26
USA,Africa,Wind,2020,Terawatt-hours (TWh),43131,46589,411,10455,5.54,629.78,5605.53,562.49,343.13,4.49
USA,Asia,Wind,2016,Terawatt-hours (TWh),35193,22923,11697,9726,69.33,3606.4,21270.62,488.26,275.37,-0.99
USA,South America,Natural Gas,2017,Terawatt-hours (TWh),32107,11979,7086,9589,43.54,401.89,22597.31,794.21,254.13,5.47
USA,Asia,Hydro,2015,Terawatt-hours (TWh),36893,41925,4843,6345,65.63,3905.6,16920.67,827.84,116.38,5.75
USA,Europe,Hydro,2022,Terawatt-hours (TWh),30035,19157,5047,5941,53.96,1060.87,11492.73,1415.47,284.54,-1.96
USA,Africa,Oil,2024,Terawatt-hours (TWh),9422,19151,14202,17900,48.32,1222.57,21166.27,760.08,268.27,-0.87
USA,Oceania,Coal,2022,Terawatt-hours (TWh),31660,31423,5161,11242,30.47,4596.73,23490.54,797.68,133.67,0.05
USA,North America,Solar,2016,Terawatt-hours (TWh),33659,26236,10623,13606,35.14,4281.84,22507.04,964.19,187.76,-2.78
USA,Africa,Wind,2015,Terawatt-hours (TWh),11435,34501,3584,7421,53.89,866.66,17091.05,1093.87,162.86,-3.53
USA,Africa,Natural Gas,2018,Terawatt-hours (TWh),20610,17425,6977,9640,22.04,2019.43,2311.04,446.7,242.97,3.66
USA,Europe,Solar,2017,Terawatt-hours (TWh),22601,47276,4895,17361,20.44,2547.47,22327.97,898.99,181.56,9.35
USA,Africa,Natural Gas,2022,Terawatt-hours (TWh),27261,51777,9919,13235,31.51,4586.07,20590.38,1097.26,292.31,5.86
USA,Africa,Wind,2021,Terawatt-hours (TWh),23470,45237,8191,298,48.2,2266.33,18798.23,1214.85,281.09,9.08
USA,North America,Hydro,2018,Terawatt-hours (TWh),34216,46516,2048,4814,11.62,4213.44,15324,1028.56,302.68,1.4
USA,Africa,Hydro,2024,Terawatt-hours (TWh),49758,22874,6252,13596,65.06,3468.94,1635.97,179.04,380.9,5.78
USA,North America,Natural Gas,2016,Terawatt-hours (TWh),14231,42591,11678,6085,10.91,1323.78,20662.19,625.29,269.68,9.95
USA,Oceania,Solar,2022,Terawatt-hours (TWh),2923,22043,4684,15371,29.13,4535.52,5563.21,1003.18,267.79,0.95
USA,Africa,Hydro,2023,Terawatt-hours (TWh),18868,42817,4777,337,67.98,1416.42,9104.09,1150.36,332.28,-1.08
USA,Europe,Solar,2019,Terawatt-hours (TWh),40745,33797,11432,13445,13.89,1947.86,9220.14,309.93,162.44,8.43
USA,South America,Nuclear,2020,Terawatt-hours (TWh),6330,20894,4036,18582,39.45,1795.42,8195.19,1070.61,312.02,2.37
USA,North America,Natural Gas,2017,Terawatt-hours (TWh),9943,3847,9556,2177,20.47,1382.65,11681.76,929.01,396.47,4.02
USA,Europe,Hydro,2024,Terawatt-hours (TWh),3309,27556,11793,8727,57.31,3184.84,5916.83,644.46,337.79,4.29
USA,North America,Hydro,2016,Terawatt-hours (TWh),8046,31938,474,9102,50.66,303.87,13371.53,564.47,266.23,6.9
USA,North America,Oil,2020,Terawatt-hours (TWh),6403,7121,9959,583,17.16,425.6,6086.08,461.12,278.03,5.48
USA,Africa,Solar,2021,Terawatt-hours (TWh),11753,45396,10673,18124,47.49,3088.59,9957.05,414.76,388.26,2.2
USA,South America,Oil,2018,Terawatt-hours (TWh),3723,21336,13512,7452,50.51,901.26,7006.87,876.5,109.69,5.23
USA,Oceania,Solar,2016,Terawatt-hours (TWh),23487,36130,9094,10207,62.54,3216.7,8601.81,654.07,306.3,1.79
USA,Europe,Natural Gas,2016,Terawatt-hours (TWh),36565,7820,9245,5014,41.96,1422.01,14222.81,1296.03,82.45,2.64
USA,Asia,Wind,2020,Terawatt-hours (TWh),4496,43806,956,14814,46.41,4731.32,17591.52,264.03,71.19,-1.7
USA,South America,Hydro,2017,Terawatt-hours (TWh),24582,36460,5556,7924,66.88,1431.23,17353.94,638.42,115.33,9.88
USA,Africa,Coal,2023,Terawatt-hours (TWh),40631,4232,9093,11351,37.58,3694.38,16721.91,877.26,365,2.98
USA,North America,Hydro,2022,Terawatt-hours (TWh),18569,27989,12713,9087,58.49,4672.65,8173.04,341.65,164.45,4.11
USA,South America,Solar,2020,Terawatt-hours (TWh),49839,37222,2802,620,51.39,1456.51,16465.46,200.94,158.86,5.72
USA,North America,Coal,2019,Terawatt-hours (TWh),33951,23504,10383,449,51.99,2528.22,2596.68,182.34,236.86,1.39
USA,North America,Coal,2023,Terawatt-hours (TWh),12814,3583,12774,4017,69.59,2860.37,5974.01,951.47,188.26,2.98
USA,Asia,Hydro,2017,Terawatt-hours (TWh),28280,14675,14184,13867,65.72,779.52,8025.05,884.1,318.35,5.98
USA,Asia,Wind,2019,Terawatt-hours (TWh),32736,19193,3097,18669,64.03,84.63,14017.55,1115.27,326.56,-3.83
USA,Asia,Wind,2016,Terawatt-hours (TWh),1536,14584,453,16470,25.6,1464.83,16917.38,649.86,109.59,9.47
USA,North America,Hydro,2018,Terawatt-hours (TWh),48957,2811,5136,3420,23.24,1568.06,13036.44,26.77,280.35,1.53
USA,North America,Nuclear,2019,Terawatt-hours (TWh),25541,13365,2384,1968,45.79,2156.08,19352.99,1387.61,89.13,-4.12
USA,Europe,Oil,2017,Terawatt-hours (TWh),43941,8465,9648,12200,44.97,3077.87,7778.6,642.21,222.49,6.04
USA,Africa,Coal,2022,Terawatt-hours (TWh),5214,3932,8832,18865,27.64,4447.05,2104.07,661.83,274.1,-1.99
USA,Africa,Hydro,2016,Terawatt-hours (TWh),43932,5234,13409,16588,18.87,4664.7,5749.9,1192.42,378.69,2.58
USA,Europe,Nuclear,2023,Terawatt-hours (TWh),42511,2012,4783,3835,48.1,513.47,450.63,663.45,164.78,7.88
USA,South America,Nuclear,2024,Terawatt-hours (TWh),2391,49135,2340,6716,23.3,1324.64,3581.19,16.17,116.1,0.58
USA,Europe,Solar,2023,Terawatt-hours (TWh),22702,38593,705,3113,13.53,1376.72,12049.19,116.89,171.48,4.61
USA,Oceania,Oil,2016,Terawatt-hours (TWh),13357,8756,1934,14765,66.18,1306.81,1365.81,758.95,336.03,-2.77
USA,Asia,Natural Gas,2021,Terawatt-hours (TWh),31960,48615,6996,18480,12.66,626.91,19695.83,1487.16,152.11,2.86
USA,Oceania,Wind,2024,Terawatt-hours (TWh),45527,34661,7056,10606,24.83,2928.61,23036.3,210.62,249.56,3.5
USA,Europe,Wind,2022,Terawatt-hours (TWh),23228,16325,14037,12286,64.75,1596.47,8289.57,418.77,226.03,6.78
USA,Europe,Oil,2023,Terawatt-hours (TWh),12221,20507,11976,7951,30.74,3070.99,24161.32,402.2,127.87,1.93
USA,Africa,Nuclear,2015,Terawatt-hours (TWh),11555,18877,12497,3981,33.47,4361.91,24300.4,1084.44,266.21,6.13
USA,Oceania,Nuclear,2018,Terawatt-hours (TWh),9178,22303,3421,157,52.32,3741.92,5080.23,1348.42,183.52,-4.7
USA,Oceania,Coal,2021,Terawatt-hours (TWh),28487,51013,7446,11913,29.16,2604.06,20133.58,1026.21,67.91,3.66
USA,Africa,Hydro,2015,Terawatt-hours (TWh),11812,29044,8749,16056,16.12,352.52,9759.77,218.12,95.96,4.37
USA,Oceania,Wind,2020,Terawatt-hours (TWh),14127,33881,5965,2922,43.66,1488.84,18868.14,105.55,392.11,5.37
USA,North America,Hydro,2017,Terawatt-hours (TWh),2111,18931,2382,18952,57.95,272.16,24788.12,803.31,292.59,-3.49
USA,Europe,Oil,2024,Terawatt-hours (TWh),30784,44911,5408,19079,48.65,1042.31,6703.5,256.84,74.62,-4.11
USA,Asia,Oil,2019,Terawatt-hours (TWh),14206,12522,7285,2052,19.28,3242.77,14054.22,1329.41,171.15,7.97
USA,North America,Wind,2023,Terawatt-hours (TWh),39712,6573,2419,25,16.16,1269.21,3576.15,366.3,379.04,8.5
USA,Europe,Oil,2023,Terawatt-hours (TWh),20941,24316,7548,14371,23.9,2468.16,16705.72,463.47,373.82,1.81
USA,South America,Oil,2022,Terawatt-hours (TWh),45847,19969,6180,17766,8.55,409.44,17668.37,1432.22,301.91,2.68
USA,Oceania,Natural Gas,2024,Terawatt-hours (TWh),8658,47203,7794,8198,8.61,533.31,16062.72,1254.82,74.34,6.47
USA,Asia,Wind,2020,Terawatt-hours (TWh),46795,49747,743,14905,54.42,4611.27,3341.15,813.23,247.69,-3.62
USA,Asia,Oil,2019,Terawatt-hours (TWh),30831,31532,6162,5506,60.56,852.43,17080.86,360.91,291.16,3.96
USA,Asia,Natural Gas,2017,Terawatt-hours (TWh),15459,31111,57,8494,48.43,1458.29,9992.11,379.07,320.58,2.38
USA,Oceania,Coal,2016,Terawatt-hours (TWh),40106,31791,13209,11720,69.6,4335.09,7603.57,1422.8,127.96,3.89
USA,Oceania,Coal,2017,Terawatt-hours (TWh),45128,10296,8969,2169,23.56,1654.91,18288.73,1181.75,127.34,7.28
USA,Oceania,Oil,2022,Terawatt-hours (TWh),12970,1683,10740,11611,68.51,1767.29,11183.83,897.68,135.14,7.22
USA,North America,Oil,2015,Terawatt-hours (TWh),26750,15714,9512,1656,12.16,752.09,23179.29,926.62,363.96,-0.9
USA,Africa,Nuclear,2017,Terawatt-hours (TWh),48013,46836,8670,17810,5.81,1856,4390.08,1004.1,342.99,-4.46
USA,Africa,Solar,2022,Terawatt-hours (TWh),4360,24051,14936,2563,44.91,4606.62,441.1,159.49,59.61,5.9
USA,North America,Hydro,2024,Terawatt-hours (TWh),25218,10476,9756,18784,58.56,1942.28,16684.33,76.42,374.38,-0.83
USA,South America,Coal,2018,Terawatt-hours (TWh),3737,51584,623,9275,41.82,150.62,20577.09,1331.68,160.94,-4.73
USA,Europe,Nuclear,2024,Terawatt-hours (TWh),22373,32613,9168,6740,39.1,1820.82,12751.06,642.09,83.29,9.93
USA,Asia,Oil,2019,Terawatt-hours (TWh),14832,17755,2492,5468,50.19,664.9,1377.44,922.67,185.42,0.73
USA,Africa,Coal,2016,Terawatt-hours (TWh),22143,30517,14088,3350,36.44,3737.09,3882.83,907.04,305.89,9.51
USA,Asia,Hydro,2018,Terawatt-hours (TWh),43023,3817,1482,2529,53.64,177.3,6320.4,1312.25,347.05,3.56
USA,Oceania,Coal,2023,Terawatt-hours (TWh),8354,15894,7285,8105,67.37,2209.62,10996.13,268.8,70.55,-4.17
USA,Asia,Nuclear,2019,Terawatt-hours (TWh),29904,29203,9014,6401,49.23,2883.94,15866.84,21.99,391.45,0.63
USA,North America,Solar,2024,Terawatt-hours (TWh),17901,38841,8652,18445,49.03,3997.73,24028.24,1064.51,393.89,1.73
USA,North America,Coal,2015,Terawatt-hours (TWh),12471,44727,5291,15859,15.07,4333.29,2626.73,723.95,272.53,4.49
USA,South America,Natural Gas,2016,Terawatt-hours (TWh),17065,27909,4469,3883,62.49,463.81,516.31,936.45,227.69,-3.26
USA,South America,Wind,2016,Terawatt-hours (TWh),16787,49451,7344,1128,12.16,648.96,10473.2,650.5,93.93,2.45
USA,North America,Natural Gas,2017,Terawatt-hours (TWh),14163,38093,5068,8324,42.22,1260.09,5618.09,811.29,56.45,9.8
USA,North America,Oil,2015,Terawatt-hours (TWh),26289,35681,8498,5434,59.99,2949.69,22785.09,1472.75,344.03,7.87
USA,Asia,Natural Gas,2016,Terawatt-hours (TWh),26591,51060,5976,16489,30.63,3305.8,17845.94,1063.69,340.17,-0.3
USA,Oceania,Natural Gas,2016,Terawatt-hours (TWh),1616,11763,2955,12138,67.09,1190.54,6654.19,943.16,163.49,1.75
USA,Oceania,Oil,2022,Terawatt-hours (TWh),3505,26641,7967,2345,17.31,297,16116.46,627.33,140.87,-3.51
USA,North America,Coal,2019,Terawatt-hours (TWh),576,31669,10998,16662,19.43,4681.79,309.02,1081.96,230.85,8.05
USA,Asia,Oil,2018,Terawatt-hours (TWh),25647,48659,12578,12253,9.59,4329.77,15510.33,1427.43,273.34,7.4
USA,Asia,Wind,2023,Terawatt-hours (TWh),10115,48926,13549,10001,40.66,120.12,24003.89,845.78,135.46,2.55
USA,North America,Oil,2023,Terawatt-hours (TWh),13981,23624,8451,5128,10.71,4821.27,2511.27,1177.12,160.83,-1.79
USA,Africa,Oil,2024,Terawatt-hours (TWh),28990,30487,10740,3614,32.07,1607.13,16057.85,64.59,309.99,0.9
USA,Africa,Wind,2022,Terawatt-hours (TWh),48441,21722,11343,18306,14.22,4238.25,14642.86,100.68,111.78,5.4
USA,Oceania,Solar,2023,Terawatt-hours (TWh),15633,22901,7199,18121,45.28,2129.32,19073.48,557.71,184.67,5.57
USA,Asia,Natural Gas,2017,Terawatt-hours (TWh),14146,50934,5642,12812,19.21,4172.94,14545.05,252.43,152.21,1
USA,Asia,Coal,2017,Terawatt-hours (TWh),27453,43140,14167,15105,5.14,1248.46,13358.16,755.2,295.46,-0.37
USA,South America,Oil,2022,Terawatt-hours (TWh),19284,34458,1463,5570,8.67,2188.79,1299.65,833.97,355.9,2.03
USA,Asia,Hydro,2020,Terawatt-hours (TWh),15605,32974,181,1240,20.56,1897.69,19580.91,1279.76,296.45,-4.87
USA,South America,Coal,2023,Terawatt-hours (TWh),653,51549,6000,4159,32.88,4673.16,11803.91,610.56,224.64,-3.67
USA,North America,Solar,2020,Terawatt-hours (TWh),28163,19588,11613,17696,63.35,1170.88,8732.85,718.86,249.37,5.37
USA,Europe,Nuclear,2015,Terawatt-hours (TWh),20345,8004,6596,16279,11.51,466.43,10189.53,1241.72,303.43,7.13
USA,Asia,Hydro,2020,Terawatt-hours (TWh),32501,40996,3580,12533,38.43,3965.17,23064.49,1465.87,250.79,9.4
USA,Asia,Wind,2019,Terawatt-hours (TWh),14742,11845,4553,8995,55.19,4443.32,7438.21,1351.33,127.17,8.43
USA,Europe,Oil,2016,Terawatt-hours (TWh),32242,21460,10984,18803,11.03,3484.04,23395.67,1432.25,183.16,-2.08
USA,Africa,Solar,2020,Terawatt-hours (TWh),693,21805,12934,4949,42.42,1369.17,12266,326.7,79.58,7.37
USA,Africa,Coal,2019,Terawatt-hours (TWh),47421,19571,6053,5224,6.4,2718.37,5600.21,270.86,304.67,7.54
USA,Oceania,Nuclear,2020,Terawatt-hours (TWh),36794,5208,6099,9137,48.85,4847.45,22735.21,381.77,241.21,-0.9
USA,Africa,Solar,2022,Terawatt-hours (TWh),21505,23584,4808,2283,28.8,2269.58,8692.16,1035.02,345.91,1.75
USA,Europe,Nuclear,2017,Terawatt-hours (TWh),49460,11724,4483,1023,44.44,800.82,14226.65,1076.06,213.98,5.81
USA,Asia,Coal,2022,Terawatt-hours (TWh),32119,15891,6971,15437,37.78,3291.22,14982.19,634.78,233.03,8.69
USA,Asia,Coal,2015,Terawatt-hours (TWh),7670,6207,12355,18044,45,4299.51,11283,53.24,322.37,-1.28
USA,South America,Solar,2023,Terawatt-hours (TWh),30468,15259,14873,903,36.87,2405.09,12323.2,1006.78,305.98,-3.76
USA,Oceania,Solar,2015,Terawatt-hours (TWh),18817,21256,10535,9974,39.57,4383.51,21315.81,1324.25,204.16,9.13
USA,Asia,Hydro,2023,Terawatt-hours (TWh),21937,748,3202,538,12.1,158.78,17287.33,1183.38,368.76,5.88
USA,Africa,Hydro,2019,Terawatt-hours (TWh),23503,44429,388,18556,13.12,1591.4,1227.85,1439.85,229.06,2.9
USA,Africa,Hydro,2024,Terawatt-hours (TWh),7945,23667,7840,3713,7.27,1325.37,16386.87,1403.31,147.1,-2.6
USA,Africa,Natural Gas,2017,Terawatt-hours (TWh),7090,50475,3592,19167,32.12,4289.73,5549.98,639.17,176.56,2.47
USA,Asia,Nuclear,2015,Terawatt-hours (TWh),12594,4921,5222,6055,58.29,620.63,18886.44,1054.14,134.35,2.05
USA,North America,Hydro,2017,Terawatt-hours (TWh),16086,48348,6327,12539,24.47,3667.34,15009.37,564.68,337.01,2.21
USA,South America,Hydro,2021,Terawatt-hours (TWh),29464,20186,13694,10654,65.01,3328.93,3068.88,698.55,78.79,-4.17
USA,South America,Coal,2018,Terawatt-hours (TWh),11956,15729,14680,4412,67.48,2278.32,19475.66,1209.58,268.34,6.7
USA,North America,Natural Gas,2017,Terawatt-hours (TWh),22045,41053,12762,4827,45.59,3296.53,20818.97,582.06,335.37,2.21
USA,Africa,Nuclear,2019,Terawatt-hours (TWh),21142,47858,1778,2994,69.15,1713.21,2997.14,1351.21,232.59,-4.74
USA,Europe,Oil,2019,Terawatt-hours (TWh),2165,23137,1147,11070,15.67,4259.94,20232.09,11.75,241.04,1.7
USA,Africa,Natural Gas,2024,Terawatt-hours (TWh),7844,45424,1326,9964,13.72,391.22,18110.04,316.8,350.6,0.79
USA,Africa,Hydro,2023,Terawatt-hours (TWh),23498,8887,8483,1358,22.02,571.25,4163.97,406.74,123.55,-2.38
USA,North America,Oil,2016,Terawatt-hours (TWh),28495,32355,7081,12398,51.55,4627.27,2212.64,73.53,200,3.96
USA,Europe,Wind,2016,Terawatt-hours (TWh),43909,560,5269,13494,51.6,2572.39,2913.12,404.86,377.73,9.07
USA,Europe,Solar,2015,Terawatt-hours (TWh),33492,23294,14132,4174,58.72,857.52,17138.86,1406.46,252.92,8.91
USA,Oceania,Solar,2021,Terawatt-hours (TWh),20026,47300,12484,16476,53.26,815.3,112.88,509.44,50.11,-0.57
USA,Asia,Wind,2017,Terawatt-hours (TWh),18628,39950,14180,16767,52.4,3629.46,672.07,1116.3,271.47,-3.42
USA,Oceania,Oil,2021,Terawatt-hours (TWh),4394,51169,6138,13494,14.71,649.59,17550.27,294.02,68.87,4.42
USA,North America,Natural Gas,2020,Terawatt-hours (TWh),35411,35752,201,17072,65.52,4511.74,12274.37,522.7,340.27,-0.39
USA,North America,Nuclear,2018,Terawatt-hours (TWh),45767,3604,13304,6149,16.49,3430.74,11199.11,764.34,258.32,-4.01
USA,Europe,Oil,2022,Terawatt-hours (TWh),30937,34573,425,12134,41.85,3969.92,3089.1,345.5,130.49,5.5
USA,South America,Wind,2020,Terawatt-hours (TWh),3371,4574,14316,899,26.48,206.86,21167.78,1179.38,150.87,2.14
USA,Oceania,Wind,2019,Terawatt-hours (TWh),37875,41910,4106,652,37.69,3634.15,11173.23,540.86,341.31,-0.02
USA,Africa,Solar,2022,Terawatt-hours (TWh),46241,25795,3703,982,28.19,1540.83,10993.03,1078.8,231.82,-4.67
USA,Africa,Coal,2016,Terawatt-hours (TWh),23648,34834,3481,8524,68.27,1136.02,7810.28,698.74,387.41,5.75
USA,North America,Coal,2019,Terawatt-hours (TWh),43324,43252,1758,13766,43.54,1253.55,15009.59,1030.67,285.03,0.13
USA,Asia,Nuclear,2016,Terawatt-hours (TWh),3228,22719,14921,9597,33.56,4579.17,12422.79,66.83,179.32,8.44
USA,South America,Nuclear,2024,Terawatt-hours (TWh),32068,20511,2085,7827,15.82,3505.7,19909.95,420.4,143.22,9.31
USA,Europe,Hydro,2015,Terawatt-hours (TWh),23635,51934,4323,17066,69.78,4347.07,14167.43,1258.88,326.79,9.1
USA,North America,Nuclear,2020,Terawatt-hours (TWh),10887,20038,13388,5168,28.74,4059.93,24580.83,446.1,281.53,-0.1
USA,Asia,Natural Gas,2024,Terawatt-hours (TWh),31206,31452,5335,5183,36.99,4804.76,14319.25,618.42,362.9,9.59
USA,South America,Nuclear,2021,Terawatt-hours (TWh),33140,24672,8687,11198,30.06,487.77,3186.67,70.75,223.02,4.38
USA,Europe,Coal,2023,Terawatt-hours (TWh),32186,11736,5970,2136,30.83,977.12,2869.75,1038.52,317.64,-3.57
USA,Europe,Solar,2016,Terawatt-hours (TWh),42880,18078,13348,12960,36.83,4038.3,18685.13,826.21,368.62,-1.98
USA,Asia,Natural Gas,2015,Terawatt-hours (TWh),22807,19625,5502,7421,46.2,3418.94,16130.37,217.44,280.2,0.87
USA,Europe,Nuclear,2015,Terawatt-hours (TWh),10841,38884,10809,1457,28.01,3406.73,6070.35,771.8,109.02,-3.75
USA,Asia,Hydro,2024,Terawatt-hours (TWh),34102,46355,5599,17989,47.68,4730.83,1980.29,556.09,299.08,9.35
USA,South America,Nuclear,2016,Terawatt-hours (TWh),15809,44345,4073,5408,47.14,3902.99,20062.36,806.5,210.24,-1.08
USA,Asia,Solar,2022,Terawatt-hours (TWh),42062,43282,2894,753,37.22,1323.75,23350.8,1231.67,268.41,-1.63
USA,South America,Wind,2020,Terawatt-hours (TWh),31149,18923,1971,16855,29.18,2796.52,6423.74,109.16,110.07,-1.71
USA,North America,Nuclear,2020,Terawatt-hours (TWh),25368,31652,12768,7877,16.06,2205.07,22942.83,305.29,331.93,9.26
USA,Africa,Nuclear,2017,Terawatt-hours (TWh),5702,20474,10205,14797,53.35,1485.22,10812.61,362.7,224.91,7.53
USA,South America,Wind,2024,Terawatt-hours (TWh),31738,15403,592,4983,38.89,1285.82,23159.69,1164.98,280.55,-1.04
USA,Africa,Oil,2017,Terawatt-hours (TWh),33044,41682,4292,18724,43.14,3412.34,20485.53,1073.47,363.7,-1.41
USA,Oceania,Nuclear,2022,Terawatt-hours (TWh),32083,16575,11003,19904,44.37,2432.99,14090.2,1474.49,369.35,7.72
USA,North America,Natural Gas,2023,Terawatt-hours (TWh),36118,35455,12890,7973,21.88,2629.19,15921.98,333.23,172.02,-0.72
USA,South America,Nuclear,2019,Terawatt-hours (TWh),14403,31910,4467,6594,21.5,2545.78,8527.35,1445.78,288.16,1.73
USA,North America,Nuclear,2015,Terawatt-hours (TWh),41334,21217,9342,4217,11.82,1246.4,23384.97,834.89,282.58,4.24
USA,North America,Hydro,2018,Terawatt-hours (TWh),14392,50123,14623,7882,6.86,4441.69,12581.16,1422.39,380.27,-4.44
USA,Oceania,Solar,2024,Terawatt-hours (TWh),9189,11063,12707,13086,7.61,252.42,18969.36,1216.51,214.04,4.32
USA,Africa,Nuclear,2023,Terawatt-hours (TWh),28563,14367,12159,12748,10.17,4926.87,4829.03,990.68,155.88,-3.96
USA,North America,Oil,2016,Terawatt-hours (TWh),10904,8001,2963,3487,37.71,2316.83,6978.16,1140.38,268.46,-3.02
USA,Africa,Wind,2017,Terawatt-hours (TWh),49055,50523,13218,2117,39.07,776.65,22498.97,686.51,223.4,4.75
USA,Europe,Hydro,2016,Terawatt-hours (TWh),18299,4402,8135,11283,48.83,4813.41,14384.51,600.92,174.55,-1.06
USA,Africa,Solar,2020,Terawatt-hours (TWh),27951,45685,7569,8846,65.03,4079.17,10538.82,810.36,153.82,-0.13
USA,Europe,Coal,2024,Terawatt-hours (TWh),11007,18719,13207,16743,59.97,2957.2,13451.98,595.25,312.79,5.33
USA,South America,Natural Gas,2020,Terawatt-hours (TWh),20047,12176,3556,11111,27.84,4963.56,17058.24,1130.17,260.88,4.25
USA,Oceania,Nuclear,2018,Terawatt-hours (TWh),30583,35091,8051,9425,23.52,1086.93,7508.6,21.61,354.95,7.49
USA,Europe,Oil,2018,Terawatt-hours (TWh),38482,40772,8366,1535,16.28,719.17,1318.87,193.31,396.34,-1.57
USA,Oceania,Nuclear,2024,Terawatt-hours (TWh),34285,10574,1793,16262,26.74,2080.18,6323.53,270.03,206.91,3.63
USA,Africa,Natural Gas,2015,Terawatt-hours (TWh),36187,30552,3735,9729,49.16,452.19,5728.18,9.83,285.92,6.04
USA,Europe,Hydro,2024,Terawatt-hours (TWh),34083,24707,5436,2040,56.64,98.86,5767.02,1146.51,246.86,6.47
USA,Oceania,Coal,2022,Terawatt-hours (TWh),5234,23864,3023,15058,19.02,897.4,5018.32,398.78,319.49,-4.66
USA,North America,Solar,2019,Terawatt-hours (TWh),19233,41996,13580,6242,11.93,2608.59,19503.58,1102.07,388.31,1.04
USA,Oceania,Hydro,2024,Terawatt-hours (TWh),2424,40190,13201,7885,66.99,356.74,4280.49,555.9,152.94,9.39
USA,Africa,Solar,2024,Terawatt-hours (TWh),15852,23955,11848,5745,49.41,600.65,22327.84,855.67,150.61,2.41
USA,Asia,Oil,2023,Terawatt-hours (TWh),47056,5157,11951,10473,56.27,4244.14,665.23,76.53,324.23,1.75
USA,Asia,Coal,2024,Terawatt-hours (TWh),21372,34235,1959,13484,16.58,4775.4,2057.25,120.93,198.45,4.74
USA,Africa,Solar,2020,Terawatt-hours (TWh),5783,8862,13526,7188,47.03,2755.17,4344.33,388.82,54.44,-3.23
USA,Oceania,Nuclear,2019,Terawatt-hours (TWh),13479,13736,11759,14176,33.02,479.38,17448.17,1374.58,82.79,8.39
USA,Europe,Coal,2019,Terawatt-hours (TWh),23265,26700,4212,14202,49.24,2932.79,19300.07,190.31,260.76,5.63
USA,Europe,Natural Gas,2020,Terawatt-hours (TWh),10578,47492,8827,7642,9.85,4953.15,271.39,36.88,262.22,-2.82
USA,Africa,Coal,2015,Terawatt-hours (TWh),30343,20857,10545,15180,55.18,4940.05,22216.26,457.2,389.73,3.02
USA,Oceania,Wind,2021,Terawatt-hours (TWh),16487,38826,8083,17673,47.92,4486.65,4562.16,1174.76,332.58,7.65
USA,South America,Oil,2022,Terawatt-hours (TWh),46904,4109,9000,1287,22.24,791.56,21562,358.06,359.75,-3.32
USA,Asia,Wind,2023,Terawatt-hours (TWh),16590,25826,12929,1613,69.15,4488.78,9352.59,999.98,334.56,-4.71
USA,North America,Solar,2018,Terawatt-hours (TWh),40949,25951,12908,12170,37.76,191.18,13437.3,1112.64,164.12,-1.8
USA,Africa,Coal,2020,Terawatt-hours (TWh),40340,22807,2727,18228,62.95,2329.86,5872.09,693.27,362.56,-3.61
USA,Asia,Natural Gas,2016,Terawatt-hours (TWh),48791,44093,6992,15701,48.95,1531.42,2122.53,831.44,234.98,1.03
USA,South America,Coal,2024,Terawatt-hours (TWh),36236,27023,4690,5730,13.24,1065.65,8952.83,931.44,227.85,1.68
USA,Europe,Hydro,2021,Terawatt-hours (TWh),24818,20644,3682,10861,65.8,2247.13,7381.36,427.99,102.18,2.45
USA,Africa,Oil,2022,Terawatt-hours (TWh),47638,6811,9375,732,33.18,2560.96,14913.52,357.24,287.27,-4.07
USA,South America,Oil,2024,Terawatt-hours (TWh),5868,32002,6659,7313,41.17,1559.48,13009.56,204.24,157.4,-4.68
USA,Asia,Oil,2021,Terawatt-hours (TWh),4108,4452,3424,10503,66.35,68.74,5808.14,1235.2,132.81,2.08
USA,North America,Oil,2024,Terawatt-hours (TWh),42846,1078,10063,17141,19.52,1110.37,3829.65,1154.2,274.79,0.94
USA,South America,Oil,2022,Terawatt-hours (TWh),2046,39294,3067,1807,61.82,361.99,9105.45,371.74,282.62,-0.06
USA,North America,Natural Gas,2020,Terawatt-hours (TWh),46065,28193,8821,13377,37.43,4921.56,22979.39,1341.17,387.07,-1.85
USA,Asia,Oil,2022,Terawatt-hours (TWh),21959,44918,12745,18263,69.69,62.52,15543.3,64.66,347.91,5.7
USA,North America,Nuclear,2020,Terawatt-hours (TWh),45871,42420,13235,6773,20.39,2799.35,19920.68,814.99,158.06,6.81
USA,Oceania,Hydro,2017,Terawatt-hours (TWh),45101,7578,13751,16580,47.78,1080.53,3675.18,41.69,354.81,5.65
USA,North America,Oil,2024,Terawatt-hours (TWh),1385,24949,11544,19374,25,4981.17,9037.64,554.74,120.09,-1.8
USA,North America,Hydro,2022,Terawatt-hours (TWh),24818,15841,12570,1552,51.5,1801.3,7958.35,18.9,83.45,2.13
USA,Asia,Nuclear,2016,Terawatt-hours (TWh),49166,4182,11239,16505,35.13,84.53,18478.66,281.53,299.67,0.85
USA,North America,Oil,2021,Terawatt-hours (TWh),2469,27749,11861,19179,44.61,4623.84,15862.26,1323.69,204.45,2.01
USA,Asia,Wind,2022,Terawatt-hours (TWh),21336,37042,11970,5744,28.21,4857.13,12196.45,754.95,248.31,1.4
USA,South America,Oil,2019,Terawatt-hours (TWh),43961,25994,3481,9233,42.79,4605.01,11522.21,134.29,158.07,-1.7
USA,Europe,Oil,2024,Terawatt-hours (TWh),44052,51752,3474,10937,32.97,576.43,23986.53,288.48,384.81,0.59
USA,Europe,Nuclear,2019,Terawatt-hours (TWh),42897,35509,7931,6865,43.41,2756.11,20353.96,795.58,360.42,3.19
USA,North America,Solar,2022,Terawatt-hours (TWh),29718,35006,11968,10715,53.64,1449.86,14212.65,662.36,380.07,8.67
USA,Asia,Hydro,2015,Terawatt-hours (TWh),45367,44637,7323,7684,57.6,4616.65,3190.11,408.45,371.04,2.36
USA,North America,Coal,2022,Terawatt-hours (TWh),12235,12219,12884,8822,26.73,856.11,21240.14,1142.64,316.34,8.65
USA,North America,Oil,2018,Terawatt-hours (TWh),36355,12591,6486,7811,61.25,1925.92,6148.27,1433.48,382.38,6.49
USA,South America,Wind,2015,Terawatt-hours (TWh),40776,48433,12727,11905,47.08,2981.27,10180.41,1412.84,301.53,8.9
USA,Europe,Hydro,2024,Terawatt-hours (TWh),27290,5026,2612,5673,57.09,3961.68,19437.3,584.83,200.8,1.44
USA,Africa,Oil,2017,Terawatt-hours (TWh),19820,47953,2263,19440,25.15,3279.22,17674.08,926.07,350.66,-0.25
USA,South America,Solar,2017,Terawatt-hours (TWh),19737,18281,1882,1989,23.47,3953.62,4512.6,25.53,391.24,9.74
USA,Asia,Nuclear,2019,Terawatt-hours (TWh),1750,17625,7531,18904,13.51,4990.28,18920.43,191.33,103.69,9.13
USA,Asia,Natural Gas,2015,Terawatt-hours (TWh),7232,15075,12973,932,46.37,4932.41,13282.4,751,106.45,9.27
USA,Africa,Coal,2020,Terawatt-hours (TWh),4233,9773,7015,13118,49.49,3285.57,63.17,1411.87,398.57,-4.31
USA,Africa,Natural Gas,2015,Terawatt-hours (TWh),14208,8599,9851,12918,54.13,1071.59,21609.61,1166.18,233.82,6.05
USA,South America,Natural Gas,2020,Terawatt-hours (TWh),28590,27495,11420,12513,15.68,2212.22,2441.16,110.64,355.5,5.3
USA,North America,Natural Gas,2015,Terawatt-hours (TWh),26234,11963,2281,16133,15.13,1135.34,23431.6,578.47,361.06,-4.08
USA,Africa,Oil,2017,Terawatt-hours (TWh),25221,5984,6822,17427,59.29,2265.37,21235.9,743.02,81.18,0.46
USA,Asia,Wind,2016,Terawatt-hours (TWh),28177,25085,13181,17669,9.35,1960.29,2387.64,41.69,162.86,5.69
USA,Africa,Nuclear,2015,Terawatt-hours (TWh),48696,43366,11988,7870,9.56,4661.66,18223.19,671.78,125.61,5.32
USA,North America,Wind,2021,Terawatt-hours (TWh),8414,18611,5378,677,63.93,4431.79,2435.47,1483.99,152.58,0.68
USA,Oceania,Nuclear,2016,Terawatt-hours (TWh),28117,36936,9773,11592,55.37,2705.11,10920,589.99,123.55,5.51
USA,South America,Coal,2017,Terawatt-hours (TWh),34308,38632,14637,8043,35.68,3786.96,3235.88,1407.86,58.53,-3.45
USA,South America,Wind,2024,Terawatt-hours (TWh),8488,17705,14932,18624,10.13,3917.85,23915.45,1115.98,360.69,2.89
USA,South America,Natural Gas,2015,Terawatt-hours (TWh),28063,48409,10301,13831,37.23,278.03,18295.6,1499.65,236.83,3.34
USA,Oceania,Natural Gas,2020,Terawatt-hours (TWh),23531,11416,4058,8283,29.96,253.82,21546.11,432.61,298.76,3.92
USA,South America,Hydro,2017,Terawatt-hours (TWh),20025,41147,5819,10909,22.29,1561.9,9005.38,701.04,356.8,-4.17
USA,Africa,Nuclear,2019,Terawatt-hours (TWh),22168,25843,4189,6879,20.51,860.96,19909.36,885.09,347.81,-2.17
USA,North America,Natural Gas,2024,Terawatt-hours (TWh),6078,12513,6254,11575,16.09,4752.02,21904.75,488.2,259.79,-3.63
USA,Asia,Wind,2023,Terawatt-hours (TWh),30168,33981,12162,7374,39.19,3945.39,5117.22,1270.53,151.53,5.6
USA,Asia,Oil,2017,Terawatt-hours (TWh),12677,47967,7383,2519,54.63,2918.13,21139.71,962.95,374.81,-2.31
USA,South America,Wind,2021,Terawatt-hours (TWh),45731,4525,12658,16854,53.26,250.71,15066.22,647.6,253.36,-0.34
USA,Oceania,Solar,2018,Terawatt-hours (TWh),7571,47580,11223,13452,18.49,2844.65,926.71,1327.55,390.72,8.56
USA,Oceania,Coal,2016,Terawatt-hours (TWh),40786,7586,10013,18850,36.57,2818.81,6056.06,1339.77,76.05,7.46
USA,Africa,Wind,2024,Terawatt-hours (TWh),34576,51739,5099,19143,31.48,4604.59,23866.88,502.15,77.56,9.59
USA,Asia,Hydro,2022,Terawatt-hours (TWh),6958,6656,1766,17663,16.44,3995.6,10912.61,1073.67,364.16,2.42
USA,South America,Wind,2022,Terawatt-hours (TWh),9760,19004,4037,4038,42.98,1798.91,5919.32,1441.62,291.55,2.09
USA,Europe,Natural Gas,2022,Terawatt-hours (TWh),3935,26190,11245,12453,56.87,3246.2,1629.15,902.53,169.66,-4.34
USA,Europe,Hydro,2020,Terawatt-hours (TWh),45937,22587,14834,10284,57.47,1669.72,4798.46,629.72,368.67,4.78
USA,Oceania,Oil,2016,Terawatt-hours (TWh),17143,8456,10764,18826,38.29,3597.22,20292.84,1410.78,175.64,0.83
USA,Europe,Natural Gas,2022,Terawatt-hours (TWh),14887,23807,8096,2666,16.21,4071.83,7492.03,1007.8,361.08,-1.37
USA,Oceania,Solar,2024,Terawatt-hours (TWh),31990,23351,3483,17668,61.72,971.11,1186.44,1402.66,62.19,-4.31
USA,Asia,Wind,2019,Terawatt-hours (TWh),11536,51773,4779,6339,21.05,4366.44,22168.63,779.95,388.94,3.49
USA,North America,Natural Gas,2018,Terawatt-hours (TWh),18559,15065,1324,13758,5.19,1429.43,6692.31,1239.21,381.66,3.11
USA,Oceania,Coal,2020,Terawatt-hours (TWh),33555,26776,9404,18608,64.96,1191.45,14073.51,582.51,335.39,9.3
USA,Oceania,Oil,2023,Terawatt-hours (TWh),2816,20257,5937,14156,6.11,1358.1,4211.88,1461.68,146.54,-2.8
USA,South America,Coal,2017,Terawatt-hours (TWh),25002,18728,9766,17337,20.11,2596.29,22236.02,1299.79,200.46,-4.12
USA,Oceania,Coal,2015,Terawatt-hours (TWh),24815,8230,4269,5742,15.03,876.06,9247.28,972.34,62.47,4.09
USA,Africa,Solar,2015,Terawatt-hours (TWh),36791,24285,1354,18891,48.27,2801.55,2679.63,1258.39,245.32,-1.39
USA,Africa,Natural Gas,2015,Terawatt-hours (TWh),5924,6695,3400,12798,29.85,261.56,1614.03,608.16,152.75,2.61
USA,North America,Solar,2020,Terawatt-hours (TWh),3639,19806,7246,1844,5.21,1834.96,8762.24,1465.53,124.85,-1.46
USA,North America,Solar,2015,Terawatt-hours (TWh),31132,35385,12739,1691,29.9,4108.58,1501.02,846.87,372.07,4.28
USA,South America,Wind,2023,Terawatt-hours (TWh),37343,15099,11102,5704,5.79,864.26,4751.25,124.48,126.73,-1.14
USA,South America,Wind,2019,Terawatt-hours (TWh),41270,50896,9702,11715,53.09,950.1,4530.9,1345.06,151.56,-3.07
USA,North America,Natural Gas,2022,Terawatt-hours (TWh),46358,49528,2419,3479,46.11,4436.85,5843.68,43.84,116.58,-3.16
USA,Asia,Oil,2020,Terawatt-hours (TWh),17256,19543,13518,8757,42.21,4360.66,23842.29,232.79,315.88,0.3
USA,Oceania,Coal,2021,Terawatt-hours (TWh),44541,22231,12518,16900,23.77,335,18781.71,851.64,150.57,2.31
USA,Africa,Wind,2021,Terawatt-hours (TWh),27828,47388,9946,11474,7,3973.47,21128.05,733.99,66.53,3.64
USA,Africa,Oil,2023,Terawatt-hours (TWh),42540,13221,610,12980,50.82,1591.02,343.71,414.45,205.52,1.3
USA,North America,Natural Gas,2017,Terawatt-hours (TWh),17706,27953,7750,4194,7.77,4692.96,16928.75,1237.17,253.55,7.25
USA,South America,Oil,2022,Terawatt-hours (TWh),5314,47578,510,3505,13.26,686.92,21069.14,418.63,175.47,-2.61
USA,North America,Coal,2022,Terawatt-hours (TWh),4576,1463,6162,3602,50.21,447.37,20469.59,1064.19,374.51,7.45
USA,Europe,Oil,2018,Terawatt-hours (TWh),13256,4469,12014,7088,30.92,526.54,11878.82,894.49,316.45,-1.41
USA,Asia,Nuclear,2017,Terawatt-hours (TWh),14762,16004,10571,1624,25.52,530.63,2189.81,364.14,269.16,3.35
USA,Asia,Natural Gas,2018,Terawatt-hours (TWh),3370,9763,6742,14397,14.19,4170.84,4726.97,164.23,142.47,8.08
USA,Oceania,Nuclear,2017,Terawatt-hours (TWh),46306,44521,11443,16621,46.51,2542.7,19912.9,219.61,160.11,-3.83
USA,North America,Wind,2016,Terawatt-hours (TWh),2705,32893,918,5940,11.96,2490.75,1468.75,19.77,318.1,3.53
USA,Oceania,Coal,2017,Terawatt-hours (TWh),13633,16118,11997,12049,28.28,4601.56,24991.82,242.58,327.87,-3.13
USA,Oceania,Solar,2016,Terawatt-hours (TWh),41277,35869,4554,14166,52.61,2867.92,732.73,567.94,61.66,8.51
USA,Asia,Hydro,2019,Terawatt-hours (TWh),24658,4136,5191,13382,66.64,1945.18,4328.2,1404.97,365.66,-3.41
USA,Asia,Coal,2017,Terawatt-hours (TWh),30534,44812,7419,6119,14.19,415.54,16616.99,1491.58,226.99,4.54
USA,South America,Solar,2022,Terawatt-hours (TWh),48282,37418,11893,11441,35.45,4675.11,10730.61,1008.87,222.65,2.51
USA,North America,Oil,2021,Terawatt-hours (TWh),14230,26004,6785,19733,45.64,3299.63,12733.12,1361.26,160.66,-3.96
USA,Asia,Coal,2023,Terawatt-hours (TWh),38048,24717,10292,9290,60.64,1514.8,8494.49,1006.13,77.65,4.24
USA,South America,Nuclear,2017,Terawatt-hours (TWh),29398,12931,12769,16293,12.51,4169.66,17446.85,662.08,143.88,5.31
USA,Asia,Natural Gas,2021,Terawatt-hours (TWh),7904,14453,12600,14496,25.31,358.27,20109.82,951.81,64.58,-3.08
USA,Africa,Hydro,2021,Terawatt-hours (TWh),13306,42165,14729,19168,22.97,255.03,21492.41,727.52,102.9,2.39
USA,Oceania,Wind,2019,Terawatt-hours (TWh),21161,25419,2701,8312,7.69,3268.05,18191.76,1091.66,271.43,5.36
USA,Europe,Solar,2017,Terawatt-hours (TWh),18358,16179,3712,9693,53.43,2945.59,24384.83,1100.28,111.72,4.11
USA,Oceania,Wind,2024,Terawatt-hours (TWh),31316,18826,3907,19231,68.76,1065.3,23187.77,861.27,360.73,5.19
USA,Africa,Nuclear,2022,Terawatt-hours (TWh),13350,30583,11056,1117,55.6,2554.61,15288.18,888.58,136.61,0.84
USA,North America,Nuclear,2017,Terawatt-hours (TWh),14481,26925,10246,11849,53.67,1130.54,3927.3,1239.69,167.18,8.84
USA,North America,Coal,2017,Terawatt-hours (TWh),6065,2076,8377,16127,67.71,3886.21,18421.49,1429.49,388.96,-3.31
USA,North America,Hydro,2019,Terawatt-hours (TWh),7017,13776,14970,15095,63.67,3101,16810.95,795.61,213.49,1.62
USA,Africa,Wind,2017,Terawatt-hours (TWh),6485,29655,12473,15380,20.18,3036.3,2232.3,516.75,192.58,0.1
USA,North America,Solar,2021,Terawatt-hours (TWh),40727,36090,6226,11183,11.75,484.41,4534.99,1446.97,141.76,1.88
USA,North America,Hydro,2015,Terawatt-hours (TWh),28292,30823,12538,9637,11.65,722.2,17936.84,357.18,171.57,9.61
USA,Africa,Oil,2017,Terawatt-hours (TWh),43822,18970,11543,13580,15.18,624.65,20544.47,1379.93,124.83,2.7
USA,Europe,Natural Gas,2019,Terawatt-hours (TWh),38464,35446,10668,2038,37.26,1203.71,18715.14,1459.86,293.93,2.24
USA,Oceania,Coal,2024,Terawatt-hours (TWh),27269,11343,8102,13005,43.79,2230.37,2906.94,1392.4,139.49,-1.69
USA,Oceania,Hydro,2016,Terawatt-hours (TWh),32645,45329,3844,4763,5.82,4274.79,5919.4,808.05,261.75,3.31
USA,Oceania,Solar,2022,Terawatt-hours (TWh),38075,10339,732,16921,9.76,3892.21,8985.27,1374.97,202.07,-3
USA,Europe,Natural Gas,2023,Terawatt-hours (TWh),42441,33514,13045,9491,57.21,3238.76,23367,41.71,205.6,4.2
USA,North America,Coal,2016,Terawatt-hours (TWh),23473,15956,9591,6341,22.41,4989.71,18647.3,658.72,385.44,-2.09
USA,Oceania,Oil,2024,Terawatt-hours (TWh),12515,20786,13314,19612,31.96,1845.2,13430.15,932.24,93.77,8.59
USA,Europe,Coal,2023,Terawatt-hours (TWh),12391,36071,14724,13245,49.36,3294.11,23581.91,279.89,259.93,5.27
USA,South America,Solar,2022,Terawatt-hours (TWh),35446,18490,13630,15045,18.69,4995.59,12024.1,1161.14,237.17,1.81
USA,Asia,Wind,2023,Terawatt-hours (TWh),35955,46516,977,3244,31.88,1680.86,6023.56,1074.43,63.24,5.81
USA,Europe,Nuclear,2018,Terawatt-hours (TWh),34122,36565,8651,16762,38.57,3447.86,8204.75,1175.75,225.15,-0.23
USA,Oceania,Nuclear,2019,Terawatt-hours (TWh),45767,22259,4955,19410,52.67,3450.67,13879.28,402.91,343.21,7.24
USA,Europe,Solar,2024,Terawatt-hours (TWh),21346,39215,1446,10489,27.83,4769.37,15709.04,624.67,214.44,3.62
USA,Asia,Oil,2024,Terawatt-hours (TWh),13717,31964,5913,16438,20.96,2775.65,11653.49,179.87,71.33,3.8
USA,Asia,Natural Gas,2024,Terawatt-hours (TWh),39195,42769,14012,13357,58.23,321.12,23101.52,1153.63,189.39,8.21
USA,Europe,Solar,2024,Terawatt-hours (TWh),9645,1752,6283,14053,61.56,2637.16,6805.42,1100.62,218.35,8.37
USA,North America,Oil,2021,Terawatt-hours (TWh),16725,45691,12929,1123,26.94,4748.87,17389.27,1307.61,96.7,-0.32
USA,Africa,Solar,2017,Terawatt-hours (TWh),27441,8409,3044,18413,41.31,3520.42,9708.13,378.3,306.26,2.87
USA,South America,Solar,2015,Terawatt-hours (TWh),6105,45133,10521,412,22.12,846.42,63.95,524,158.2,5.58
USA,North America,Coal,2019,Terawatt-hours (TWh),31071,49705,13691,6693,23.68,2621.71,14588.15,303.26,154.88,5.51
USA,North America,Coal,2019,Terawatt-hours (TWh),23337,21099,11480,7004,19.56,2184.01,10363.45,161.05,335.34,-2.63
USA,Oceania,Oil,2020,Terawatt-hours (TWh),37641,33950,5882,19853,69.35,1043.53,19080.3,394.61,275.83,2.27
USA,South America,Oil,2019,Terawatt-hours (TWh),11733,38468,519,9013,47.61,3551.74,5976.09,178.06,191.57,6.92
USA,North America,Coal,2021,Terawatt-hours (TWh),41918,35703,3406,8845,21.99,2538.4,7681.63,788.52,337.59,-2.16
USA,Asia,Oil,2017,Terawatt-hours (TWh),44872,50196,7037,10724,25.36,4494.39,8034.11,451.19,160.91,6.97
USA,Asia,Nuclear,2019,Terawatt-hours (TWh),29657,51103,2614,13625,32.41,3391.13,19731.73,1410.07,92.47,5.94
USA,Africa,Natural Gas,2023,Terawatt-hours (TWh),6021,35615,11523,6574,43.41,1218.53,5303.11,1422.7,64.49,8.78
USA,South America,Wind,2018,Terawatt-hours (TWh),24824,47519,11157,303,34.89,3132.46,10268.75,469.51,398.97,-3.08
USA,Asia,Solar,2015,Terawatt-hours (TWh),37924,33425,7993,19795,16.77,4408.04,18580.93,581.98,203.84,4.52
USA,North America,Natural Gas,2019,Terawatt-hours (TWh),3165,17434,8764,9552,28.7,4595.49,12646.25,508.27,260.59,-0.61
USA,North America,Solar,2016,Terawatt-hours (TWh),36812,29892,14955,284,41.33,3792.49,21092.72,831.32,115.91,4.8
USA,Europe,Wind,2017,Terawatt-hours (TWh),42914,10588,4132,2413,37.68,3798.68,5515.99,350.57,297.37,4.99
USA,Europe,Natural Gas,2023,Terawatt-hours (TWh),21144,10055,11877,10237,22.13,2397.39,11156.12,677.55,288.49,-1.08
USA,South America,Nuclear,2017,Terawatt-hours (TWh),19824,43527,215,14950,58.21,693.48,15010.85,1147.37,219.33,4.77
USA,Europe,Wind,2023,Terawatt-hours (TWh),36639,21750,11570,15265,43.13,1343.23,23741.83,802.51,79.27,6.56
USA,Africa,Wind,2018,Terawatt-hours (TWh),10616,48944,7750,13602,24.6,2001.7,9108.86,487.43,232.36,-0.91
USA,North America,Oil,2024,Terawatt-hours (TWh),22497,35373,14116,9876,63.2,3391.89,3262.79,400.83,273.83,2.52
USA,North America,Natural Gas,2016,Terawatt-hours (TWh),34021,29156,12445,6419,32.4,3009.73,6960.12,880,211.54,-4.9
USA,Oceania,Wind,2023,Terawatt-hours (TWh),2081,12257,7296,2361,37.9,3479.82,24613.64,102.8,310.28,4.95
USA,South America,Solar,2015,Terawatt-hours (TWh),34986,8264,2828,10728,18.18,1309.59,10566.54,1470.52,123.93,6.84
USA,Europe,Wind,2023,Terawatt-hours (TWh),22194,49304,2006,17989,68.66,4683.06,11858.97,170.83,222.95,2.58
USA,South America,Wind,2017,Terawatt-hours (TWh),46022,1007,6062,18879,42.72,2608.28,1314.98,973.15,51.68,8.02
USA,Oceania,Solar,2019,Terawatt-hours (TWh),46288,30108,410,2444,25.49,3644.83,14587.06,1465.59,157.87,6.65
USA,South America,Wind,2020,Terawatt-hours (TWh),48908,30019,823,8187,62.35,4198.67,11650.08,189.45,268.34,-2.86
USA,Asia,Oil,2018,Terawatt-hours (TWh),48729,34532,7876,18979,43.05,1199.26,22791.51,475.75,183.26,7.14
USA,Oceania,Hydro,2017,Terawatt-hours (TWh),8794,40713,12306,17227,26.62,204.95,8826.35,476.15,360.39,4.81
USA,Oceania,Solar,2017,Terawatt-hours (TWh),48382,19058,230,6564,38.22,1655.27,23214.2,1098.16,344.3,6.33
USA,Africa,Solar,2022,Terawatt-hours (TWh),37969,4133,11775,10567,55.89,1759.81,19785.98,880.87,166.11,5.29
USA,North America,Wind,2016,Terawatt-hours (TWh),14560,11824,10510,9868,35.72,3018.81,10915.74,1487.12,232.35,-0.12
USA,Oceania,Coal,2016,Terawatt-hours (TWh),14107,38954,14547,13436,63.42,3623.99,3985.2,652.5,118.63,6.85
USA,North America,Coal,2022,Terawatt-hours (TWh),49364,27886,5506,19077,19.73,260.34,21994.49,263.53,215.8,-1.64
USA,Africa,Oil,2015,Terawatt-hours (TWh),20273,22984,10486,12985,39.52,3221.68,7800.23,608.26,169.61,-3.05
USA,Africa,Nuclear,2019,Terawatt-hours (TWh),3462,44213,11559,12965,50.81,4416.42,12666.19,69.25,388.32,0.92
USA,South America,Wind,2022,Terawatt-hours (TWh),45821,38008,616,5825,61.46,1321.36,23163.58,496.94,85.72,6.34
USA,North America,Coal,2017,Terawatt-hours (TWh),6191,29253,14194,8847,56.96,2270.48,15832.75,800.47,82.43,-1.61
USA,Europe,Solar,2015,Terawatt-hours (TWh),4032,2680,1904,8541,32.57,2585.62,15634.41,944.56,283.13,9.9
USA,Europe,Nuclear,2017,Terawatt-hours (TWh),43614,4967,4999,645,48.9,3479.86,17907.54,657.98,312.78,-3.36
USA,South America,Nuclear,2015,Terawatt-hours (TWh),23400,5709,8670,11023,67.94,2759.15,2678.68,252.09,272.38,-4.56
USA,North America,Coal,2024,Terawatt-hours (TWh),625,34339,6746,5321,46.44,3064.45,17590.31,1434.4,97.93,7.14
USA,Oceania,Nuclear,2021,Terawatt-hours (TWh),12634,39804,13828,7326,9.89,989.13,21153.58,498.67,194.87,-0.61
USA,Africa,Wind,2021,Terawatt-hours (TWh),15558,10431,14565,7776,45.18,152.33,561.97,229.58,372.03,0.82
USA,Africa,Solar,2019,Terawatt-hours (TWh),19158,1045,8487,19509,22.31,2568.74,21633.74,301.8,95.87,-1.45
USA,Oceania,Nuclear,2020,Terawatt-hours (TWh),14878,13115,2882,2714,19.39,1230.93,2059.11,1193.11,346.2,9.46
USA,Asia,Solar,2017,Terawatt-hours (TWh),7471,31500,11681,3790,13.68,3218.67,2186.44,1038.71,285.96,6.1
USA,Africa,Wind,2016,Terawatt-hours (TWh),32753,28493,10437,2264,50.67,2681.11,21318.38,576.4,256.25,-4.32
USA,Asia,Oil,2017,Terawatt-hours (TWh),46125,29854,4068,15196,58.99,3583.25,13777.66,1190.11,297.26,6.25
USA,Africa,Natural Gas,2022,Terawatt-hours (TWh),32920,17137,10141,5513,30.95,4537.75,3397.08,996.17,163.66,2.64
USA,Oceania,Solar,2024,Terawatt-hours (TWh),22507,25030,11180,19181,47.9,606.94,7988.13,11.61,117.39,5.37
USA,South America,Nuclear,2018,Terawatt-hours (TWh),2387,28122,6842,1781,58.01,3850.2,5368.37,1296.75,385.52,9.93
USA,Africa,Oil,2017,Terawatt-hours (TWh),12475,50305,8533,13412,17.79,2944.79,10117.4,736.2,181.3,0.3
USA,North America,Natural Gas,2020,Terawatt-hours (TWh),19948,12281,4723,19753,25.69,3886.35,1786.3,574.25,285.49,-2.69
USA,Africa,Hydro,2018,Terawatt-hours (TWh),31502,29155,709,13610,63.62,1018.79,10660.52,56.02,54.57,4.64
USA,Oceania,Nuclear,2019,Terawatt-hours (TWh),9361,31431,4590,3594,35.71,1953.64,13366.71,384.76,117.37,7.67
USA,Africa,Natural Gas,2017,Terawatt-hours (TWh),4394,19705,2716,6041,19.87,950.09,5449.5,1186.97,348.13,-1.91
USA,Europe,Solar,2021,Terawatt-hours (TWh),39758,2787,4412,12832,46.42,3576,8682.5,898.24,50.46,4.87
USA,Africa,Wind,2021,Terawatt-hours (TWh),4728,5225,2796,8205,67.74,963.94,24693,297.94,107.73,-2.96
USA,Europe,Oil,2022,Terawatt-hours (TWh),12605,17292,11882,14333,62.8,2879.74,3861.26,49.1,238.32,6.5
USA,Europe,Nuclear,2017,Terawatt-hours (TWh),17083,34715,9162,2253,52.13,837.3,16084.38,1253.99,183.45,4.77
USA,South America,Hydro,2022,Terawatt-hours (TWh),38065,36825,14617,4833,55.28,1710.45,8532.53,1101.07,65.59,5.17
USA,Europe,Hydro,2023,Terawatt-hours (TWh),4291,37262,12855,6998,37.1,2025.77,5894.46,983.83,261.88,-1.97
USA,Europe,Nuclear,2019,Terawatt-hours (TWh),47675,7641,13901,16257,24.59,3771.35,13691.92,590.22,187.64,-3.39
USA,Europe,Nuclear,2018,Terawatt-hours (TWh),47723,29082,10286,8844,52.89,2846.51,20089.43,1313.03,208.99,7.25
USA,Asia,Solar,2022,Terawatt-hours (TWh),19040,36996,7202,91,39.62,225.35,23631.91,318.77,117.67,2.57
USA,Oceania,Solar,2021,Terawatt-hours (TWh),45110,42260,13313,16602,7.21,759.12,8130.17,187.72,206.7,2.26
USA,Oceania,Hydro,2023,Terawatt-hours (TWh),25794,11559,9107,7374,29.96,1329.24,1319.57,286.92,186.7,-4.4
USA,South America,Hydro,2019,Terawatt-hours (TWh),1215,1192,1365,4237,38.65,3612.78,11193.44,1112.94,181.4,4.23
USA,South America,Wind,2018,Terawatt-hours (TWh),27317,34553,13659,5675,19.95,2941.47,20227.29,1390.08,323.82,-4.16
USA,North America,Coal,2016,Terawatt-hours (TWh),34318,28968,10954,6787,25.16,3840.42,3863.05,1336.51,282.78,5.86
USA,Europe,Solar,2015,Terawatt-hours (TWh),2557,15605,8403,2749,28.81,2594.13,6694.06,450.86,391.89,8.14
USA,Oceania,Wind,2015,Terawatt-hours (TWh),10037,17084,5135,15031,59.93,897.99,371.8,174.55,109.19,-0.94
USA,Oceania,Natural Gas,2015,Terawatt-hours (TWh),17960,29730,878,19588,52.42,2025.05,471.03,202.84,211.42,-2.91
USA,Oceania,Oil,2021,Terawatt-hours (TWh),24487,18023,8785,13990,13.85,1714.4,5127.53,871.05,366.67,9.68
USA,Oceania,Solar,2017,Terawatt-hours (TWh),22384,40710,8890,10923,54.26,2638.96,9995.45,434.8,96.62,0.71
USA,Asia,Coal,2016,Terawatt-hours (TWh),13552,37597,1820,9599,36.62,1415.46,8067.53,1234.58,283.88,6.35
USA,Asia,Solar,2022,Terawatt-hours (TWh),17051,51773,6572,1800,26.36,3177.47,12405,1163.74,161.57,7.84
USA,South America,Hydro,2021,Terawatt-hours (TWh),45467,22569,7810,18487,20.52,3793.68,21828.67,804.57,65.25,-0.32
USA,North America,Natural Gas,2023,Terawatt-hours (TWh),20894,15988,10149,1271,8.27,4156.83,10458.63,1312.81,207.99,1.12
USA,Asia,Solar,2015,Terawatt-hours (TWh),47478,10370,2115,3771,28.28,2155.79,5520.83,594.61,254.94,-3.04
USA,North America,Solar,2016,Terawatt-hours (TWh),45130,16319,1806,18534,47.13,1005.86,11806.52,611,302.33,5.22
USA,North America,Nuclear,2023,Terawatt-hours (TWh),48832,49603,10183,15421,25.54,2815.53,22413.68,329.7,202.58,6.82
USA,North America,Oil,2016,Terawatt-hours (TWh),38202,3915,5493,16930,65.03,4598.22,11441.81,1249.09,272.23,1.18
USA,South America,Coal,2022,Terawatt-hours (TWh),28035,3730,8223,9943,8.31,2524.72,11518.19,1178.14,233.31,1.83
USA,Africa,Natural Gas,2019,Terawatt-hours (TWh),33307,34842,4650,4824,5.32,3646.74,13373.4,459.77,364.49,8.05
USA,Asia,Coal,2015,Terawatt-hours (TWh),12318,35880,12558,10606,46.3,803.97,18735.25,304.19,370.88,2.36
USA,North America,Coal,2015,Terawatt-hours (TWh),44539,608,10522,2283,55.23,4125.35,17079.63,539.24,397.53,4.21
USA,Oceania,Nuclear,2016,Terawatt-hours (TWh),15837,21227,11563,14823,49.38,2025.73,15192.75,1403.76,309.28,-2.46
USA,Europe,Nuclear,2018,Terawatt-hours (TWh),7280,19891,4942,9357,31.52,4412.75,16227.35,450.28,285.88,4.46
USA,South America,Oil,2024,Terawatt-hours (TWh),10504,13736,8605,10150,27.77,769.45,19188.77,1198.9,296.22,5.14
USA,Africa,Nuclear,2019,Terawatt-hours (TWh),28768,26517,11071,11885,48.08,4396.26,22653.65,177.75,241.36,-1.34
USA,North America,Oil,2018,Terawatt-hours (TWh),17456,23579,12681,17368,23.13,1226.56,10565.64,691.71,397.83,4.62
USA,Europe,Hydro,2016,Terawatt-hours (TWh),45055,32153,8141,13066,24.8,4123.53,14120.97,957.73,104.16,-3.64
USA,South America,Solar,2015,Terawatt-hours (TWh),9349,22778,222,9644,47.93,2953.69,16448.58,673.04,365.36,7.95
USA,Europe,Nuclear,2017,Terawatt-hours (TWh),5236,14081,5217,11660,39.32,2895.72,15867.55,1181.12,131.59,-4.15
USA,Asia,Solar,2023,Terawatt-hours (TWh),42755,24325,8756,4558,16.54,540,8833.19,114.85,149.29,2.67
USA,Europe,Oil,2020,Terawatt-hours (TWh),49171,47053,4342,18018,41.31,4952.43,16866.8,347.99,312.41,4.85
USA,Europe,Oil,2018,Terawatt-hours (TWh),10176,16985,10704,16895,55.06,2542.61,3360.35,602.5,315.39,-4.43
USA,Europe,Natural Gas,2019,Terawatt-hours (TWh),11267,39615,9684,16601,36,844.15,2589.59,225.59,54.1,8.64
USA,Africa,Oil,2021,Terawatt-hours (TWh),10654,13093,8835,10410,46.1,789.88,1249.32,481.02,147.59,7.36
USA,South America,Wind,2023,Terawatt-hours (TWh),34661,33805,10740,3060,24.05,2541.89,13332.93,1308.97,137.35,-1.31
USA,Africa,Wind,2016,Terawatt-hours (TWh),8429,42644,5185,12944,5.8,4346.75,13241.34,338.27,110.35,-2.05
USA,North America,Oil,2024,Terawatt-hours (TWh),30474,21216,9577,10960,31.55,1506.95,4060.71,790.79,331.27,7.08
USA,Africa,Nuclear,2020,Terawatt-hours (TWh),45523,26425,10458,16627,30.54,4828.84,11539.34,62.14,67.76,6.09
USA,North America,Oil,2017,Terawatt-hours (TWh),28312,46484,4904,7576,19.74,4393.8,19130.64,739.45,177.25,-3.52
USA,Oceania,Solar,2017,Terawatt-hours (TWh),35909,47610,7724,15787,32.94,4853.4,21013.83,71.58,286.33,7.4
USA,Asia,Natural Gas,2023,Terawatt-hours (TWh),23524,22713,9750,11014,27.47,576.82,17247.56,458.94,277.37,1.67
USA,South America,Oil,2016,Terawatt-hours (TWh),20841,27487,12071,11885,27.32,2407.74,17123.24,1352.29,178.06,8.73
USA,Europe,Hydro,2015,Terawatt-hours (TWh),10007,5363,13078,1982,44.81,1038.08,17807.34,744.39,183.07,4.57
USA,Africa,Nuclear,2016,Terawatt-hours (TWh),5124,39994,3731,5649,49.05,1927.77,15109.17,684.31,91.55,1.81
USA,South America,Natural Gas,2022,Terawatt-hours (TWh),23603,4485,10384,11973,20.41,192.7,10695.81,1165.61,290.4,0.01
USA,South America,Nuclear,2016,Terawatt-hours (TWh),5903,32625,13632,7945,44.23,3948.72,3784.18,31.53,335.54,-3.16
USA,Asia,Natural Gas,2020,Terawatt-hours (TWh),48495,14048,10046,17961,55.44,1561.93,7268.13,611.8,245.76,4.75
USA,North America,Solar,2021,Terawatt-hours (TWh),36616,45202,14370,2467,61.47,847.09,8199.53,1471.28,151,4.21
USA,North America,Wind,2018,Terawatt-hours (TWh),8685,26851,8562,10126,56.43,4163.33,7034.09,569.09,168.31,2.6
USA,Africa,Hydro,2023,Terawatt-hours (TWh),8708,4576,10426,16161,61.56,1583.4,10281.55,1288.24,201.19,8.07
USA,Oceania,Natural Gas,2019,Terawatt-hours (TWh),32767,19963,9280,11232,47.4,480.01,22277.14,971.73,183.12,1.32
USA,North America,Solar,2021,Terawatt-hours (TWh),33059,47396,4824,4403,41.62,190.34,5475.09,1451.21,138.11,-3.46
USA,Asia,Wind,2015,Terawatt-hours (TWh),31862,37234,10065,7990,49.49,1275.89,20557.83,1284.67,148.08,9.59
USA,Africa,Nuclear,2023,Terawatt-hours (TWh),32880,21146,12499,11447,21.65,3839.28,17231.66,25.88,382.77,-0.26
USA,Europe,Hydro,2022,Terawatt-hours (TWh),41784,31804,9965,17008,59.14,1886.69,4560.97,14.08,127.08,-0.25
USA,Europe,Hydro,2021,Terawatt-hours (TWh),32309,27164,12280,19039,33.25,2684.75,9317.93,293.95,163.36,-1.22
USA,Africa,Solar,2016,Terawatt-hours (TWh),13930,22867,11126,16820,25.33,906.08,17600.47,468.67,386.1,7.12
USA,South America,Wind,2017,Terawatt-hours (TWh),19142,47775,11082,10943,6.81,500.45,18801.14,1072.46,209.1,4.05
USA,South America,Coal,2023,Terawatt-hours (TWh),33100,46532,13557,9245,50.31,4229.17,4030.65,536.49,307.83,-0.07
USA,North America,Nuclear,2018,Terawatt-hours (TWh),38209,42158,10354,18719,48.33,3672.42,1884.76,9.51,383.92,8.06
USA,North America,Coal,2024,Terawatt-hours (TWh),9152,10285,6652,16659,7.27,4816.02,2790.13,519.68,147.47,-0.3
USA,Africa,Wind,2021,Terawatt-hours (TWh),15230,7514,1909,17988,65.52,1709.94,9511.7,146.49,315.01,8.88
USA,Asia,Hydro,2020,Terawatt-hours (TWh),7275,29649,9896,1691,59.39,4762.13,23109.92,501.24,210.14,-0.02
USA,Asia,Wind,2018,Terawatt-hours (TWh),24490,41899,309,6674,59.97,4527.24,926.95,1299.21,393.98,5.23
USA,North America,Wind,2021,Terawatt-hours (TWh),37613,3522,9797,18000,50.5,1959.22,1643.19,1251.89,229.69,0.69
USA,Asia,Coal,2015,Terawatt-hours (TWh),4686,2223,10142,6301,39.01,1350.61,1946.9,575.33,372.51,6.42
USA,Europe,Nuclear,2016,Terawatt-hours (TWh),41629,24624,10205,14542,32.63,419.31,2643.4,1473.59,238.23,6.89
USA,South America,Coal,2020,Terawatt-hours (TWh),7011,36181,11804,4517,10.35,447.63,695.81,1470.59,69.3,5.54
USA,North America,Solar,2020,Terawatt-hours (TWh),31639,4230,258,11718,32.69,596.19,5628.66,1291.66,330.85,1.4
USA,Africa,Hydro,2021,Terawatt-hours (TWh),4034,10681,1563,2304,16.95,321.22,15767.78,561.18,195.61,9.46
USA,Asia,Coal,2016,Terawatt-hours (TWh),27858,25474,9399,648,34.95,3876.95,11726.4,307.94,260.16,2.79
USA,Asia,Natural Gas,2018,Terawatt-hours (TWh),23022,48558,5719,10223,49.09,2895.2,14951.71,324.33,309,9.89
USA,North America,Natural Gas,2020,Terawatt-hours (TWh),35597,44966,5944,6046,11.7,1318.97,3191.58,1153.75,274.38,4.47
USA,Asia,Solar,2024,Terawatt-hours (TWh),17102,45841,7328,13128,5.92,2898.22,12070.85,159.25,78.95,-3.22
USA,South America,Natural Gas,2015,Terawatt-hours (TWh),24036,5310,5190,8826,35.03,1926.47,778.45,1301.94,324.88,7.85
USA,North America,Coal,2020,Terawatt-hours (TWh),42342,41866,3357,8067,64.39,2794.25,23087.35,240.23,86.15,5.18
USA,Oceania,Solar,2018,Terawatt-hours (TWh),11391,45374,13561,11479,55.53,1940.24,17048.72,468.92,115.15,1.37
USA,Europe,Natural Gas,2020,Terawatt-hours (TWh),45974,7640,7219,17811,34.42,417.68,15753.06,1109.49,275.37,-4.75
USA,Asia,Hydro,2019,Terawatt-hours (TWh),47583,51486,12251,18381,8.9,4643.9,12923.97,145.64,260.12,2.62
USA,Asia,Wind,2017,Terawatt-hours (TWh),23575,36462,7410,4216,19.58,3502.72,23108.09,1001.6,193.83,5.9
USA,North America,Coal,2015,Terawatt-hours (TWh),7031,14201,165,3706,65.39,1156.41,22146.8,830.58,318.8,-2.11
USA,North America,Coal,2018,Terawatt-hours (TWh),40523,48603,8079,19928,64.95,3738.17,4468.41,350.96,189.76,0.97
USA,North America,Oil,2016,Terawatt-hours (TWh),33318,28579,9448,3443,7.93,3578.78,8362.61,423.04,155.15,-3.58
USA,Asia,Oil,2019,Terawatt-hours (TWh),16426,22534,13240,15648,43.01,1856.21,17364.98,412.44,164.43,-4.15
USA,Africa,Nuclear,2020,Terawatt-hours (TWh),1860,8590,4340,12274,40.27,2994.38,8977.42,1009.22,266.71,4.97
USA,Oceania,Oil,2018,Terawatt-hours (TWh),45196,4750,209,7930,52.95,2373.75,20904.25,1155.58,397.55,-3
USA,North America,Wind,2020,Terawatt-hours (TWh),33525,42418,3745,3408,14.26,4684.77,18606.75,893.39,319.82,0.32
USA,North America,Nuclear,2022,Terawatt-hours (TWh),47748,27547,12231,2111,64.42,273.75,13034.18,1271.24,360.19,-2.87
USA,Europe,Oil,2016,Terawatt-hours (TWh),14684,39306,8680,7001,21.05,3630.15,11117.55,1233.17,334.05,-4.49
USA,Oceania,Solar,2020,Terawatt-hours (TWh),8144,39618,12293,7879,43.13,4547.05,14325.41,595.95,64.68,-2.41
USA,North America,Nuclear,2022,Terawatt-hours (TWh),16302,3405,14400,5965,45.04,4258.8,10919.48,777.91,74.98,9.9
USA,Asia,Natural Gas,2018,Terawatt-hours (TWh),24601,42112,13688,5307,67.4,2681.89,14154.47,263.32,128.45,9.73
USA,Africa,Nuclear,2019,Terawatt-hours (TWh),41871,44349,6527,6134,42.41,477.81,21763.45,744.49,137.26,-3.61
USA,Europe,Solar,2017,Terawatt-hours (TWh),37136,34880,10671,3122,59.07,1973.35,14424.69,975.64,56.76,3.44
USA,Asia,Oil,2018,Terawatt-hours (TWh),14235,19174,2390,11581,62.59,2129.5,7484.95,584.85,83.44,5.3
USA,South America,Coal,2018,Terawatt-hours (TWh),27983,19498,9716,5861,65.54,862.18,10759.32,780.52,281.08,4.33
USA,North America,Solar,2018,Terawatt-hours (TWh),41345,17079,4271,18725,34.11,2807.09,8351.28,997.59,249.88,-0.13
USA,South America,Hydro,2016,Terawatt-hours (TWh),24743,21357,12201,13065,33.93,584.39,4082.5,233.84,84.47,-4.94
USA,Europe,Oil,2020,Terawatt-hours (TWh),11050,33388,4756,17503,19.6,467.9,1183.38,561.26,111.08,-3.33
USA,North America,Hydro,2020,Terawatt-hours (TWh),41410,1598,11,12582,65.63,1443.71,17844.14,578.72,122.67,-2.94
USA,North America,Nuclear,2017,Terawatt-hours (TWh),23261,43705,6609,15590,45.56,1313.88,14623.27,121.18,81.19,9.75
